time,open,high,low,close,SPX,USO,XAG,EURUSD
867880800,332.1,333.05,323.6,325.2,916.92,,,
867967200,325.05,326,322.7,324.45,916.92,,,
868226400,323.33,324.45,313.9,317.95,912.2,,,
868312800,317.95,322.7,317.6,319.8,918.75,,,
868399200,318.6,320.4,315.5,318.2,907.54,,,
868485600,318.1,321.3,318.1,319.85,913.78,,,
868572000,319.8,322.2,318.9,321.3,916.68,,,
868831200,321.3,322.3,319.4,319.9,918.38,,,
868917600,319.65,321.3,318,318,925.76,,,
869004000,317.9,321.45,316.7,318,936.59,,,
869090400,318.1,324.2,317.95,323.7,931.61,,,
869176800,323.15,330.1,322.4,328.9,915.3,,,
869436000,327.75,328.45,325.4,325.6,912.94,,,
869522400,325.35,329.3,324.8,325.2,933.98,,,
869608800,323.7,325,322.95,322.95,936.56,,,
869695200,322.95,328.8,320.5,323.33,940.28,,,
869781600,323.7,327.15,323.3,325.95,938.79,,,
870040800,325.65,329.5,324.85,328.58,936.45,,,
870127200,327.95,328.65,325,325.9,942.29,,,
870213600,325.9,328.2,325.45,326,952.29,,,
870300000,325.99,327.2,323.5,324.5,954.31,,,
870386400,324.55,325.6,323.6,324.7,947.14,,,
870645600,324.55,325.2,323.45,323.9,950.3,,,
870732000,323.85,323.95,318.5,320.6,952.37,,,
870818400,320.2,320.3,317.45,318.5,960.32,,,
870904800,318.49,323,318.1,321.9,951.19,,,
870991200,321.5,328,320.97,327.1,933.54,,,
871250400,326.45,329.6,325.65,328.4,937,,,
871336800,327.25,328.35,325,327,926.53,,,
871423200,327.2,328.95,325.9,326.8,922.02,,,
871509600,327,328.2,323.1,324.4,924.77,,,
871596000,323.8,328.6,323.2,326,900.81,,,
871855200,326.33,327.05,321,321.4,912.49,,,
871941600,321.4,324.1,321.3,323.2,926.01,,,
872028000,322.7,323.28,320.7,321.4,939.35,,,
872114400,321.71,324.45,320.95,323.83,925.05,,,
872200800,323.49,328.2,321.5,324.7,923.54,,,
872460000,325.05,325.2,323.9,324.65,920.16,,,
872546400,324.5,327.3,324.05,325.85,913.02,,,
872632800,325.7,326.25,324.2,325.4,913.7,,,
872719200,325.2,327,323.7,323.9,903.67,,,
872805600,324.45,326.12,323.7,324.1,899.47,,,
873064800,324.3,324.95,324.05,324.5,899.47,,,
873151200,324.5,325.15,321.85,322.45,927.58,,,
873237600,322.35,322.85,320.9,321.95,927.85,,,
873324000,322.15,322.6,320.5,321.3,930.87,,,
873410400,321.4,322.7,321,322.5,929.05,,,
873669600,322.45,322.55,320.5,321.9,931.2,,,
873756000,321.7,322,320.85,321.45,933.62,,,
873842400,321.15,321.8,320.6,321.4,919.03,,,
873928800,321.6,325.7,320.75,324.2,912.59,,,
874015200,324.05,325,322.7,323.7,923.91,,,
874274400,323.8,323.9,321.7,323.4,919.77,,,
874360800,322.8,323.7,319.9,320.7,945.64,,,
874447200,320.35,321.08,319.55,320.2,943,,,
874533600,320.79,321.5,320,320.6,947.29,,,
874620000,320.6,322.9,320.4,320.8,950.51,,,
874879200,320.8,321.5,320.2,320.9,955.43,,,
874965600,321.2,322,320.4,321.9,951.93,,,
875052000,321.6,324.1,320.9,323.2,944.48,,,
875138400,323.2,327.9,322.65,327.1,937.91,,,
875224800,326.55,327.4,324.65,326.7,945.22,,,
875484000,326.45,329.5,326.05,328.2,953.34,,,
875570400,327.95,335.4,327.2,334.4,947.28,,,
875656800,333.6,339.5,333.1,333.7,955.41,,,
875743200,333.6,334.2,330.7,331.4,960.46,,,
875829600,331.4,335.6,330.2,334.8,965.03,,,
876088800,334.5,334.8,331.9,332.5,972.69,,,
876175200,332.25,333.25,330.9,331.4,983.12,,,
876261600,331.2,334.1,330.65,333.2,973.84,,,
876348000,333.5,334.6,325.5,327.7,970.62,,,
876434400,327.4,330.2,326.9,329.6,966.98,,,
876693600,330.1,330.7,328,328.4,968.1,,,
876780000,328.7,328.8,327.1,327.9,970.28,,,
876866400,327.7,328.1,325.05,325.3,965.72,,,
876952800,326.75,327.8,325,325.8,955.25,,,
877039200,325.95,326.7,323.4,325.2,944.16,,,
877298400,325.1,325.15,323.3,323.6,955.61,,,
877384800,323.45,324.4,322.45,322.65,972.28,,,
877471200,322.5,323.9,322,322.4,968.49,,,
877557600,322.4,324.7,322.25,323.6,950.69,,,
877644000,323.7,323.7,308,308.95,941.64,,,
877906800,311,316.4,308.95,316.3,876.97,,,
877993200,316.2,316.95,312.2,313.8,921.85,,,
878079600,313.3,318.4,312.55,316.2,919.15,,,
878166000,316.4,317.9,310.2,311.4,903.68,,,
878511600,311.2,315.25,311,313.5,938.99,,,
878598000,313.4,316.6,311.2,313.9,940.76,,,
878684400,314.1,315.6,313.05,313.5,942.76,,,
878770800,313.85,314.2,311.12,312.4,938.03,,,
878857200,311.95,313.95,307.9,310.2,927.51,,,
879116400,310.2,311.2,308.55,309.95,921.13,,,
879202800,310.05,314.4,309.2,309.25,923.78,,,
879289200,309.5,310.55,307,307.2,905.96,,,
879375600,307.05,308.55,307.05,307.95,916.66,,,
879462000,308,308.7,299.2,303.3,928.35,,,
879721200,303.5,304.95,302.3,303.8,946.2,,,
879807600,303.8,306.9,303,306.2,938.23,,,
879894000,305.95,306.9,303.6,303.9,944.59,,,
879980400,303.85,304.1,302.5,303,958.98,,,
880066800,303.2,305.6,302.95,304.9,963.09,,,
880326000,304.8,306.35,302.5,302.8,946.67,,,
880412400,302.7,303.95,299.1,299.1,950.82,,,
880498800,298.3,299.45,294.7,296.5,951.64,,,
880585200,296.75,297.8,295.7,296.2,951.64,,,
880671600,295.95,297.2,295.35,296.95,955.4,,,
880930800,297.2,297.45,293,293.4,974.77,,,
881017200,293.3,295.7,292.7,293.5,971.68,,,
881103600,293.49,294.2,289.99,292.1,976.77,,,
881190000,292.2,292.3,285.9,285.9,973.1,,,
881276400,286.33,288.9,285.75,288.2,983.79,,,
881535600,288.1,289.1,287.25,287.5,982.37,,,
881622000,287.5,287.8,281.3,282.7,975.78,,,
881708400,283.1,288.4,282.4,286.95,969.79,,,
881794800,287.2,288.4,283.5,283.9,954.94,,,
881881200,284.05,285,281.9,282.8,953.39,,,
882140400,282.5,286.2,282.5,283.7,963.39,,,
882226800,283.75,286,282.7,284.9,968.04,,,
882313200,285.4,289.7,283.49,288.1,965.54,,,
882399600,288.2,291,285.9,286.95,955.3,,,
882486000,287.3,289.8,285.95,289,946.78,,,
882745200,289.6,291.6,289.2,291.6,953.7,,,
882831600,291.65,294.6,290.73,294,939.12,,,
882918000,294.2,296.8,293.85,296.4,932.7,,,
883004400,296.6,296.6,296.2,296.2,932.7,,,
883090800,296.4,296.4,294.3,294.6,936.46,,,
883350000,295.1,295.45,290.2,290.7,953.36,,,
883436400,290.8,291.35,289.1,290.3,970.84,,,
883522800,290.3,291,286.9,289,970.43,,,
883609200,287.2,289.5,287.2,288.7,970.43,,,
883695600,288.35,288.6,287.2,288.2,975,,,
883954800,288.2,288.5,280.7,281.8,977.07,,,
884041200,281.7,284.45,280.4,280.8,966.58,,,
884127600,280.95,283.9,280.45,283.2,964,,,
884214000,283,284.2,278.4,281,956.04,,,
884300400,281.05,282.6,278.1,278.6,927.69,,,
884559600,279.08,279.5,277.7,278.1,939.21,,,
884646000,277.75,283.2,276.7,283.1,952.12,,,
884732400,283,286.7,281,281.4,957.94,,,
884818800,281.7,286.9,280.9,286.9,950.73,,,
884905200,287.35,293.2,286.9,290.1,961.51,,,
885164400,291.1,291.1,285.3,287.4,961.51,,,
885250800,287.2,292.5,286.4,291.4,978.6,,,
885337200,291.4,293.35,289.6,292.8,970.78,,,
885423600,292.92,295.3,289.7,290.7,963.04,,,
885510000,290.2,300.5,289.65,299.58,957.58,,,
885769200,298.45,305.2,296,297.45,956.95,,,
885855600,297.5,300.9,297.5,300.6,969.02,,,
885942000,300.45,306.3,296.9,305.33,977.46,,,
886028400,305.08,306.2,301.8,302.33,985.49,,,
886114800,302.58,305.1,299.8,302.4,980.28,,,
886374000,302.4,303.7,301.2,302.95,1001.27,,,
886460400,303.2,303.4,294.2,295.3,1006,,,
886546800,295.9,299.7,294.95,299.05,1006.9,,,
886633200,299.35,303.9,295.8,298.6,1003.54,,,
886719600,298.83,301.95,297.2,298.1,1012.45,,,
886978800,298.45,302,298,299.55,1010.74,,,
887065200,299.65,301.6,299.2,300.4,1019.01,,,
887151600,300.8,301.4,298.1,300.45,1020.01,,,
887238000,300.05,301.1,297.5,298.55,1024.14,,,
887324400,298.85,299.9,297.95,299.8,1020.09,,,
887583600,300.05,300.08,297.6,298.3,1020.09,,,
887670000,298.4,300.6,297,297.4,1022.76,,,
887756400,297.3,298.8,296.8,297.8,1032.06,,,
887842800,297.7,299.45,297.6,298.8,1028.28,,,
887929200,298.6,298.7,296.3,297.2,1034.21,,,
888188400,296.7,297.2,292.3,293.7,1038.14,,,
888274800,293.8,293.8,290.8,291.45,1030.56,,,
888361200,291.6,293.1,290.8,291.8,1042.9,,,
888447600,292.1,294.7,291.6,294.5,1048.67,,,
888534000,294.5,300.2,293.85,299.1,1049.34,,,
888793200,299.4,300.4,297.9,299.45,1047.7,,,
888879600,298.9,299.4,296.3,297.8,1052.02,,,
888966000,297.5,298.15,295.2,295.95,1047.33,,,
889052400,295.9,296.6,293,293.35,1035.04,,,
889138800,293.3,295.7,292.95,294.4,1055.69,,,
889398000,294.3,296,293.8,295.95,1052.31,,,
889484400,295.7,296.3,293.9,294.4,1064.25,,,
889570800,294.85,294.85,293.5,294.5,1068.47,,,
889657200,294.4,295.7,294.1,295.3,1069.92,,,
890002800,294.2,295.4,291.4,291.95,1079.27,,,
890089200,292.05,292.45,286.45,291.35,1080.45,,,
890175600,291.35,293.35,289.95,291.2,1085.52,,,
890262000,291,293.1,290.9,291.7,1089.74,,,
890607600,297.6,302,297.05,299.2,1095.55,,,
890694000,299.15,301.2,297.6,299.3,1105.65,,,
890780400,299.15,301.98,298.45,301.2,1101.92,,,
890866800,301.35,304.6,301.05,302.2,1100.8,,,
891212400,301.2,302.6,299.49,300.9,1093.55,,,
891298800,300.65,302.18,298.8,299.3,1101.75,,,
891385200,299.6,303.1,298.9,302.2,1108.15,,,
891471600,301.95,308.6,301.95,308.2,1120.01,,,
891813600,307.4,314.6,306.65,309,1121.39,,,
891900000,309.3,310,306.2,309.45,1109.55,,,
891986400,310,310.3,307.3,309.4,1101.65,,,
892072800,309.25,309.8,306.35,308.4,1110.67,,,
892159200,307.7,308.4,307.7,307.7,1110.67,,,
892418400,309.8,311.2,309.6,311.1,1109.69,,,
892504800,310.6,310.8,307.7,308.2,1115.75,,,
892591200,308.4,309.7,306.4,307.2,1119.32,,,
892677600,306.85,308.8,305.95,308.1,1108.17,,,
892764000,308.1,308.8,306.8,307.7,1122.72,,,
893023200,307.1,308.5,306.5,307.9,1123.65,,,
893109600,307.8,312.5,306.95,310.7,1126.34,,,
893196000,310.6,314.1,310.2,313.3,1130,,,
893282400,312.8,314.9,312.1,314,1119.58,,,
893368800,314.05,314.1,312,312.6,1107.9,,,
893628000,312.45,312.6,309.1,309.6,1086.54,,,
893714400,309.75,309.8,306.5,307.9,1085.11,,,
893800800,308,311.1,307.2,310.2,1094.62,,,
893887200,310.1,311.8,305.7,306.6,1111.77,,,
893973600,306.65,306.95,301.3,302.2,1121,,,
894232800,302.65,305.7,302.65,304.3,1122.07,,,
894319200,304.15,305,302.7,303.3,1115.65,,,
894405600,303.2,304.12,299.6,300.7,1104.92,,,
894492000,300.6,301.2,296.8,298.65,1095.14,,,
894578400,298.48,301.2,298.1,299.8,1108.14,,,
894837600,299.5,301.3,297.9,300.3,1106.64,,,
894924000,299.7,300.3,297.1,297.95,1115.79,,,
895010400,297.85,299.8,295.4,298.4,1118.86,,,
895096800,298.45,299.3,295.3,299,1117.37,,,
895183200,298.85,303.7,298.8,301.2,1108.73,,,
895442400,301.2,301.9,298.7,299.5,1105.82,,,
895528800,299.2,300.4,298.3,298.4,1109.52,,,
895615200,298.25,300.9,297.2,299.45,1119.06,,,
895701600,299.4,301.4,298.9,301.4,1114.64,,,
895788000,301.7,301.7,299.4,299.8,1110.47,,,
896047200,299.55,300.15,298.9,299.7,1110.47,,,
896133600,299.5,299.8,294.9,295.5,1094.02,,,
896220000,294.65,295.15,290.6,293.8,1092.23,,,
896306400,293.95,294.7,293,293.1,1097.59,,,
896392800,293.05,294.5,291.45,292.9,1090.82,,,
896652000,293.05,293.1,288.3,288.4,1090.98,,,
896738400,288.1,292,286.95,291.1,1093.03,,,
896824800,291.25,294.35,290.2,293.1,1082.73,,,
896911200,292.9,293.8,291.6,293.65,1094.83,,,
896997600,293.3,293.9,290.5,291.6,1113.86,,,
897256800,291.65,297.1,289.3,296.9,1115.72,,,
897343200,295.6,299,292.5,293.6,1118.41,,,
897429600,293.2,295.3,288.85,293.2,1112.28,,,
897516000,292.8,294.4,286.7,287,1094.58,,,
897602400,286.55,289,284.7,285.95,1098.84,,,
897861600,285.5,286.7,283.95,284.8,1077.01,,,
897948000,284.5,288.7,284.15,288.6,1087.59,,,
898034400,288.75,294.1,287.65,293.4,1107.1,,,
898120800,294.4,295.85,291.2,293.2,1106.37,,,
898207200,293.2,300.2,292,298.7,1100.65,,,
898466400,296.5,296.5,293.95,295.7,1103.22,,,
898552800,296.05,296.05,293.6,295,1119.49,,,
898639200,294.2,295,292.1,292.8,1132.88,,,
898725600,292.4,295.1,292,293.85,1129.28,,,
898812000,293.45,294.6,292.3,293.8,1133.2,,,
899071200,293.1,294.3,292.2,293.6,1138.49,,,
899157600,293.3,298,293.3,296.9,1133.84,,,
899244000,296.9,298.3,295.2,296.4,1148.56,,,
899330400,296.05,296.45,293.4,293.8,1146.42,,,
899416800,293.7,295.25,293.65,294.7,1146.42,,,
899676000,294.05,294.3,292.5,293.2,1157.31,,,
899762400,293.3,295.55,293,294.9,1154.66,,,
899848800,295.1,295.65,292.3,293.2,1166.37,,,
899935200,293.25,293.6,290.8,292.05,1158.56,,,
900021600,291.1,291.55,289.7,290.8,1164.33,,,
900280800,290.05,292.4,288.45,291.6,1165.19,,,
900367200,291.8,294.4,291.2,293.1,1177.58,,,
900453600,293.45,294.3,292.35,293.7,1174.81,,,
900540000,293.6,295.3,292.5,293.2,1184.02,,,
900626400,293.15,294.9,293.1,294.45,1186.75,,,
900885600,294.45,296.3,293.6,296,1184.1,,,
900972000,295.7,295.9,294.7,294.9,1165.07,,,
901058400,294.95,295.3,293.95,294.1,1164.08,,,
901144800,294.1,294.7,292.3,293.1,1139.75,,,
901231200,293.8,295.1,290.4,291.4,1140.8,,,
901490400,291.4,291.45,289.6,290.3,1147.27,,,
901576800,289.7,291.9,289.55,291.7,1130.24,,,
901663200,291.8,292.1,289.2,290,1125.21,,,
901749600,289.75,291.2,288.8,289.45,1142.86,,,
901836000,288.7,290.2,285.9,286.4,1120.67,,,
902095200,286.4,287.1,282.7,282.9,1112.44,,,
902181600,283.45,289.5,283.45,288.3,1072.12,,,
902268000,288.85,290.05,287.1,287.9,1081.43,,,
902354400,287.9,288.4,286.6,287.3,1089.63,,,
902440800,287.3,287.6,285.5,286.6,1089.45,,,
902700000,286.8,287.8,285.2,287.4,1083.14,,,
902786400,287.4,287.4,283.2,283.9,1068.98,,,
902872800,284,286.45,282.3,282.7,1084.22,,,
902959200,282.95,285.6,282.3,285.3,1074.91,,,
903045600,285.45,285.6,283.5,284,1062.75,,,
903304800,283.75,285.8,282.5,285,1083.67,,,
903391200,284.9,285.6,284.1,284.9,1101.2,,,
903477600,285.2,286.9,282.9,283.3,1098.06,,,
903564000,283.5,286.1,282.95,285.1,1091.6,,,
903650400,284.7,285.9,283.5,284.75,1081.18,,,
903909600,284.1,285.2,283.9,284.6,1088.14,,,
903996000,284.6,285,282.1,283,1092.86,,,
904082400,283,285.1,281,282.2,1084.19,,,
904168800,281.45,281.8,276.4,276.5,1042.59,,,
904255200,277,278.2,271.08,274.3,1027.25,,,
904514400,274.1,277.1,273.6,275.5,957.53,,,
904600800,277.3,279.6,276.7,278.8,994.24,,,
904687200,278.7,281.2,278.5,280.1,990.48,,,
904773600,280.1,286.6,278.4,284.9,982.26,,,
904860000,285.45,287.4,284.3,286.8,973.89,,,
905119200,286.8,289.2,286.8,288.4,973.89,,,
905205600,288.2,288.4,285.1,286,1023.46,,,
905292000,286.4,287.2,283.1,284.2,1006.2,,,
905378400,284.1,292.1,284.1,290.4,980.19,,,
905464800,291.1,296.9,290.1,293.7,1009.06,,,
905724000,292.62,293.3,289,290.3,1029.72,,,
905810400,289.55,292.5,289,289.9,1037.68,,,
905896800,289.4,289.75,287.4,287.8,1045.48,,,
905983200,288,291.45,286.65,291.4,1018.87,,,
906069600,291.45,292.5,289.3,291.4,1020.09,,,
906328800,290.6,293.7,287.9,288.9,1023.89,,,
906415200,288.3,289.8,287.6,287.8,1029.8,,,
906501600,287.7,289.8,287.35,289.7,1066.09,,,
906588000,289.65,294.8,289.65,294.1,1042.72,,,
906674400,294,299.9,293.7,294.1,1044.75,,,
906933600,293.86,296.2,291.9,295.8,1048.69,,,
907020000,295.8,297.45,293.4,294.6,1049.02,,,
907106400,294.9,297.7,293.4,296.9,1017.05,,,
907192800,296.55,301.3,296.05,299.8,986.39,,,
907279200,300.15,303.5,299.2,300.5,1002.6,,,
907538400,300.35,300.35,295.8,296.6,988.56,,,
907624800,296.2,297.7,294.1,296.2,984.59,,,
907711200,296.75,301.5,296.75,301.5,970.68,,,
907797600,301.45,304.8,299.3,299.5,959.44,,,
907884000,299.55,302.2,296.2,296.7,984.32,,,
908143200,296.95,297.95,294.7,296.2,997.71,,,
908229600,296.25,297.2,295.4,296.5,994.8,,,
908316000,296.6,297.25,294.7,296,1005.53,,,
908402400,295.95,299,295.3,298.65,1047.49,,,
908488800,299.98,300.9,297.4,299.9,1056.42,,,
908748000,300,300,296.1,296.1,1062.39,,,
908834400,296.15,296.95,294.7,296.2,1063.93,,,
908920800,296.55,297.2,294.7,295.2,1069.92,,,
909007200,295.1,295.3,291.5,292.5,1078.48,,,
909093600,292.9,293.6,291.8,292.8,1070.67,,,
909356400,292.05,293.7,292.05,293.6,1072.32,,,
909442800,293.65,294.55,292.35,293.05,1065.34,,,
909529200,293.05,294.6,292.75,293.6,1068.09,,,
909615600,293.5,294.3,291.9,292.5,1085.93,,,
909961200,292.7,293.4,289.8,289.95,1111.6,,,
910047600,289.85,290.6,287.85,289.4,1110.84,,,
910134000,289.5,291.6,288.7,290.7,1118.67,,,
910220400,290.75,294.6,290.3,293.6,1133.68,,,
910306800,293.7,294.7,292.2,293.15,1141.01,,,
910566000,292.8,293,292.2,292.7,1130.2,,,
910652400,292.45,294.15,291.7,293.2,1128.26,,,
910738800,293.25,294.6,292.8,293.3,1120.97,,,
910825200,293.1,297.6,292.95,296.9,1118.17,,,
910911600,296.65,297.6,295.2,295.8,1125.72,,,
911170800,295.8,295.8,294.4,294.6,1135.86,,,
911257200,294.7,294.95,293.5,294.05,1139.32,,,
911343600,294.3,298.15,293.95,297.08,1144.48,,,
911430000,297.45,298.25,295.3,295.7,1152.61,,,
911516400,295.75,297.1,295.2,296,1163.55,,,
911775600,296.2,296.75,295.2,296.45,1188.21,,,
911862000,296.4,297.1,295.6,296.15,1182.99,,,
911948400,296.2,297.3,295.4,296.55,1186.87,,,
912034800,296.5,296.7,295.85,296.5,1186.87,,,
912121200,296.1,297,295.35,296.15,1192.29,,,
912380400,296.1,296.4,292.95,293.15,1163.63,,,
912466800,293.2,294.6,292.6,293.7,1175.28,,,
912553200,293.7,294.8,292.8,293.15,1171.25,,,
912639600,293.1,293.5,291.4,292.15,1150.14,,,
912726000,292.1,293.1,291.8,292.4,1176.74,,,
912985200,292.1,297.2,292.05,294.84,1187.7,,,
913071600,295,295.5,293.1,293.65,1181.38,,,
913158000,293.8,295,292.95,293.6,1183.49,,,
913244400,294,295.6,293.9,294.3,1165.02,,,
913330800,294.6,295.7,289.5,290.8,1166.46,,,
913590000,291.1,292.3,290.2,291.3,1141.2,,,
913676400,291.55,293.4,291.2,292.8,1162.83,,,
913762800,292.8,295.7,292.65,295.7,1161.97,,,
913849200,295.35,296.2,290.9,291.7,1179.96,,,
913935600,291.7,292.7,288.6,289,1188.03,,,
914194800,290.15,290.4,288.3,288.9,1202.84,,,
914281200,288.8,289.4,286.9,288.2,1203.57,,,
914367600,288,288.05,285.3,286.9,1228.54,,,
914454000,286.55,287.75,285.6,286.2,1226.27,,,
914799600,286.3,286.95,285.55,286.6,1225.49,,,
914886000,286.55,287.9,286,286.15,1241.81,,,
914972400,286.2,288.1,286.1,287,1231.93,,,
915058800,287.2,288.6,286.9,288.2,1229.23,,,
915145200,287.7,287.7,287.7,287.7,1229.23,,,
915404400,288.5,288.95,286.4,287.65,1228.1,,,
915490800,287.5,287.9,286.2,286.9,1244.78,,,
915577200,286.9,288.25,286.4,288.25,1272.31,,,
915663600,288.2,291.9,287.75,291.3,1269.74,,,
915750000,291.55,292.2,290.5,291.3,1275.09,,,
916009200,291.2,293.45,290.6,292.85,1263.88,,,
916095600,293.05,293.05,287.2,288.5,1239.52,,,
916182000,288.95,288.95,284.75,286.7,1234.4,,,
916268400,286.05,287.1,285.3,286.5,1212.19,,,
916354800,286.45,287.1,285.1,287,1243.26,,,
916614000,286.7,287.3,286.4,286.9,1243.26,,,
916700400,287.1,287.55,285.5,286.8,1252,,,
916786800,286.95,287.4,285.35,287.3,1256.62,,,
916873200,287.15,288.7,286.83,287.6,1235.16,,,
916959600,287.4,288.1,285.95,286.4,1225.19,,,
917218800,286.4,288.4,286.05,287.8,1233.98,,,
917305200,287.7,288,285.55,286.1,1252.31,,,
917391600,285.9,286.25,282.2,282.95,1243.19,,,
917478000,282.8,285.4,281.7,284.2,1265.37,,,
917564400,284.25,286.9,284.25,286.1,1279.64,,,
917823600,286.85,289.2,286.55,288.8,1273.03,,,
917910000,288.75,290.3,288.25,288.4,1261.99,,,
917996400,288.55,289.2,286.2,287.5,1272.07,,,
918082800,287.5,290.2,286.8,289.4,1248.49,,,
918169200,289.4,290.45,288.5,288.5,1239.4,,,
918428400,288.7,289.9,288.5,289.1,1243.77,,,
918514800,288.8,288.87,286.7,287.35,1216.14,,,
918601200,287.85,288.6,286.8,287.2,1223.55,,,
918687600,287,288.2,286.5,287.65,1254.04,,,
918774000,287.7,290.4,286.95,289.5,1230.13,,,
919033200,289.35,290.55,289.2,289.45,1230.13,,,
919119600,288.9,288.9,284.5,285,1241.87,,,
919206000,285,286.4,284.7,285,1224.03,,,
919292400,285.3,286.4,285.1,286.15,1237.28,,,
919378800,286.05,288.9,285.8,288.2,1239.19,,,
919638000,287.8,288.05,286.4,287,1272.2,,,
919724400,287,287.6,286.15,287.4,1271.18,,,
919810800,287.25,288.4,285.7,287.75,1253.41,,,
919897200,288,288.2,286.3,287.8,1245.02,,,
919983600,287.2,287.9,285.3,287,1238.33,,,
920242800,286.85,287.2,285.3,286.35,1236.16,,,
920329200,286.4,289.2,286.1,286.7,1225.5,,,
920415600,286.75,287.2,285.7,286.5,1227.7,,,
920502000,286.5,288.8,286.1,288.1,1246.64,,,
920588400,288.05,288.7,287.1,288.4,1275.47,,,
920847600,288.05,291.6,287.8,291.55,1282.73,,,
920934000,291.35,294.1,291.25,291.8,1279.84,,,
921020400,291.9,293.2,291.1,292.7,1286.84,,,
921106800,292.95,294.8,292.95,294.4,1297.68,,,
921193200,294.35,294.6,291,292.3,1294.59,,,
921452400,286.8,287.2,281.7,283.4,1307.26,,,
921538800,283.8,285.4,283.3,283.9,1306.36,,,
921625200,283.95,284.4,281.7,282.9,1297.82,,,
921711600,283.05,284.3,282.9,284.2,1316.55,,,
922057200,284.65,285.4,282.4,284.5,1297.01,,,
922143600,284.45,285.05,283.7,283.75,1262.14,,,
922230000,283.9,284.18,282,283.25,1268.59,,,
922316400,283.2,283.75,278.9,279.7,1289.99,,,
922662000,280.2,280.45,279,279.2,1310.17,,,
922748400,279.3,281.4,278.4,280,1300.75,,,
922834800,280.05,281.05,279.9,280.4,1286.42,,,
922921200,279.8,279.8,279.8,279.8,1293.72,,,
923263200,279.8,279.8,277.2,278.4,1321.12,,,
923349600,278.3,280.7,278.1,279.9,1317.89,,,
923436000,280,281.5,279.7,280.5,1326.89,,,
923522400,280.2,282.3,279.4,280.6,1344,,,
923608800,280.35,282.2,279.5,281.5,1348.35,,,
923868000,281.9,284.3,281.85,282.8,1358.63,,,
923954400,282.4,284.2,282.35,283.3,1349.82,,,
924040800,283.45,284.35,280.7,281.4,1328.5,,,
924127200,282.15,284.2,281.23,283.95,1322.89,,,
924213600,284.1,284.85,283.5,284.2,1319,,,
924472800,283.05,285.15,283.05,284.8,1289.48,,,
924559200,284.5,285.1,284,284.4,1306.17,,,
924645600,284.3,285.4,283.1,283.8,1336.12,,,
924732000,283.7,283.8,282.7,283.5,1358.83,,,
924818400,283.5,284.3,282.9,283.5,1356.85,,,
925077600,283.35,283.45,280.4,281.2,1360.04,,,
925164000,281.1,282.65,280.4,281.95,1362.8,,,
925250400,281.85,283.5,281.85,282.9,1350.91,,,
925336800,282.95,286.5,282.7,286,1342.83,,,
925423200,286.05,287.7,285.35,286.5,1335.18,,,
925682400,286.85,286.9,285.7,286.3,1354.63,,,
925768800,286.45,286.45,284.9,285.45,1332,,,
925855200,285.7,288,285.2,287.2,1347.31,,,
925941600,286.9,289.9,286.8,289.5,1332.08,,,
926028000,288.95,289.45,279.4,282.7,1345,,,
926287200,282.3,282.3,277.95,278.7,1340.3,,,
926373600,278,279.7,277.4,278.2,1355.61,,,
926460000,278.05,278.95,276.2,277.3,1364,,,
926546400,277,278.85,277,277.7,1367.56,,,
926632800,277.45,278.4,275.4,275.9,1337.8,,,
926892000,276.1,276.7,274.2,274.45,1339.49,,,
926978400,275.1,275.7,273.5,273.9,1333.32,,,
927064800,273.65,273.8,272.1,272.9,1344.23,,,
927151200,273.45,275,272.95,274.4,1338.83,,,
927237600,274.4,275.25,272.2,272.9,1330.29,,,
927496800,273.25,273.25,271.6,272.6,1306.65,,,
927583200,272.85,273.35,269.4,270.5,1284.4,,,
927669600,270.5,271.05,268.9,269.2,1304.76,,,
927756000,269.1,270.8,267.75,270.45,1281.41,,,
927842400,270.35,271.75,268.5,270.4,1301.84,,,
928101600,270.45,271,269.95,270.3,1301.84,,,
928188000,270,270.15,265.2,267.6,1294.26,,,
928274400,267.65,268,265.2,265.35,1294.81,,,
928360800,265.15,266.8,263.45,266,1299.54,,,
928447200,266.05,267,264.45,264.75,1327.75,,,
928706400,265.4,267.45,264.25,265.5,1334.52,,,
928792800,265.95,265.95,261.4,262.1,1317.33,,,
928879200,262.2,262.95,258.1,259.3,1318.64,,,
928965600,259.1,260.7,257.1,258.4,1302.82,,,
929052000,258,261.1,258,260.6,1293.64,,,
929311200,258.2,261.3,258.2,260.6,1294,,,
929397600,260.4,260.7,259.1,259.1,1301.16,,,
929484000,258.85,259.15,258,258.45,1330.41,,,
929570400,258.45,259.15,258.1,258.4,1338.09,,,
929656800,258.3,263.2,258.1,259.5,1342.84,,,
929916000,259.1,259.95,258.08,258.8,1349,,,
930002400,258.85,259.45,258,258.5,1335.88,,,
930088800,258.05,260.6,257.95,260.6,1333.06,,,
930175200,260.65,261.6,260.2,260.7,1315.78,,,
930261600,260.85,261.5,258.8,260.2,1315.31,,,
930520800,259.8,261,259.15,260.7,1331.35,,,
930607200,260.5,262.3,260.2,260.7,1351.45,,,
930693600,260.65,262.45,260.2,262.45,1372.66,,,
930780000,262.7,263.8,262.55,263.35,1380.78,,,
930866400,263.3,263.65,262.83,263.45,1391.22,,,
931125600,263.5,263.5,261.85,262.2,1391.22,,,
931212000,263.4,263.4,255.7,256.8,1388.12,,,
931298400,257,258.7,255.6,257.1,1395.86,,,
931384800,257.15,257.7,255.95,256.45,1394.42,,,
931471200,256.6,259.03,256.2,256.9,1403.28,,,
931730400,257.1,257.17,255.2,255.6,1399.1,,,
931816800,255.5,256.5,253.75,255.8,1393.56,,,
931903200,255.85,256.1,253.8,254,1398.17,,,
931989600,253.65,254.65,252.77,254.05,1409.62,,,
932076000,254,256.6,253.3,253.8,1418.78,,,
932335200,253.95,254.3,252.9,253.2,1407.65,,,
932421600,253.2,253.7,252.45,253.3,1377.1,,,
932508000,253.25,256.45,252.55,255.25,1379.28,,,
932594400,256.25,257.1,253.55,255.4,1360.97,,,
932680800,255.85,255.95,254.5,254.6,1356.94,,,
932940000,254.7,254.7,252.95,253.95,1347.76,,,
933026400,253.75,254.8,253,254.2,1362.84,,,
933112800,253.95,254.85,253.3,254.1,1365.4,,,
933199200,254.2,257.1,253.65,256.7,1341.03,,,
933285600,256.6,257.1,255.1,255.9,1328.72,,,
933544800,255.9,255.9,253.85,255.1,1328.05,,,
933631200,255,257.1,254.5,256.2,1322.18,,,
933717600,256.2,258.35,254.97,256.1,1305.33,,,
933804000,256.45,257.33,255.1,255.7,1313.71,,,
933890400,255.25,256.4,254.7,256.1,1300.29,,,
934149600,256.1,257.65,255.7,257.2,1297.8,,,
934236000,257.55,257.9,256.5,257.5,1281.43,,,
934322400,257.65,260.25,256.75,258.9,1301.93,,,
934408800,259.35,261.1,258.45,260.7,1298.16,,,
934495200,260.7,261.37,260.4,260.6,1327.68,,,
934754400,260.4,260.5,258.3,260,1330.77,,,
934840800,260.15,261.7,259.03,261.45,1344.16,,,
934927200,261.35,262,258.75,259.6,1332.84,,,
935013600,259.5,259.75,257.45,258.45,1323.59,,,
935100000,258.75,259.2,257.3,257.35,1336.61,,,
935359200,257.8,258.05,254.1,254.2,1360.22,,,
935445600,254.45,255.05,252.7,253.2,1363.5,,,
935532000,253.45,253.7,251.9,252.5,1381.79,,,
935618400,252.3,254,252.05,252.7,1362.01,,,
935704800,252.75,255.2,252.75,253.7,1348.27,,,
935964000,253.5,254.2,253.05,253.9,1324.02,,,
936050400,254.2,256.25,253.95,255.63,1320.41,,,
936136800,255.7,256.2,253.25,253.8,1331.07,,,
936223200,253.95,255.7,253.4,255.4,1319.11,,,
936309600,255.25,256.2,253.65,254.2,1357.24,,,
936568800,254.4,255.25,254.2,254.65,1357.24,,,
936655200,254.65,256.5,254.65,255.8,1350.45,,,
936741600,255.75,256.6,255.45,256.1,1344.15,,,
936828000,255.9,257.4,255.75,257.2,1347.66,,,
936914400,257.2,257.45,255.8,256.5,1351.66,,,
937173600,256.6,257.3,256,256.4,1344.13,,,
937260000,256.95,257.45,255.8,257.2,1336.29,,,
937346400,257.2,257.8,256,256.5,1317.97,,,
937432800,256.75,256.75,255.35,256.3,1318.48,,,
937519200,256.2,256.4,254.4,255.2,1335.42,,,
937778400,255.25,255.85,254.5,254.95,1335.53,,,
937864800,254.9,261,254.5,260.75,1307.58,,,
937951200,260.6,264.95,260.2,264.5,1310.51,,,
938037600,264,266.6,262.35,266.2,1280.77,,,
938124000,265.85,271.3,265.3,268.7,1277.36,,,
938383200,268.95,286.45,268.95,282.72,1283.31,,,
938469600,282.58,327.5,282.58,308.95,1282.2,,,
938556000,310.95,320.2,296.7,301.7,1268.37,,,
938642400,302.45,310.45,294.2,298.7,1282.71,,,
938728800,298.45,310.75,297.2,308.95,1282.81,,,
938988000,304.2,319.22,304.2,317.3,1304.6,,,
939074400,320.45,340.45,319.2,325.45,1301.35,,,
939160800,326.45,327.65,313.7,324.45,1325.4,,,
939247200,327.45,329.45,314.7,322.75,1317.64,,,
939333600,323.7,325.05,315.2,320.1,1336.02,,,
939592800,319.45,320.35,314.95,317.95,1335.21,,,
939679200,319.95,324.95,316.2,318.45,1313.04,,,
939765600,318.45,324.4,315.95,321.95,1285.55,,,
939852000,322.2,324.95,311.45,313.45,1283.42,,,
939938400,313.7,317.35,313.1,315.1,1247.41,,,
940197600,315.95,318.2,309.93,311.45,1254.13,,,
940284000,310.7,311.7,305.3,308.45,1261.32,,,
940370400,307.7,310.95,304.7,305.5,1289.43,,,
940456800,305.45,307.08,301,304.9,1283.61,,,
940543200,305.2,305.2,300.9,302.35,1301.65,,,
940802400,302,302.95,297.95,297.95,1293.63,,,
940888800,297.95,299.2,288.7,288.7,1281.91,,,
940975200,289.95,295.2,286.2,293.8,1296.71,,,
941061600,294.05,301.7,293.85,298.95,1342.43,,,
941148000,299.95,301.55,297.45,299.15,1362.93,,,
941410800,289.2,293.7,288.95,291.45,1354.12,,,
941497200,292.45,293.35,290.75,292.35,1347.74,,,
941583600,292.2,293.58,290.75,292.95,1354.93,,,
941670000,292.2,293.55,287.95,290.45,1362.64,,,
942015600,289.95,289.95,287.35,289.7,1377.01,,,
942102000,290.95,292.95,289.95,292.75,1365.53,,,
942188400,292.45,299.28,291.45,298.2,1373.46,,,
942274800,298.2,299.51,293.45,293.95,1381.46,,,
942361200,295.45,295.45,291.05,291.25,1396.04,,,
942620400,291.2,293.53,289.55,291.45,1394.39,,,
942706800,292.45,294.95,291.45,294.08,1420.03,,,
942793200,293.83,296.95,293.5,294.3,1410.71,,,
942879600,294.1,295.17,293.15,294.2,1424.94,,,
942966000,293.95,295.65,293.05,294.95,1422,,,
943225200,294.35,296.3,293.65,294.45,1420.94,,,
943311600,294.83,298.65,294.45,297.85,1404.66,,,
943398000,298,299.65,296.45,298.2,1417.08,,,
943484400,298.85,298.85,297.33,298.2,1417.08,,,
943570800,298.7,299.05,296.6,297.07,1416.62,,,
943830000,296.4,296.5,290.15,290.95,1407.83,,,
943916400,290.55,292.45,290.2,290.65,1388.95,,,
944002800,290.6,291.52,288.35,289.45,1397.72,,,
944089200,289.35,289.58,283.65,284.95,1409.04,,,
944175600,284.95,285.05,279.33,279.75,1433.3,,,
944434800,279.85,281.33,274.45,276.05,1423.34,,,
944521200,276.85,285.7,276.7,285.7,1409.17,,,
944607600,285.45,285.95,280.8,281.9,1403.88,,,
944694000,282.5,282.5,277.83,277.83,1408.11,,,
944780400,277.7,281.6,277.25,278.9,1417.04,,,
945039600,279.45,280.65,278.5,280.22,1415.22,,,
945126000,280.55,281.3,279,279.9,1403.17,,,
945212400,279.85,283.95,279.6,282.72,1413.3,,,
945298800,282.95,283.2,279.58,281.9,1418.78,,,
945385200,281.65,285.66,281.35,283.55,1421.05,,,
945644400,283.2,284.83,283.2,284.1,1418.09,,,
945730800,283.95,287.58,282.2,287.43,1433.43,,,
945817200,287.3,289.95,285.4,287,1435.99,,,
945903600,286.7,287.7,285.1,286.9,1458.34,,,
945990000,286.95,288.08,285.7,287.58,1458.34,,,
946249200,287.2,288.35,287.08,287.7,1457.09,,,
946335600,287.55,290.8,287.35,289.5,1457.66,,,
946422000,289.7,291.65,289.7,290.4,1463.46,,,
946508400,290.55,291.45,287.9,288,1464.47,,,
946594800,288.2,289.71,287.95,287.95,1469.25,,,
946854000,288.45,289.45,288.08,288.95,1455.17,,,
946940400,288.33,288.33,279.75,282.2,1399.42,,,
947026800,282.1,283.45,279.7,279.95,1402.11,,,
947113200,280.45,282,279.1,281.05,1403.45,,,
947199600,281.4,283.25,280.9,281.7,1441.47,,,
947458800,281.58,282.45,280.7,281.43,1457.6,,,
947545200,281.25,284.05,280.55,283.2,1438.56,,,
947631600,283.1,283.4,281.2,282.3,1432.31,,,
947718000,282.55,284.85,281.4,284.2,1449.68,,,
947804400,284.45,285.12,283,284.15,1465.15,,,
948063600,284,286.45,284,285.45,1465.15,,,
948150000,285.45,288.85,285,288.6,1455.14,,,
948236400,288.45,290.2,286.75,289.58,1455.9,,,
948322800,289.4,289.5,287.35,288.45,1445.57,,,
948409200,288.4,289.75,286.95,289.05,1441.36,,,
948668400,288.95,288.95,286.3,287.55,1401.91,,,
948754800,287.4,290.83,285.75,287,1410.03,,,
948841200,287.7,287.7,284.35,285.95,1404.09,,,
948927600,286,287.2,285.25,286.8,1398.56,,,
949014000,286.9,287.95,280.65,283.2,1360.15,,,
949273200,284.2,284.6,281.8,283.45,1394.46,,,
949359600,283.22,284.2,282.3,282.58,1409.28,,,
949446000,282.7,286.5,281.7,284.7,1409.12,,,
949532400,285,288,284.3,287.4,1424.97,,,
949618800,287.45,315.25,287.2,310.25,1424.37,,,
949878000,316.45,321.95,302.2,302.7,1424.18,,,
949964400,301.45,305.7,295.9,301.7,1436.68,,,
950050800,301.7,311.7,299.7,306.7,1412.93,,,
950137200,307.95,317.15,306.7,314.95,1416.84,,,
950223600,314.9,317.45,308.4,310.9,1387.12,,,
950482800,310,311.15,305.7,308.1,1389.94,,,
950569200,307.95,308.45,300.7,301.7,1402.05,,,
950655600,300.95,303.15,296.7,302.45,1387.67,,,
950742000,302.2,309.7,298,300.45,1388.25,,,
950828400,300.8,305.25,299.2,304.95,1346.09,,,
951087600,304.7,306.65,303.2,305.45,1346.09,,,
951174000,305.2,307.15,301.45,304.35,1352.17,,,
951260400,305.05,305.82,299.2,299.95,1360.69,,,
951346800,300.35,301.2,297.87,298.45,1353.04,,,
951433200,298.3,298.75,291.4,292.55,1333.36,,,
951692400,292.7,293.95,290.7,291.7,1348.05,,,
951778800,291.7,294.55,291.7,292.15,1359.78,,,
951865200,292.15,294.15,289.45,289.7,1379.19,,,
951951600,288.7,292.2,287.55,288.45,1381.76,,,
952038000,288.08,294.7,287.52,288.75,1409.17,,,
952297200,288.45,290.08,287.58,287.58,1391.28,,,
952383600,287.33,293.75,286.95,293.2,1355.62,,,
952470000,293.55,294.15,287.83,288.08,1366.7,,,
952556400,288.93,291.55,288.18,291.15,1401.69,,,
952642800,291.15,293.2,288.25,288.95,1395.07,,,
952902000,290.45,291.95,288.35,288.83,1383.62,,,
952988400,289.2,290.2,288.15,288.8,1359.15,,,
953074800,289.33,289.9,285.35,286.45,1392.14,,,
953161200,285.95,286.62,282.85,284.55,1458.47,,,
953506800,286.2,291.35,283.93,289.58,1456.63,,,
953593200,289.3,290.75,287.55,287.83,1493.87,,,
953679600,287.2,288.93,283.05,286.22,1500.64,,,
953766000,285.58,286.4,284.32,284.95,1527.35,,,
954111600,280.15,281.72,278.33,279.35,1523.86,,,
954198000,279.3,280.43,274.83,276.35,1507.73,,,
954284400,275.22,278.2,275.15,276.7,1508.52,,,
954370800,276.6,280.25,275.05,279.03,1487.92,,,
954712800,278.7,279.8,277.12,278.15,1505.97,,,
954799200,278.33,288.1,275.9,284.4,1494.73,,,
954885600,284.7,285.15,280.85,281.45,1487.37,,,
954972000,281.43,282.6,278.97,280.45,1501.34,,,
955058400,280.08,281.22,279.43,279.95,1516.35,,,
955317600,280.55,282.65,279.75,281.95,1504.46,,,
955404000,281.85,284.15,280.9,281.75,1500.58,,,
955490400,281.45,283.55,279.25,282,1467.19,,,
955576800,282.15,282.7,279.85,281.55,1440.51,,,
955663200,281.5,286.45,280.3,282.55,1346.22,,,
955922400,284.7,285,280.7,281.33,1401.53,,,
956008800,281.45,282.6,280,281.25,1441.57,,,
956095200,281.1,281.95,280.05,280.65,1427.47,,,
956181600,280.65,281.25,279.1,279.95,1434.54,,,
956268000,279.75,279.95,279.37,279.95,1434.54,,,
956527200,279.95,281.15,279.25,279.75,1429.91,,,
956613600,279.75,280.6,277.75,278.35,1477.54,,,
956700000,278.15,278.5,274.9,275.83,1460.99,,,
956786400,275.85,277.55,275.25,277,1464.92,,,
956872800,277.05,277.2,272.7,273.5,1456.04,,,
957132000,275.2,275.2,272.15,273.3,1468.25,,,
957218400,273.75,276.35,273.2,274.9,1446.28,,,
957304800,275.7,278.33,275.35,278.2,1415.1,,,
957391200,278.2,282.55,276.45,279.9,1409.47,,,
957477600,280.4,282.55,277.35,278.9,1426.7,,,
957736800,278.9,278.9,276.15,276.68,1424.17,,,
957823200,276.5,277.7,275.45,277.2,1412.13,,,
957909600,277.2,279,276.35,277.7,1383.08,,,
957996000,277.6,278.2,275.4,275.9,1407.81,,,
958082400,275.95,277.25,275.65,276.1,1420.96,,,
958341600,276.45,276.95,273.85,275.4,1452.36,,,
958428000,275.45,277.35,274.93,275.6,1466.04,,,
958514400,275.45,275.55,271.95,273.3,1447.79,,,
958600800,273.58,274.2,272.2,273.3,1437.21,,,
958687200,273.35,274.65,272.4,274.2,1406.95,,,
958946400,274.05,276.85,273.55,275.6,1400.72,,,
959032800,275.75,276.95,273.6,274.2,1373.85,,,
959119200,273.85,274.4,272.6,273.5,1399.05,,,
959205600,273.45,274.65,269.4,270.25,1381.52,,,
959292000,270.25,273.15,270,272.2,1378.02,,,
959551200,272.65,273.75,272.1,272.1,1378.02,,,
959637600,272.05,274.75,272.05,273.15,1422.45,,,
959724000,273.05,273.25,271.75,272.05,1420.65,,,
959810400,272.15,273.9,271.85,272.75,1448.8,,,
959896800,272.85,282.9,272.5,281.1,1477.26,,,
960156000,281,286.2,279,285.4,1467.63,,,
960242400,285.4,291.1,283.75,288.95,1457.84,,,
960328800,289.45,289.45,284.25,286.65,1471.36,,,
960415200,287.35,288.15,283.7,284.4,1461.68,,,
960501600,284.4,286.75,283.45,283.8,1456.95,,,
960760800,283.85,286.85,283.2,286.75,1446,,,
960847200,286.45,294,284.6,285.7,1469.44,,,
960933600,285.75,291.95,285.3,291.7,1470.54,,,
961020000,291.7,293.2,286.5,289.8,1478.6,,,
961106400,289.5,291.95,288.4,289.2,1464.48,,,
961365600,289.1,289.1,285.4,286.2,1486,,,
961452000,286.1,287.55,285.35,286.1,1476.28,,,
961538400,286.2,287.53,285.8,286.1,1479.13,,,
961624800,286.1,289.4,284.93,285.6,1452.18,,,
961711200,285.55,286.65,282.45,283.1,1441.54,,,
961970400,283.1,284.65,282,283.95,1455.31,,,
962056800,283.9,286.1,283.05,286,1450.55,,,
962143200,286.1,293.05,285.4,292.6,1454.82,,,
962229600,292.7,292.7,288.15,289.2,1442.39,,,
962316000,289.35,290.25,287.75,289.47,1454.6,,,
962575200,288.9,289.78,287.8,288.3,1469.32,,,
962661600,287.8,288.25,286.25,288,1469.32,,,
962748000,286.7,287.9,283.95,284.2,1445.62,,,
962834400,284.1,285.8,282.3,283.6,1456.67,,,
962920800,283.15,284.7,281.9,283.6,1478.9,,,
963180000,283.7,285.35,283.45,283.9,1475.67,,,
963266400,284,284.25,281.95,282.5,1480.88,,,
963352800,282.55,283.45,279.45,280.55,1492.92,,,
963439200,280.6,281.8,279.85,280.2,1495.84,,,
963525600,280.45,281.4,279.85,281.25,1509.51,,,
963784800,280.4,284.1,280.4,283.55,1510.5,,,
963871200,283.5,284.05,282.05,282.6,1493.74,,,
963957600,283.08,283.08,277.78,279.1,1481.96,,,
964044000,279.1,281.15,277.75,280.2,1495.47,,,
964130400,280.2,281.45,278.95,280.3,1480.11,,,
964389600,280.2,280.8,279,279.2,1464.29,,,
964476000,279.2,281.6,278.05,279,1474.47,,,
964562400,279,280.5,278.65,279.7,1452.43,,,
964648800,279.7,281.18,277.9,278.45,1449.62,,,
964735200,278.4,279.48,277.75,278.33,1419.89,,,
964994400,278.35,278.5,276.45,277.2,1430.84,,,
965080800,277.45,278.55,276.45,277.3,1438.09,,,
965167200,277.45,279.05,276.4,277.5,1438.7,,,
965253600,277.3,278.22,272.8,273.9,1452.56,,,
965340000,274.05,275.35,272.4,273.45,1462.93,,,
965599200,272.8,274.15,272.2,273.7,1479.32,,,
965685600,273.55,274.8,271.95,273.2,1482.81,,,
965772000,273.15,273.6,271.25,272.2,1472.88,,,
965858400,272.25,273.45,271.25,272.7,1460.3,,,
965944800,272.7,275.5,272.55,275.1,1471.84,,,
966204000,274.7,276.6,274.1,274.75,1491.55,,,
966290400,274.7,275.2,274.1,274.6,1484.43,,,
966376800,274.6,277.55,274.6,277.15,1479.85,,,
966463200,277.45,278.85,276.7,277.6,1496.09,,,
966549600,277.6,277.7,275.45,276.6,1491.8,,,
966808800,276.65,277.25,274.45,275.2,1499.48,,,
966895200,275.1,275.75,273.1,273.7,1498.13,,,
966981600,273.7,274.05,270.8,271.2,1505.97,,,
967068000,271.2,273.2,270.45,272.9,1508.31,,,
967154400,272.9,274.8,272.45,274.2,1506.46,,,
967413600,273.95,274.55,273.25,274.1,1514.11,,,
967500000,274,275.12,272.55,273.4,1509.89,,,
967586400,273.15,274.2,272.48,274.15,1502.61,,,
967672800,274.1,278.7,273.2,277.8,1517.59,,,
967759200,277.7,278.78,276.4,276.7,1520.77,,,
968018400,277.15,278.1,276.65,276.95,1520.77,,,
968104800,277,277.3,274.8,275.5,1507.08,,,
968191200,275.55,276.45,273.4,274.4,1492.26,,,
968277600,274,274.55,272.45,273.75,1502.41,,,
968364000,273.5,274.75,271.45,273,1494.64,,,
968623200,272.9,274.2,272.05,273.37,1489.26,,,
968709600,273.2,275.65,272.45,272.95,1481.99,,,
968796000,273.05,274.1,272.02,272.7,1484.94,,,
968882400,272.8,274.3,271.9,272.5,1480.87,,,
968968800,272.5,273.7,270.9,272.4,1465.78,,,
969228000,272,274.47,271.4,271.75,1444.51,,,
969314400,271.7,273,270.8,272.1,1459.9,,,
969400800,271.75,273.1,269.15,269.3,1451.34,,,
969487200,269.3,271.2,268.65,270.6,1449.05,,,
969573600,270.85,275.97,270.4,272.1,1448.71,,,
969832800,272.1,274.4,272,274.25,1439.03,,,
969919200,274.3,275.6,273.8,274.3,1427.34,,,
970005600,274.3,279.47,273.95,278.53,1426.57,,,
970092000,278.5,278.75,275.2,275.2,1458.25,,,
970178400,276,276.12,272.65,274.2,1436.48,,,
970437600,274.35,274.7,272.78,273.4,1436.22,,,
970524000,273.4,273.65,271.7,272.2,1426.18,,,
970610400,272.1,272.45,270,270.7,1434.32,,,
970696800,270.8,272.1,269.2,269.6,1436.21,,,
970783200,269.5,271.45,269.23,269.6,1408.99,,,
971042400,269.85,271.15,269.55,270.55,1402.03,,,
971128800,270.6,273.3,268.7,272.7,1385.94,,,
971215200,272.7,275.05,270.5,271.1,1364.55,,,
971301600,271.05,277,270.3,276.5,1329.64,,,
971388000,276.6,277.6,271.6,272.6,1374.1,,,
971647200,272.6,273,270.8,271.95,1374.62,,,
971733600,272,272.2,269.4,271.2,1349.97,,,
971820000,271.15,273.9,269.85,270.6,1342.11,,,
971906400,270.6,271.8,270.1,270.75,1388.78,,,
971992800,270.8,271.7,270.15,271.5,1396.86,,,
972252000,271.1,272.8,270.05,270.2,1395.78,,,
972338400,270.2,271.6,269.75,270.6,1398.13,,,
972424800,270.2,270.47,266.1,266.7,1364.9,,,
972511200,266.7,267.43,264.42,265.1,1364.44,,,
972597600,265.1,266.9,262.22,264.5,1379.56,,,
972860400,264.5,265.8,263.55,265.1,1398.65,,,
972946800,265.1,267,263.25,264.75,1429.39,,,
973033200,264.1,266.8,263.65,264.7,1421.22,,,
973119600,264.7,266.7,264,265.1,1428.32,,,
973465200,265.45,266.45,264.55,265,1432.19,,,
973551600,265,266.95,263.2,264.4,1431.88,,,
973638000,264.6,265.75,263.75,265,1409.28,,,
973724400,265.1,266.65,263.8,265.9,1400.14,,,
973810800,265.9,266.22,264.15,264.7,1365.98,,,
974070000,264.95,265.9,264.1,264.3,1351.26,,,
974156400,264.3,265.4,263.9,264.6,1382.95,,,
974242800,264.6,265.85,264.25,264.95,1390.04,,,
974329200,264.8,268.2,264.62,266.45,1372.32,,,
974415600,265.8,267.1,265.1,265.7,1367.72,,,
974674800,266.08,266.9,265.7,266.3,1342.62,,,
974761200,266.3,267.68,265.6,265.8,1347.35,,,
974847600,265.8,267.6,265.53,266.5,1322.36,,,
974934000,266.5,267.65,265.7,265.8,1322.36,,,
975020400,266,266.53,265.7,266.3,1341.77,,,
975279600,265.9,270.8,265.7,269.95,1348.97,,,
975366000,270,271.2,268.65,269.55,1336.09,,,
975452400,269.6,270.2,266.3,266.5,1341.77,,,
975538800,266.85,270.85,266.25,270.4,1314.95,,,
975625200,270.4,273,268.85,269.35,1315.18,,,
975884400,269.7,272.2,269.35,271.15,1325.05,,,
975970800,271.15,272.25,270,270.5,1376.56,,,
976057200,270.55,275.22,270.3,274.7,1351.54,,,
976143600,274.7,275.85,273,273.8,1343.55,,,
976230000,273.75,274.4,272.3,272.75,1369.54,,,
976489200,272.8,273.15,270.1,270.8,1380.23,,,
976575600,270.8,272.2,270.2,270.9,1371.18,,,
976662000,271,271.2,268.15,269,1359.99,,,
976748400,269.3,270.62,268.35,269.5,1340.93,,,
976834800,269.5,271.75,269.3,270.9,1312.33,,,
977094000,270.55,271.55,269.75,270.1,1322.77,,,
977180400,270.1,270.55,269.1,270.2,1305.57,,,
977266800,270.2,273.9,269.75,272.8,1264.74,,,
977353200,272.8,274.9,272.62,274.1,1274.89,,,
977439600,274.1,275.03,273.2,273.9,1305.97,,,
977698800,273.5,274.12,273.5,273.75,1305.97,,,
977785200,273.75,275,273.3,274.4,1315.21,,,
977871600,274.4,275.95,274.35,275.2,1328.92,,,
977958000,275.4,276.15,271.4,272.2,1334.19,,,
978044400,272.2,273.15,271.1,272.2,1320.5,,,
978303600,272.45,272.45,272.45,272.45,1320.5,,,
978390000,272.45,273.8,267.9,269.2,1283.27,,,
978476400,268.6,270,266.4,268.1,1347.53,,,
978562800,268.1,269.5,266.9,267.5,1333.29,,,
978649200,267.5,268.8,266.8,268.1,1298.47,,,
978908400,268.35,269.85,267.78,268.3,1295.9,,,
978994800,268.3,268.65,266.95,267.7,1300.78,,,
979081200,267.7,267.87,264.62,264.9,1313.28,,,
979167600,264.9,265.9,263.35,264.2,1326.81,,,
979254000,264.3,265.55,263.5,264.25,1318.55,,,
979513200,264.3,264.65,263.3,263.6,1318.55,,,
979599600,263.6,265.7,262.9,263.5,1326.65,,,
979686000,263.5,264.25,262.85,263.5,1329.47,,,
979772400,263.5,265.35,263.3,264.5,1347.97,,,
979858800,264.5,266.7,264,264.7,1342.56,,,
980118000,265.2,268.55,264.4,266.9,1342.9,,,
980204400,266.9,269.2,265.45,266.5,1360.4,,,
980290800,266.7,266.9,263.85,264.65,1364.32,,,
980377200,264.7,265.45,263.1,264.9,1357.49,,,
980463600,264.9,265.5,262.2,263,1354.94,,,
980722800,264.03,264.1,262.4,263,1364.11,,,
980809200,263,266.85,262.8,265.85,1373.73,,,
980895600,265.8,266.75,264.15,265.8,1366.01,,,
980982000,265.8,269.2,265.7,268.7,1373.45,,,
981068400,268.1,268.7,266.65,267.5,1349.47,,,
981327600,267.58,267.58,265.2,265.6,1354.31,,,
981414000,265.6,267,262.1,263.7,1352.26,,,
981500400,263.7,265.6,262.6,263.3,1340.9,,,
981586800,263.3,264.95,260.6,260.6,1332.53,,,
981673200,260.6,262.7,259.22,260.6,1314.76,,,
981932400,260.6,262.3,260.5,261.3,1330.31,,,
982018800,261.3,262,260.1,260.9,1318.8,,,
982105200,260.9,261.3,259.8,259.8,1315.91,,,
982191600,260,260.35,255.25,255.8,1326.61,,,
982278000,255.9,259.5,253.8,258.9,1301.47,,,
982537200,258.8,260.7,258.7,259.6,1301.47,,,
982623600,259.6,259.75,256.2,256.6,1278.96,,,
982710000,256.5,259.4,256.1,258.6,1255.28,,,
982796400,258.6,260.9,257.2,259,1252.77,,,
982882800,259,262.05,258.45,261.5,1245.47,,,
983142000,261.5,266.9,261.45,266.8,1267.65,,,
983228400,266.5,269.7,265.6,268.2,1257.94,,,
983314800,268,268.7,264.73,267.1,1239.94,,,
983401200,267.1,268.1,265.1,265.6,1241.17,,,
983487600,265.6,266,262.35,262.8,1234.2,,,
983746800,263.4,263.4,261.9,263,1241.39,,,
983833200,263,263.5,260,260.7,1253.81,,,
983919600,260.7,262.95,260.1,262.4,1261.89,,,
984006000,262.4,267.3,262.05,267.05,1264.76,,,
984092400,266.1,272.43,265.7,271.7,1233.42,,,
984351600,272.5,272.7,267.55,267.8,1180.3,,,
984438000,267.75,273.9,262.8,263.4,1197.68,,,
984524400,263.1,263.87,259.85,260.6,1166.71,,,
984610800,260.6,261.7,258.4,259,1173.56,,,
984956400,260.65,263.2,260.6,261.5,1170.85,,,
985042800,261.5,263.4,260.9,262.9,1142.62,,,
985129200,262.8,263,261.05,262,1122.07,,,
985215600,262,264.05,261.8,262.25,1117.58,,,
985561200,262.4,263.5,261.05,261.5,1152.72,,,
985647600,261.5,262.45,259.5,260,1182.18,,,
985734000,260,260.9,258.4,258.9,1153.25,,,
985820400,258.9,260,257.3,257.9,1147.95,,,
986162400,258,258.5,254.6,255.5,1145.85,,,
986248800,255.5,258.55,255.1,257,1106.4,,,
986335200,257,260.8,256.45,258.4,1103.25,,,
986421600,258.4,259.2,257.65,258.5,1151.46,,,
986508000,258.5,260.4,257.65,260,1128.42,,,
986767200,260,261.25,258.2,258.4,1137.58,,,
986853600,258.5,259.25,256.45,257.6,1168.36,,,
986940000,257.55,259.8,256.83,258.7,1166.46,,,
987026400,258.75,260.95,258.4,260.1,1183.51,,,
987112800,260.1,260.2,259.2,259.2,1183.51,,,
987372000,259.2,264.05,259.2,263.3,1179.67,,,
987458400,263.3,264.2,260.1,260.95,1191.8,,,
987544800,261,262.25,258.5,261.2,1238.19,,,
987631200,261.2,265.55,260.8,265.55,1253.69,,,
987717600,265.4,265.6,263.4,264.6,1242.93,,,
987976800,264.1,265.05,262.4,263.7,1224.36,,,
988063200,263.7,265,262.9,264.1,1209.46,,,
988149600,264.1,264.62,261.8,262.2,1228.69,,,
988236000,262.4,264.55,262,264.1,1234.52,,,
988322400,264.1,267.05,263.5,263.6,1253.07,,,
988581600,264,264.12,263.12,264,1249.48,,,
988668000,264,264.75,263.6,264.5,1266.46,,,
988754400,264.5,265.65,263.75,265.45,1267.42,,,
988840800,265.45,267.5,264.95,266.1,1248.58,,,
988927200,266.2,267.47,265.3,266.1,1266.6,,,
989186400,266.05,266.62,265.47,266.2,1263.48,,,
989272800,266.2,266.3,264.73,264.9,1261.12,,,
989359200,265.2,270.6,264.9,270,1255.41,,,
989445600,270,270.78,268.2,269.2,1255.19,,,
989532000,269.2,269.85,267.8,268,1245.65,,,
989791200,268,269.15,267.4,268.3,1248.91,,,
989877600,268.4,268.78,266.28,268.3,1249.43,,,
989964000,268.4,272.6,268.15,272.2,1285,,,
990050400,272.1,274.6,271.47,273.7,1288.49,,,
990136800,273.7,287.7,272,287.5,1291.95,,,
990396000,284.7,298.45,282.68,285.3,1312.83,,,
990482400,285.4,285.95,281.75,285.3,1309.34,,,
990568800,285.1,285.7,282.48,283.7,1289.39,,,
990655200,283.7,287.65,276.04,279.2,1293.13,,,
990741600,279.1,281.5,275.2,277.6,1277.9,,,
991000800,277.6,278.33,276.2,277.6,1277.9,,,
991087200,277.6,278.5,273.12,273.9,1267.94,,,
991173600,273.55,275.2,265.2,266,1248.08,,,
991260000,265.75,270.2,265.4,265.8,1255.84,,,
991346400,265.8,267.75,265.25,267,1260.67,,,
991605600,266.7,268.25,265.15,265.7,1267.12,,,
991692000,265.6,266.8,264.9,266.2,1283.56,,,
991778400,266.2,267.75,265.45,266.2,1270.03,,,
991864800,266.2,266.8,265.7,266.3,1276.95,,,
991951200,266.5,274.7,266.3,273.7,1264.97,,,
992210400,273.2,273.7,266.65,268.1,1254.38,,,
992296800,268.1,272.65,266.4,271.8,1255.86,,,
992383200,271.7,273.6,269.45,272.3,1241.59,,,
992469600,272.5,277,270.85,275.6,1219.9,,,
992556000,276.3,276.45,270.1,271.5,1214.36,,,
992815200,271.2,274.23,271,272.5,1208.43,,,
992901600,272.7,275,272,273.6,1212.58,,,
992988000,273.6,274.15,271.1,272.7,1223.13,,,
993074400,272.7,274.1,271.35,272.9,1237.04,,,
993160800,272.65,272.55,271.9,272.55,1225.42,,,
993420000,272.5,275.3,272.45,273.9,1218.61,,,
993506400,273.9,279.2,272.8,276.1,1216.73,,,
993592800,276.1,277.9,271.4,272.3,1211.07,,,
993679200,272.3,272.55,267.75,269.2,1226.16,,,
993765600,269.2,272.43,269.1,270.8,1226.99,,,
994024800,270.8,270.85,268,269.5,1236.73,,,
994111200,269.5,270.05,267.6,267.7,1234.45,,,
994197600,267.7,268.62,267.6,267.9,1234.45,,,
994284000,267.9,268.1,264.9,265.3,1219.25,,,
994370400,265.3,267.85,264.5,266.2,1190.59,,,
994629600,266.45,267.15,265.5,266.6,1198.78,,,
994716000,266.6,267.75,266.2,266.3,1181.52,,,
994802400,266.3,269.8,266,268.4,1180.18,,,
994888800,268.4,268.7,265.75,266.8,1208.14,,,
994975200,266.8,267.65,266.1,267.3,1215.68,,,
995234400,267.15,269.2,266.7,267.1,1202.45,,,
995320800,267.1,268.4,266.7,268.3,1214.44,,,
995407200,268.3,271.3,268.03,270.7,1207.7,,,
995493600,270.7,271.83,267.8,269.5,1215.02,,,
995580000,269.2,270.8,268.35,270,1210.85,,,
995839200,270.1,270.1,268.7,268.8,1191.03,,,
995925600,268.8,270.2,268.3,269.7,1171.65,,,
996012000,269.7,269.8,267.2,267.7,1190.4,,,
996098400,267.7,268.5,265.7,266.4,1202.98,,,
996184800,266.4,268,264.8,267.5,1205.93,,,
996444000,267.8,268.2,264.9,265.2,1204.52,,,
996530400,265.2,267.2,264.2,266.6,1211.22,,,
996616800,266.5,268.6,266.45,267.5,1216.08,,,
996703200,267.9,268.6,267,268,1220.74,,,
996789600,268,269.15,266.6,268.5,1214.36,,,
997048800,268.45,268.8,267,267.7,1200.48,,,
997135200,267.7,268.05,266.2,267.6,1204.4,,,
997221600,267.6,268.9,266.3,268.3,1183.53,,,
997308000,268.3,274.2,267.3,274.1,1183.42,,,
997394400,274.1,277.1,272.55,274.5,1190.17,,,
997653600,273.7,277.5,273.7,275.9,1191.21,,,
997740000,275.9,276.9,273.7,276.7,1186.73,,,
997826400,276.7,277.95,274.7,275.8,1178.02,,,
997912800,275.8,276.8,274.6,275.3,1181.65,,,
997999200,275.3,281.15,274.75,279.2,1161.97,,,
998258400,279.2,279.55,275.9,276,1171.41,,,
998344800,276,278.05,273.8,275,1157.26,,,
998431200,275,278.05,274.4,274.5,1165.31,,,
998517600,274.4,276.1,274.1,275.5,1162.09,,,
998604000,275.3,275.75,272,272.8,1184.92,,,
998863200,272.75,273.2,271.4,272.7,1179.21,,,
998949600,272.8,272.9,270.55,272.2,1161.51,,,
999036000,272.25,274.3,272.1,273.7,1148.56,,,
999122400,273.6,275.7,272.25,275.2,1129.03,,,
999208800,275.25,276.2,272.5,274.35,1133.58,,,
999468000,274.4,274.4,273.35,273.45,1133.58,,,
999554400,273.45,274,271.3,271.6,1132.93,,,
999640800,271.6,272.8,271.2,272,1131.74,,,
999727200,272,273.6,271.18,273.1,1106.4,,,
999813600,273,274.7,272.15,273.1,1085.78,,,
1000072800,273.2,273.55,270.9,271.7,1092.56,,,
1000159200,271.7,292.45,271.25,286.2,1092.54,,,
1000245600,286.7,292.45,276.7,278.2,1092.54,,,
1000332000,278.2,281.95,277.95,281.2,1092.54,,,
1000418400,281.2,289.95,278.95,285.5,1092.54,,,
1000677600,288.95,294.45,285.3,289.4,1038.79,,,
1000764000,289.4,290.45,285.8,287.7,1032.76,,,
1000850400,287.7,292.2,286.45,290.45,1016.08,,,
1000936800,290.1,291,287.4,288.6,984.54,,,
1001023200,288.6,295.05,288.2,291.4,965.8,,,
1001282400,290.7,292.95,287.2,289.2,1003.4,,,
1001368800,289.2,290.65,286.7,289.7,1012.28,,,
1001455200,289.7,293.8,288.65,293.2,1007.04,,,
1001541600,293,293.53,288.95,291.9,1018.61,,,
1001628000,291.9,294.05,289.85,293.2,1040.9,,,
1001887200,292.2,293.15,290.2,291.65,1038.2,,,
1001973600,291.65,292.95,288.8,289.4,1051.32,,,
1002060000,289.4,291.4,289,289.4,1072.26,,,
1002146400,289.4,291.8,288.55,289.8,1069.62,,,
1002232800,289.8,292.33,289.8,290.95,1071.38,,,
1002492000,290.95,294.07,290.6,291.85,1062.44,,,
1002578400,291.85,292,287.9,287.95,1056.75,,,
1002664800,287.95,289,283.75,284.8,1080.99,,,
1002751200,284.8,285.45,280.2,281.2,1097.43,,,
1002837600,281.2,286.6,281.2,284.4,1091.61,,,
1003096800,284.4,285.75,281.1,281.4,1089.98,,,
1003183200,281.4,282.62,280.6,281.3,1097.55,,,
1003269600,281.3,283.5,280.95,282.4,1077.09,,,
1003356000,282.4,283.85,278.2,279.4,1068.65,,,
1003442400,279.72,280.4,277.6,279.6,1073.48,,,
1003701600,279.6,279.7,275,275.5,1089.9,,,
1003788000,275.5,276.53,274.2,275.9,1084.78,,,
1003874400,275.9,276.75,275.1,275.4,1085.2,,,
1003960800,275.4,277.5,275,277.2,1100.07,,,
1004047200,276.7,278.1,276.45,277.3,1104.61,,,
1004310000,279.1,281.25,278.85,280.45,1078.3,,,
1004396400,280.45,281.6,278.25,279.6,1059.79,,,
1004482800,279.6,281.1,278.6,279.6,1059.78,,,
1004569200,279.6,280.8,279.5,279.9,1084.1,,,
1004914800,279.9,280.2,277.7,278.9,1102.81,,,
1005001200,279,280.7,278.3,280.2,1118.86,,,
1005087600,280,281.3,278.8,280.7,1115.8,,,
1005174000,280.7,280.73,276.4,276.7,1118.54,,,
1005260400,276.9,278,276.2,277.4,1120.31,,,
1005519600,277.4,281.95,277.4,278.2,1118.33,,,
1005606000,278.2,279.9,275.95,277.5,1139.09,,,
1005692400,277.5,279.5,277.03,278.25,1141.22,,,
1005778800,277.9,278.1,274.6,275.3,1142.26,,,
1005865200,275.3,275.8,273.8,274.8,1138.58,,,
1006124400,274.8,274.9,272.3,272.9,1151.06,,,
1006210800,272.9,274.3,272.5,273.43,1142.66,,,
1006297200,273.2,273.9,272.1,273.1,1137.03,,,
1006383600,273.1,273.6,272.1,272.8,1137.03,,,
1006470000,272.8,273.5,272.3,272.85,1150.34,,,
1006729200,273,273.45,272.4,273.1,1157.42,,,
1006815600,272.9,273.9,272.7,273.4,1149.5,,,
1006902000,273.7,275.5,273.4,274.3,1128.52,,,
1006988400,274.5,275.7,273.5,274,1140.23,,,
1007074800,273.6,276.08,273.6,274.35,1139.45,,,
1007334000,274.35,278.15,274.35,277.2,1129.9,,,
1007420400,277.2,277.5,275.55,275.65,1144.79,,,
1007506800,275.65,276.3,273.6,274.4,1170.35,,,
1007593200,274.4,275,273.55,274.5,1167.1,,,
1007679600,274.45,275.2,273.7,274.5,1158.27,,,
1007938800,274.5,274.53,271.4,273.1,1139.95,,,
1008025200,272.95,273.2,271.8,272.75,1136.76,,,
1008111600,272.7,274.6,272.35,274.5,1137.06,,,
1008198000,274.5,274.75,273.95,274.4,1119.38,,,
1008284400,274.45,279.4,274,278.4,1123.07,,,
1008543600,277.55,278.7,276.6,278.1,1134.36,,,
1008630000,278.2,281.2,278,280.4,1142.92,,,
1008716400,280.4,280.55,275.3,276.1,1149.56,,,
1008802800,276.1,276.9,275.55,276.2,1139.94,,,
1008889200,276.05,279.45,276,278.1,1144.9,,,
1009148400,277.65,278.83,277.4,278,1144.65,,,
1009234800,278,280.2,277.7,278.7,1144.65,,,
1009321200,278.7,279.6,277.95,279.33,1149.37,,,
1009407600,279.2,280.7,276.8,277,1157.13,,,
1009494000,277,278.25,276,276.5,1161.01,,,
1009753200,276.7,279.3,276.1,278.9,1148.16,,,
1009839600,278.9,278.9,278.9,278.9,1148.16,,,
1009926000,278.8,279.55,277.65,278.7,1154.67,,,
1010012400,278.7,280.1,277,278.4,1165.27,,,
1010098800,278.4,279.6,277.5,278.9,1172.51,,,
1010358000,278.85,280.4,277.75,278.7,1164.89,,,
1010444400,278.7,279.5,278.1,279,1160.71,,,
1010530800,279,284.6,278.7,283.9,1155.14,,,
1010617200,283.5,289.7,282.5,286.3,1156.55,,,
1010703600,286.35,288.1,285.4,287.5,1145.6,,,
1010962800,287.3,287.3,284.8,284.9,1138.41,,,
1011049200,285.3,285.5,283,284.6,1146.17,,,
1011135600,284.6,289.7,283.5,287.1,1127.57,,,
1011222000,287.1,288.8,284,284,1138.88,,,
1011308400,284,285,282.9,283.5,1127.58,,,
1011567600,283.5,284,282,282.5,1127.58,,,
1011654000,282.5,284,281.15,281.95,1119.31,,,
1011740400,281.95,282.95,278.4,279.2,1128.18,,,
1011826800,279.2,279.9,277.8,278.93,1132.19,,,
1011913200,278.75,279.9,277.7,279.4,1133.29,,,
1012172400,279.4,280.1,278.3,278.6,1133.06,,,
1012258800,278.7,282.05,277.5,281.8,1100.64,,,
1012345200,281.9,283.95,280.8,281.85,1113.57,,,
1012431600,281.9,283.05,280.7,282.5,1130.18,,,
1012518000,282.7,287.4,281.8,286.2,1122.19,,,
1012777200,286.2,290,285.35,289.85,1094.44,,,
1012863600,289.6,299.2,289.3,297.5,1090.02,,,
1012950000,297.5,306.6,295.8,296.95,1083.54,,,
1013036400,296.7,302.2,296.1,301.1,1080.19,,,
1013122800,301.45,308.5,300.95,303.7,1096.22,,,
1013382000,303.1,303.7,297.58,299.7,1111.94,,,
1013468400,299.45,302.2,297.3,300.2,1107.5,,,
1013554800,300.2,300.85,295.65,299.2,1118.5,,,
1013641200,299.45,300.6,297.6,299.95,1116.45,,,
1013727600,299.85,301.95,297.6,297.8,1104.18,,,
1013986800,298.7,299.53,296.83,297.7,1104.18,,,
1014073200,297.7,298.7,292.45,293.05,1083.21,,,
1014159600,293.05,294.6,290.7,291.4,1097.98,,,
1014246000,291.4,294.15,289.92,292.7,1080.96,,,
1014332400,293.83,294.58,291.55,292.7,1089.84,,,
1014591600,292.95,293,290.8,292.5,1109.43,,,
1014678000,292.5,298.1,292.13,297.7,1109.4,,,
1014764400,297.7,299.6,295.6,296.75,1109.89,,,
1014850800,296.3,298.08,295.85,296.5,1106.74,,,
1014937200,296.5,299.5,295.15,298.1,1131.78,,,
1015196400,297.8,300.07,296.55,296.8,1153.78,,,
1015282800,296.9,299.05,293.9,293.9,1146.14,,,
1015369200,293.9,295,292.4,293.45,1162.76,,,
1015455600,293.45,293.6,289.3,289.5,1157.54,,,
1015542000,289.5,290.3,287.65,289.7,1164.31,,,
1015801200,290.65,294.8,290.45,293.8,1168.26,,,
1015887600,293.8,294.85,292.95,293.3,1165.58,,,
1015974000,293.3,293.65,290.6,291.2,1154.09,,,
1016060400,291.2,291.65,289.3,290,1153.04,,,
1016406000,292.5,294,291.7,293.15,1165.55,,,
1016492400,293.15,293.65,291.65,292.4,1170.29,,,
1016578800,292.3,293.6,291.95,293.1,1151.85,,,
1016665200,293.1,297.83,293,297.7,1153.58,,,
1017010800,298.3,298.3,295.8,296.7,1131.87,,,
1017097200,296.7,303.5,296.3,302.33,1138.49,,,
1017183600,302.1,304.72,300.5,302.6,1144.58,,,
1017270000,302.6,303.45,302.2,302.6,1147.39,,,
1017615600,303.3,306.7,302.33,305.8,1146.55,,,
1017702000,305.8,306.9,301.1,302.5,1136.85,,,
1017788400,302.6,302.9,299.2,300.95,1125.4,,,
1017874800,300.95,302.3,298.2,300,1126.34,,,
1018216800,300.05,301.4,298.4,300.45,1125.29,,,
1018303200,300.45,300.5,298.28,298.5,1117.79,,,
1018389600,298.5,302.1,297.2,301.2,1130.46,,,
1018476000,301.2,303.4,301,302.55,1103.68,,,
1018562400,302.55,302.55,300.4,302.1,1111.01,,,
1018821600,302.1,302.9,299.6,299.8,1102.55,,,
1018908000,299.2,300.2,297.65,298.95,1128.11,,,
1018994400,298.7,302.65,298.05,302,1126.09,,,
1019080800,302,306.3,301.5,303.6,1124.47,,,
1019167200,303.6,303.85,301.2,302.3,1125.16,,,
1019426400,301.95,304.45,301.8,302.85,1107.82,,,
1019512800,302.85,304.7,301.9,303.6,1100.96,,,
1019599200,303.6,305.5,303.45,304,1093.13,,,
1019685600,304,309.05,304,307.6,1091.48,,,
1019772000,307.85,311.95,306.15,311.3,1076.32,,,
1020031200,310.95,312.45,309.4,311.05,1065.45,,,
1020117600,310.45,310.6,307,308.4,1076.87,,,
1020204000,308.2,311,306.9,308.7,1086.46,,,
1020290400,308.85,309.33,306.6,307.8,1084.56,,,
1020376800,307.8,313.5,307.5,311.9,,,,
1020636000,311.7,313.4,310.4,312.25,1052.67,,,
1020722400,311.4,313.85,308.8,311.4,1049.49,,,
1020808800,311.6,313.55,307.9,308.1,1088.85,,,
1020895200,308.1,310.3,308,309.5,1073.01,,,
1020981600,309.5,312,309.5,311,1054.99,,,
1021240800,310.8,311.75,309.3,310.8,1074.56,,,
1021327200,310.7,310.9,307.05,307.6,1097.34,,,
1021413600,307.6,309.1,306.4,309,1091.07,,,
1021500000,309,310.75,308.55,309.8,1098.23,,,
1021586400,310,312.3,309.2,311,1106.59,,,
1021845600,310.8,316.7,310.2,315.9,1091.88,,,
1021932000,315.9,317.2,314.1,316.1,1079.88,,,
1022018400,316.1,319.6,316,317.9,1085.89,,,
1022104800,317.9,323.93,315.7,322,1097.08,,,
1022191200,322,322.05,319.45,320.5,1083.82,,,
1022450400,320.5,321.72,320.1,320.2,1083.82,,,
1022536800,320.2,326.13,320.08,324.2,1074.55,,,
1022623200,324.3,327.6,323,325,1067.66,,,
1022709600,325,326.8,323.6,325,1064.66,,,
1022796000,324.9,329.45,323.95,326.5,1067.18,,,
1023055200,325.9,328.5,324.9,327.6,1040.62,,,
1023141600,327.1,330.5,327.1,327.8,1040.69,,,
1023228000,324.8,326.4,320.9,321.4,1049.9,,,
1023314400,321.4,325.8,321.05,325.6,1029.15,,,
1023400800,325.6,327.9,323.55,323.9,1027.53,,,
1023660000,324.5,324.7,317.75,319,1030.74,,,
1023746400,319,321.3,316.05,321,1013.6,,,
1023832800,320.95,322,318.9,319.2,1020.24,,,
1023919200,319.2,319.7,316.9,318.1,1009.56,,,
1024005600,318.1,323.03,317.9,319.3,1007.26,,,
1024264800,319.3,319.7,316.8,316.8,1036.17,,,
1024351200,316.8,320.3,316.7,320,1037.11,,,
1024437600,320.4,322.35,319,320.8,1019.99,,,
1024524000,320.7,324.62,320.1,323.9,1006.29,,,
1024610400,323.9,325.1,322.28,324.6,989.13,,,
1024869600,324.6,327,322.2,322.4,992.71,,,
1024956000,322.6,323.8,317.8,321.3,976.14,,,
1025042400,321.4,325.7,319.2,319.2,973.54,,,
1025128800,319.2,320.5,316.62,318.2,990.64,,,
1025215200,318.2,321.1,311.85,314.4,989.44,,,
1025474400,314.4,315.1,311.2,315.1,968.65,,,
1025560800,315.1,316.1,312.6,312.9,948.09,,,
1025647200,312.9,313.9,310.35,311.1,953.98,,,
1025733600,311.1,311.6,310.7,310.7,953.98,,,
1025820000,310.7,311.6,310.7,311.5,989.03,,,
1026079200,311.4,313.3,310.1,312.8,976.98,,,
1026165600,312.8,317.2,311.9,316.8,952.83,,,
1026252000,316.6,317.3,314.2,316.3,920.47,,,
1026338400,316.2,318.1,313.5,316.45,927.38,,,
1026424800,316.5,317.15,315.1,316,921.4,,,
1026684000,315.9,320.45,315.9,318.1,917.87,,,
1026770400,317.9,320.85,316.85,318.2,900.94,,,
1026856800,318.2,318.7,315.8,317.6,906.03,,,
1026943200,317.7,318.15,316.5,317.9,881.57,,,
1027029600,317.9,325.9,317.7,323.9,847.75,,,
1027288800,323.9,325.8,322.25,323.1,819.83,,,
1027375200,323.1,323.1,311.9,313.2,798.61,,,
1027461600,313.2,314.3,306.95,311.2,843.39,,,
1027548000,311.2,312.2,309.3,310,838.68,,,
1027634400,310,310.6,300.7,303.7,852.84,,,
1027893600,304.4,304.4,301.9,302.5,898.96,,,
1027980000,302.5,305.8,302.5,304.7,902.78,,,
1028066400,304.7,306,302.33,303.5,911.62,,,
1028152800,303.5,305.25,298.9,304.6,884.66,,,
1028239200,304.6,308,303.7,307.3,864.24,,,
1028498400,307.3,309.87,306.1,308.1,834.6,,,
1028584800,308.1,308.2,304.98,306.3,859.57,,,
1028671200,306.3,315.67,306.1,314,876.77,,,
1028757600,314,314.9,310.35,310.6,905.45,,,
1028844000,310.6,315.15,308.37,314.5,908.6,,,
1029103200,314.5,318.1,313.5,314.2,903.78,,,
1029189600,314.2,315.6,313.65,315.6,884.21,,,
1029276000,315.6,317.7,311,311.6,919.63,,,
1029362400,311.6,316.12,311.5,314.6,930.24,,,
1029448800,314.9,315.4,312.3,313.9,928.77,,,
1029708000,313.9,314.35,304.55,306.7,950.74,,,
1029794400,306.7,309.85,306.55,309.4,937.43,,,
1029880800,309.2,309.8,306.35,308,949.34,,,
1029967200,308,308,305.05,307,962.7,,,
1030053600,307,307.5,304.4,307,940.86,,,
1030312800,306.9,310.8,306.4,309.4,947.95,,,
1030399200,309.4,313.18,308.4,312.7,934.82,,,
1030485600,312.7,312.8,309.5,310,917.87,,,
1030572000,310,313.5,309.8,313.4,917.8,,,
1030658400,313.9,314.5,312.2,312.7,916.08,,,
1030917600,312.7,312.8,311.9,312.2,916.08,,,
1031004000,312.2,314.8,311.2,314.1,878.02,,,
1031090400,314.1,315.9,312.6,314.6,893.34,,,
1031176800,314.4,319.45,314.2,319.2,879.16,,,
1031263200,319.2,321.8,317.8,320.2,893.92,,,
1031522400,320.1,324.2,320,321.2,902.96,,,
1031608800,321.2,321.2,317.4,317.7,909.58,,,
1031695200,317.7,317.9,314.7,317.6,909.45,,,
1031781600,317.2,320.1,316.7,319,886.9,,,
1031868000,319,320.15,315.8,316.8,889.8,,,
1032127200,317.1,318.2,315.25,317.4,891.1,,,
1032213600,317.4,318.3,313.7,318.3,873.52,,,
1032300000,318.3,321.35,316.5,320.3,869.48,,,
1032386400,320.3,323.45,319.6,323.3,843.32,,,
1032472800,323.3,324.1,320.3,322.1,845.39,,,
1032732000,322.1,324.8,321.3,323.2,833.7,,,
1032818400,323.2,327.9,322.4,326.1,819.27,,,
1032904800,326.1,326.3,322.2,322.2,839.65,,,
1032991200,322.2,323.45,318.75,320,854.95,,,
1033077600,320,322,319.1,319.9,827.36,,,
1033336800,319.9,325.2,319.6,323.5,815.26,,,
1033423200,323.7,323.75,320.3,320.3,847.92,,,
1033509600,320.3,323,320,323,827.92,,,
1033596000,323,324.4,321,321.6,819,,,
1033682400,321.6,322.8,319.35,322.2,800.59,,,
1033941600,322.2,323.4,321.3,322.4,785.28,,,
1034028000,322.4,322.5,317.9,318.2,796.42,,,
1034114400,318.2,320.5,318.2,320,776.77,,,
1034200800,320,321,316.2,316.8,803.94,,,
1034287200,316.8,318.3,316.15,316.7,835.32,,,
1034546400,316.7,318.8,316.7,317.9,841.44,,,
1034632800,317.9,318.7,312.4,313.5,881.27,,,
1034719200,313.45,315.1,313.4,314.5,860.02,,,
1034805600,314.5,315.3,309.95,311.4,879.19,,,
1034892000,311.4,313.5,310.7,312.8,884.38,,,
1035151200,312.8,313.8,310.45,311.1,899.72,,,
1035237600,311,313.6,310.8,313,890.16,,,
1035324000,313,313.8,311.8,311.9,896.14,,,
1035410400,311.9,312.55,308.7,311.6,882.5,,,
1035496800,311.6,314.2,311.5,313.8,897.65,,,
1035759600,315.6,318.3,314.75,316.8,890.21,,,
1035846000,316.8,317.4,315.9,316,882.15,,,
1035932400,316,318.15,316,317.7,890.69,,,
1036018800,317.7,321.5,317.5,319.7,885.76,,,
1036364400,319.7,320,316.7,318.5,908.35,,,
1036450800,318.5,319.85,317.7,317.7,915.4,,,
1036537200,317.45,318.4,316.8,318.1,923.76,,,
1036623600,318.1,321.1,318.1,321,902.69,,,
1036710000,321,323.2,320.35,321.5,894.73,,,
1036969200,321.5,321.8,319.7,321.7,876.18,,,
1037055600,321.6,324.7,320.6,324.4,882.95,,,
1037142000,324.2,325.05,316.75,319.1,882.53,,,
1037228400,319.1,319.7,317.2,318.2,904.27,,,
1037314800,318.3,321.1,318,320.5,909.74,,,
1037574000,320.25,320.7,318.05,319.2,900.36,,,
1037660400,319.3,320.5,318.5,318.9,896.75,,,
1037746800,318.8,319.7,317.4,317.8,914.15,,,
1037833200,317.8,318.7,317.3,317.6,933.79,,,
1037919600,317.6,321.9,316.6,321,930.55,,,
1038178800,320.2,321.2,317,318.1,932.89,,,
1038265200,318.1,319.1,317.1,318.3,913.3,,,
1038351600,318.3,318.8,316.7,316.7,938.98,,,
1038438000,316.7,318.3,316.3,317.8,938.98,,,
1038524400,318,319.2,317.95,318.1,936.31,,,
1038783600,319,319,316,317.8,934.53,,,
1038870000,317.7,321.03,317,320.7,920.75,,,
1038956400,320.7,323.7,319.6,322.1,917.53,,,
1039042800,321.85,324.95,321,324.6,906.55,,,
1039129200,324.3,328.95,323.9,326.2,912.23,,,
1039388400,325.95,326.5,324.75,325.95,892,,,
1039474800,325.8,326.5,322.55,323.7,904.41,,,
1039561200,323.6,325.2,322.6,324.8,904.95,,,
1039647600,324.8,332.55,324.2,331.2,901.53,,,
1039734000,331.3,335.7,330,333.1,889.5,,,
1039993200,333.1,337.4,332.1,336.6,910.41,,,
1040079600,336.6,342.4,335.8,336.7,902.96,,,
1040166000,336.7,344.95,335.9,343.2,891.12,,,
1040252400,344.95,354.2,343.5,345.5,884.27,,,
1040338800,345.5,348.75,338.75,340.7,895.85,,,
1040598000,340.9,346.3,340.6,345.6,897.38,,,
1040684400,345.6,348.3,344.6,346.5,892.47,,,
1040770800,346.5,347.1,343.8,343.8,892.47,,,
1040857200,343.8,350,343.3,349.6,889.66,,,
1040943600,349.6,351.25,346.8,349.2,875.42,,,
1041202800,348.95,350.2,342.05,343.6,879.39,,,
1041289200,343.6,348.1,341.35,348,879.82,,,
1041375600,348,348,348,348,879.82,,,
1041462000,348,348,342.4,346,909.03,,,
1041548400,346,353.1,343.2,351.2,908.6,,,
1041807600,349.8,357.05,349.8,351.2,929.03,,,
1041894000,351.2,351.75,344.65,347.2,922.93,,,
1041980400,347.2,355.58,345.15,353.58,909.93,,,
1042066800,353.4,357.45,351.15,352.7,927.58,,,
1042153200,352.45,356.25,350.45,354.7,927.57,,,
1042412400,354.7,355.1,351.5,354.5,926.27,,,
1042498800,354.3,354.95,351.22,351.3,931.66,,,
1042585200,351.3,353.2,348.62,350.7,918.22,,,
1042671600,350.7,358.8,350.3,357.4,914.69,,,
1042758000,357.4,358.5,355.4,356.5,901.78,,,
1043017200,356.8,357.1,355.6,355.7,901.78,,,
1043103600,355.7,358.1,353.3,357.7,887.62,,,
1043190000,357.7,362.7,357.3,361.8,878.38,,,
1043276400,362.58,367.65,360.7,363,887.34,,,
1043362800,363,370.1,362.7,368.2,861.4,,,
1043622000,368.9,373.1,367.2,369.6,847.48,,,
1043708400,369.6,370.25,365.6,369.2,858.55,,,
1043794800,369.2,371.15,365.55,365.9,864.36,,,
1043881200,365.9,370.33,362.6,370.3,844.57,,,
1043967600,370.3,371.7,367.1,368.1,855.7,,,
1044226800,367.85,371.9,367.6,371,860.32,,,
1044313200,371.3,382.55,371.2,381.2,848.18,,,
1044399600,380.95,389,370.2,371.7,843.59,,,
1044486000,370.55,376.4,368,370,838.15,,,
1044572400,369.13,374.6,366.7,369.7,829.69,,,
1044831600,369.6,373.08,362.1,362.1,835.97,,,
1044918000,362.1,365.45,360.25,363.83,829.21,,,
1045004400,363.4,365.45,351.33,352.7,818.68,,,
1045090800,352.7,358.5,348.5,356.5,817.37,,,
1045177200,356.5,358.05,348.5,351.5,834.89,,,
1045436400,348.4,348.7,341.2,345.5,834.89,,,
1045522800,345.5,348.5,342.5,343.5,851.17,,,
1045609200,343.5,349.8,342.2,349.4,845.13,,,
1045695600,349.4,354.4,349.4,352.2,837.1,,,
1045782000,352.2,354.7,350.7,351.3,848.17,,,
1046041200,351,357.7,350.2,357.7,832.58,,,
1046127600,357.7,360.35,350.75,351.8,838.57,,,
1046214000,351.8,355.9,351.2,354.3,827.55,,,
1046300400,354.3,356.85,345.2,345.4,837.28,,,
1046386800,345.4,351.15,345,349.9,841.15,,,
1046646000,350.3,350.33,344.95,349,834.81,,,
1046732400,349,354.6,349,354.2,821.99,,,
1046818800,354.58,357.6,352.1,353.5,829.85,,,
1046905200,353.5,357.1,352.3,356.2,822.1,,,
1046991600,356.2,358.3,347.45,350.7,828.89,,,
1047250800,354.4,355.22,348.5,350.6,807.48,,,
1047337200,350.2,350.7,345.5,345.7,800.73,,,
1047423600,345.45,346.58,331.9,334.3,804.15,,,
1047510000,334.3,339.35,331.7,336.3,831.9,,,
1047855600,336.5,340.25,334.05,337.8,862.69,,,
1047942000,337.8,340.95,334.25,336.4,866.45,,,
1048028400,336.15,337.6,331.7,332.2,874.02,,,
1048114800,331.95,334.45,325.7,326,875.84,,,
1048460400,329.6,334.4,327.3,328.5,864.23,,,
1048546800,328.7,331.4,328.4,330.2,874.74,,,
1048633200,330.2,333.9,328.3,329.2,869.95,,,
1048719600,329.2,332.65,329.1,331.8,868.52,,,
1049065200,337.15,338.7,333.9,334.9,848.12,,,
1049151600,334.65,335.6,327.35,329.9,858.48,,,
1049238000,329.9,329.9,323.3,325.2,880.9,,,
1049324400,325.2,325.6,322.1,325.5,876.45,,,
1049666400,325.5,325.5,319.1,323,879.93,,,
1049752800,322.75,324.2,319.35,322.7,878.29,,,
1049839200,322.7,327.15,321.15,326.8,865.99,,,
1049925600,326.8,327.4,324.1,326.5,871.58,,,
1050012000,326.5,328.5,323.1,328,868.3,,,
1050271200,327,327.4,324,324.8,885.23,,,
1050357600,324.8,326.3,322.25,324.9,890.81,,,
1050444000,324.9,326.7,322.6,326.4,879.91,,,
1050530400,326.4,328.1,326,327.1,893.58,,,
1050616800,327.1,327.4,325.5,325.9,893.58,,,
1050876000,325.9,334,325.9,333.5,892.01,,,
1050962400,333.5,336.25,331.9,332.9,911.37,,,
1051048800,332.9,335.1,331,331.2,919.02,,,
1051135200,331.2,335.15,331.1,334.4,911.43,,,
1051221600,334.4,334.75,332.45,333.2,898.81,,,
1051480800,333.2,335.2,329.15,333.8,914.84,,,
1051567200,333.8,334.25,330.9,334.2,917.84,,,
1051653600,334.2,339.9,333.7,338.5,916.92,,,
1051740000,338.5,343.35,337.9,341.7,916.3,,,
1051826400,341.7,343.5,338.9,340.9,930.08,,,
1052085600,341,343.3,340.7,342.2,926.55,,,
1052172000,342,344.9,341.2,344.2,934.39,,,
1052258400,344.2,344.75,339.4,342,929.62,,,
1052344800,342,349.7,340.8,348.6,920.27,,,
1052431200,348.2,349.15,346.4,348.5,933.41,,,
1052690400,348.8,352.45,348.7,351.2,945.11,,,
1052776800,351.2,351.75,348.87,349.8,942.3,,,
1052863200,349.9,354.9,348.3,352.4,939.28,,,
1052949600,352.4,356,350.9,351.9,946.67,,,
1053036000,351.9,357.2,351.2,354.7,944.3,,,
1053295200,355,366.2,355,366.2,920.77,,,
1053381600,366.2,370.15,364.1,367.9,919.73,,,
1053468000,367.9,373.2,363.7,371.5,923.42,,,
1053554400,371.5,372.7,366.45,367,931.87,,,
1053640800,367,370.8,365.2,368.7,933.22,,,
1053900000,368.7,371.1,367.8,370.3,933.22,,,
1053986400,370.26,374.6,365.5,366.2,951.48,,,
1054072800,364.9,367,358.65,365,953.22,,,
1054159200,365,369.8,359.7,369.2,949.64,,,
1054245600,369.2,369.2,360.85,364.4,963.59,,,
1054504800,364.3,367.4,359.6,365.8,967,,,
1054591200,365.7,367.3,363.5,365.2,971.56,,,
1054677600,365.2,365.95,360.83,361.22,986.24,,,
1054764000,362.7,369.75,360.9,368.7,990.14,,,
1054850400,368.7,368.8,361.5,363.7,987.76,,,
1055109600,363.4,366,361.1,361.8,975.93,,,
1055196000,361.8,362,351.35,352.1,984.84,,,
1055282400,352.2,357.4,351.4,355.6,997.48,,,
1055368800,355.6,356,350.9,353.4,998.51,,,
1055455200,353.3,357.2,351.4,356.6,988.61,,,
1055714400,356.6,361.4,355.9,359.1,1010.86,,,
1055800800,359,365.2,358.85,363.3,1011.69,,,
1055887200,363.3,364.2,356.5,357.3,1010.09,,,
1055973600,357.3,363.1,355.1,361.3,994.69,,,
1056060000,361.3,363.1,355.5,357.33,995.73,,,
1056319200,356.2,357.9,350.87,352.95,981.65,,,
1056405600,353,355,346,346.75,983.44,,,
1056492000,347.45,350,346.7,347.35,975.31,,,
1056578400,347.55,348.6,343.35,344.1,985.81,,,
1056664800,343.6,347,342.6,345.2,976.22,,,
1056924000,345.33,347.9,344.4,346.35,974.5,,,
1057010400,345.3,353.25,345.2,350.7,982.31,,,
1057096800,351.5,353.1,349.9,351.45,993.75,,,
1057183200,351.1,352.2,349.1,351.1,985.7,,,
1057269600,351,351.65,350.6,350.8,985.7,,,
1057528800,350.8,352.2,347.6,348.2,1004.5,,,
1057615200,348.4,348.65,342.55,344.4,1007.84,,,
1057701600,344.2,346.2,343.6,344.5,1002.22,,,
1057788000,344.2,345.8,342.2,345.4,988.67,,,
1057874400,344.4,345.5,342.5,345.15,998.13,,,
1058133600,345,348.15,344.1,347.25,1003.86,,,
1058220000,347.4,349.45,341.1,342.1,1000.42,,,
1058306400,342.1,344.5,340.5,343.5,994.09,,,
1058392800,343.5,345.3,341,344.7,981.73,,,
1058479200,344.7,347.9,343.2,347.2,993.32,,,
1058738400,346.5,352.4,346.5,351.7,978.8,,,
1058824800,351.7,353,349.9,350.7,988.11,,,
1058911200,350.7,359.6,350.65,359.6,988.6,,,
1058997600,359.4,363.9,356.15,361.6,981.6,,,
1059084000,361.7,364.55,359.5,362.7,998.68,,,
1059343200,362.5,367.5,360.1,365.1,996.52,,,
1059429600,365.1,365.4,360.95,361.8,989.28,,,
1059516000,361.6,361.8,355.15,356.3,987.65,,,
1059602400,356.4,357.67,353.5,354.3,990.31,,,
1059688800,354.2,355.7,345.9,346.1,980.15,,,
1059948000,348.85,350.3,346.8,349.4,982.82,,,
1060034400,349.5,352.2,348.2,352,965.47,,,
1060120800,352,353.4,349.2,351.7,967.08,,,
1060207200,351.7,353.75,349.5,352.8,974.12,,,
1060293600,352.8,357.6,352.5,356.7,977.59,,,
1060552800,356.2,362.2,356.2,361.8,980.59,,,
1060639200,361.8,362.35,358.2,358.4,990.35,,,
1060725600,359.2,364.45,356.03,362.65,984.03,,,
1060812000,362.7,367.3,360,365.9,990.51,,,
1060898400,365.9,367.08,363.1,363.7,990.67,,,
1061157600,363.2,363.7,357.8,358.3,999.74,,,
1061244000,358.58,362.58,356.15,362,1002.33,,,
1061330400,362,366.8,361.68,366.2,1000.3,,,
1061416800,366.2,366.65,359,360.7,1003.27,,,
1061503200,361.1,364.1,358.25,362.9,993.05,,,
1061762400,363.1,363.8,360.45,361.2,993.71,,,
1061848800,361.2,365.9,359.2,364.4,996.73,,,
1061935200,364.6,373.98,363,372.5,996.79,,,
1062021600,372.6,372.6,368.9,369.6,1002.84,,,
1062108000,369.6,377.4,369,375.5,1008.03,,,
1062367200,374.7,378.75,374.4,375.5,1008.03,,,
1062453600,375.5,379.2,371.7,371.9,1021.99,,,
1062540000,371.9,375.5,369.75,373.8,1026.27,,,
1062626400,373.8,374.7,369.7,373.3,1027.97,,,
1062712800,373.3,379.05,370.5,377.3,1021.37,,,
1062972000,376.7,377.1,373.5,375.2,1031.64,,,
1063058400,375.2,383.5,375.1,382.6,1023.17,,,
1063144800,382,382.75,378.4,380.4,1010.93,,,
1063231200,380.4,381.1,374.8,380.1,1016.42,,,
1063317600,380.2,381.85,374.9,375.2,1018.63,,,
1063576800,375.9,377,372.65,374,1014.81,,,
1063663200,374.15,376.33,371.6,373.2,1029.32,,,
1063749600,373.3,377.08,372.25,376.7,1025.97,,,
1063836000,376.7,379.85,375.2,376.3,1039.58,,,
1063922400,376.4,383.25,375.2,381.8,1036.31,,,
1064181600,380.7,388,380.7,387.05,1022.79,,,
1064268000,386.8,387.7,383.2,384.7,1029.04,,,
1064354400,384.7,388.8,383.53,388.8,1009.38,,,
1064440800,388.8,393.7,383.9,385.3,1003.26,,,
1064527200,385.3,386.5,379.2,380.8,996.85,,,
1064786400,380.9,385.05,379.2,382.2,1006.59,,,
1064872800,382.3,388.37,381.7,385.3,995.95,,,
1064959200,385.3,386.1,382.6,384.7,1018.22,,,
1065045600,384.7,386.7,381.12,382.8,1020.24,,,
1065132000,382.8,386.1,366.95,369.5,1029.85,,,
1065391200,369.5,373.45,369.1,372.9,1034.35,,,
1065477600,372.9,377.15,372.3,376.4,1039.25,,,
1065564000,376.4,378.4,374.5,375.2,1033.78,,,
1065650400,375.1,377.4,368,370,1038.73,,,
1065736800,370.2,373.8,370,373,1038.06,,,
1065996000,373.4,375.3,369.55,374.7,1045.35,,,
1066082400,374.6,376.7,372.3,375.2,1049.48,,,
1066168800,375.3,376,371.4,372.9,1046.76,,,
1066255200,372.9,375.03,370.65,371.6,1050.07,,,
1066341600,371.8,372.5,366.45,371.6,1039.32,,,
1066600800,371.6,374.45,370,373.3,1044.68,,,
1066687200,373.3,381.75,372.5,380.7,1046.03,,,
1066773600,380.7,387.4,380.2,385.8,1030.36,,,
1066860000,385.8,387.6,382.75,384.2,1033.77,,,
1066946400,384.2,392.4,384,388.5,1028.91,,,
1067209200,387.9,388.05,382.4,382.8,1031.13,,,
1067295600,382.8,387.6,379.7,386.45,1046.79,,,
1067382000,386.45,391.25,382.1,383.5,1048.11,,,
1067468400,383.25,389.2,381.6,384.2,1046.94,,,
1067814000,384.4,385.1,376,376.6,1059.02,,,
1067900400,377.3,380.85,376.7,379.5,1053.25,,,
1067986800,379.6,384.35,378.85,381.3,1051.81,,,
1068073200,381.7,383.9,379.3,379.9,1058.05,,,
1068159600,379.9,383.6,375.9,383,1053.21,,,
1068418800,383.1,387.35,382.45,385.9,1047.11,,,
1068505200,385.9,389.1,385.7,387.9,1046.57,,,
1068591600,388.1,396.7,387.2,394,1058.53,,,
1068678000,394,397.8,393,394.6,1058.41,,,
1068764400,394.4,398.95,394.1,397.5,1050.35,,,
1069023600,397,399.5,385.78,391,1043.63,,,
1069110000,391,398.7,390.2,398.7,1034.15,,,
1069196400,398.4,400.5,392.5,395,1042.44,,,
1069282800,395,397.2,391.83,394.4,1033.65,,,
1069369200,394.5,397.9,392.7,396,1035.28,,,
1069628400,396,396.45,390.28,391.43,1052.08,,,
1069714800,391.4,393.15,389.65,391.2,1053.89,,,
1069801200,391.1,400.8,390.75,396.6,1058.45,,,
1069887600,396.5,397.2,395.18,395.2,1058.45,,,
1069974000,395.2,399,394.9,398.1,1058.2,,,
1070233200,397.7,403.4,396.7,402.2,1070.12,,,
1070319600,403.2,405.7,399.1,403.2,1066.62,,,
1070406000,403.2,404.8,401.1,404.7,1064.73,,,
1070492400,404.5,404.98,399.85,402.7,1069.72,,,
1070578800,402.7,406.62,399.53,406.3,1061.5,,,
1070838000,406,409.3,404.87,406.7,1069.3,,,
1070924400,407,409.5,405.4,408.2,1060.18,,,
1071010800,408.2,412.3,405.37,405.4,1059.05,,,
1071097200,406.2,406.4,402.6,404.9,1071.21,,,
1071183600,404.9,409.4,404.5,408.8,1074.14,,,
1071442800,406.1,410.85,401.5,409.7,1068.04,,,
1071529200,410.33,410.4,407.15,407.2,1075.13,,,
1071615600,407.2,413.22,407.1,412.5,1076.48,,,
1071702000,412.5,412.7,407.6,410.7,1089.18,,,
1071788400,410.6,411.2,407.3,409.3,1088.66,,,
1072047600,408.7,411.55,407.6,410,1092.94,,,
1072134000,409.9,411.08,408.87,410.7,1096.02,,,
1072220400,410.5,412.7,410.4,412,1094.04,,,
1072306800,412,413,411.8,412.9,1094.04,,,
1072393200,412.9,413.4,410.6,412.2,1095.89,,,
1072652400,412.2,415.6,411.35,414.53,1109.48,,,
1072738800,414.4,417.1,414.1,416.2,1109.64,,,
1072825200,416.2,417.7,414.1,415.4,1111.92,,,
1072911600,415.8,415.8,415.8,415.8,1111.92,,,
1072998000,415.8,416.6,414.7,415.8,1108.49,,,
1073257200,415.1,424.85,415,423.6,1122.22,,,
1073343600,423.6,430.35,421,422.3,1123.67,,,
1073430000,422.08,424.4,419.9,420.5,1126.33,,,
1073516400,420.4,425.3,417.3,423.83,1131.92,,,
1073602800,423.7,427.4,420,426.33,1121.86,,,
1073862000,426.9,428.9,423.17,424.4,1127.23,,,
1073948400,424.7,426.8,422.5,424.1,1121.22,,,
1074034800,424.1,424.7,417.68,419.9,1130.52,,,
1074121200,419.7,420.33,407.75,408.83,1132.05,,,
1074207600,409,410.75,405.4,406.7,1139.83,,,
1074466800,406.5,409,406.4,407.2,1139.83,,,
1074553200,407.2,413.05,405,412.8,1138.77,,,
1074639600,412.7,413.5,407.55,410.5,1147.62,,,
1074726000,410.5,412.97,408.2,409.3,1143.94,,,
1074812400,409.3,412.65,406.55,408.03,1141.55,,,
1075071600,407.8,409.15,403.7,404,1155.37,,,
1075158000,403.7,412.1,402.8,410.3,1144.05,,,
1075244400,410,415,408,410.3,1128.48,,,
1075330800,410.2,411.5,396.4,399.3,1134.11,,,
1075417200,399.3,402.65,398.5,402.4,1131.13,,,
1075676400,402.3,403.4,394.4,398.3,1135.26,,,
1075762800,398.2,403.6,398.2,399.6,1136.03,,,
1075849200,399.6,401.1,398.6,400.7,1126.52,,,
1075935600,400.7,400.9,396.9,396.9,1128.59,,,
1076022000,396.9,408.55,394.7,403.3,1142.76,,,
1076281200,403.5,407.5,402.2,406.7,1139.81,,,
1076367600,406.7,410.08,405.8,406.3,1145.54,,,
1076454000,406.2,412.33,404.8,411.1,1157.76,,,
1076540400,411.2,413.8,409.75,411.8,1152.11,,,
1076626800,411.7,417.05,406.55,410.1,1145.81,,,
1076886000,410.1,411.75,409.5,411.6,1145.81,,,
1076972400,411.6,416.12,410.95,415.5,1156.99,,,
1077058800,415.5,416.75,409.7,410.9,1151.82,,,
1077145200,410.7,412.1,407.95,409.93,1147.06,,,
1077231600,409.9,411.45,394.1,397.5,1144.11,,,
1077490800,398.3,400.35,396.4,398.6,1140.99,,,
1077577200,398.6,404.4,398.2,403.8,1139.09,,,
1077663600,403.8,404.3,392.85,396,1143.67,,,
1077750000,396,397.6,390.95,395,1144.91,,,
1077836400,395,397.9,392.05,396.1,1144.94,,,
1078095600,396.2,402.8,396.2,399.5,1155.97,,,
1078182000,399.5,401.41,391.03,393,1149.1,,,
1078268400,393,393.7,387.9,393.3,1151.03,,,
1078354800,393.3,395.65,391.4,393,1154.87,,,
1078441200,393,401.4,392.4,401.2,1156.86,,,
1078700400,401.2,401.58,397.95,401.4,1147.2,,,
1078786800,401.4,406.2,400.2,402.7,1140.57,,,
1078873200,403.3,404.39,397.5,400.1,1123.9,,,
1078959600,399.9,403,397.15,402.87,1106.79,,,
1079046000,402.8,403,394.9,395.2,1120.6,,,
1079305200,400.08,404.3,398.9,402.2,1104.43,,,
1079391600,402.2,407.58,401.75,407.3,1110.7,,,
1079478000,407.08,413.85,406,411.3,1123.78,,,
1079564400,411.3,413.25,408.8,412.3,1122.31,,,
1079910000,417.2,420.45,415.2,419.7,1095.44,,,
1079996400,419.7,420.1,414.8,415.5,1093.9,,,
1080082800,415.33,418.2,414.7,416.2,1091.32,,,
1080169200,416.5,423.7,415.1,422.3,1109.28,,,
1080514800,417.7,422.1,417.3,420.8,1122.47,,,
1080601200,420.7,427.4,420.4,426.4,1127,,,
1080687600,426,431,424.2,425.85,1126.21,,,
1080774000,425.9,429.3,417.9,420.6,1132.17,,,
1081116000,420.8,422.5,413.8,415.6,1150.54,,,
1081202400,415.7,419.5,415,419.4,1148.17,,,
1081288800,419.3,423.85,417.45,423,1140.51,,,
1081375200,423.1,423.62,418.55,420,1139.33,,,
1081461600,420.1,420.75,419.45,420,1139.33,,,
1081720800,420,422.05,417.55,418.6,1145.22,,,
1081807200,418.7,421.5,405.12,406.6,1129.42,,,
1081893600,406.6,408.1,396.93,400.5,1128.17,,,
1081980000,400.6,401.5,395.6,399.3,1128.84,,,
1082066400,399.2,402.6,396.85,400.5,1134.57,,,
1082325600,401.2,405.87,400,401,1135.84,,,
1082412000,401.1,401.1,394.8,394.8,1118.09,,,
1082498400,394.9,395.33,389.48,390,1124.12,,,
1082584800,390.5,393.99,389.2,392.9,1139.95,,,
1082671200,394.05,396.6,392.7,395,1140.6,,,
1082930400,395.1,398,393.65,396.3,1135.48,,,
1083016800,396.4,399.58,395.5,398.7,1138.15,,,
1083103200,398.5,399,383.65,385.6,1122.41,,,
1083189600,385.5,388.3,377.7,387.8,1113.88,,,
1083276000,387.7,390.7,385.85,386.7,1107.24,,,
1083535200,386.8,389.55,385.85,387.1,1117.56,,,
1083621600,387,393.35,386.4,392.6,1119.51,,,
1083708000,392.7,394.95,390.35,393.2,1121.58,,,
1083794400,393.1,393.75,386.85,387.7,1113.96,,,
1083880800,387.6,390,377.55,378.7,1098.69,,,
1084140000,379,379.5,371.6,378.7,1087.12,,,
1084226400,378.8,380,374.55,377.8,1095.49,,,
1084312800,377.9,384.2,376.9,378.08,1097.26,,,
1084399200,377.7,379.2,373.1,374.8,1096.47,,,
1084485600,374.9,377.3,373.2,376.6,1095.66,,,
1084744800,376.9,383.5,376.7,379.1,1084.08,,,
1084831200,379,380,375.5,377.1,1091.53,,,
1084917600,377.1,383.2,375.3,382.4,1088.68,,,
1085004000,381.95,382.8,378.3,379.6,1089.18,,,
1085090400,379.7,387.3,379.2,384.3,1093.59,,,
1085349600,384.4,386.85,383.45,385.5,1095.34,,,
1085436000,385.4,389.95,385.05,388.6,1113.08,,,
1085522400,388.7,392,387.8,388.7,1114.95,,,
1085608800,388.6,396.03,388.4,394.7,1121.26,,,
1085695200,394.8,396.8,392.7,393.3,1120.64,,,
1085954400,393.4,395.77,393.4,395.5,1120.64,,,
1086040800,395.5,398.85,393.5,394.6,1121.24,,,
1086127200,394.6,397.2,390.45,391.5,1124.99,,,
1086213600,391.5,392.8,387.6,388.3,1116.63,,,
1086300000,388.2,391.75,385.25,389.9,1122.51,,,
1086559200,390.7,394.4,390.7,393.7,1140.53,,,
1086645600,393.6,395.35,390.5,391.3,1142.12,,,
1086732000,391.4,391.95,383.35,384.6,1131.29,,,
1086818400,384.7,387.9,382.5,386,1136.47,,,
1086904800,386.1,386.5,383.5,384.5,1136.47,,,
1087164000,384.8,386.3,382.6,383.5,1125.26,,,
1087250400,383.6,389.15,381.9,389,1132,,,
1087336800,388.9,389.75,383.4,384.6,1133.6,,,
1087423200,384.7,389.7,383.7,388.83,1132.03,,,
1087509600,388.8,396.3,386.5,394.8,1135,,,
1087768800,394.8,397.3,392.8,393.8,1130.32,,,
1087855200,393.9,396.8,393,394.9,1134.41,,,
1087941600,395,397,393.05,395.7,1144.04,,,
1088028000,395.8,403.25,394.1,402.1,1140.62,,,
1088114400,401.9,403.25,400.95,401.5,1134.32,,,
1088373600,402.3,405.05,399.65,400.83,1133.52,,,
1088460000,400.8,401.66,390.9,392.5,1136.23,,,
1088546400,392.6,396.75,391.8,394.2,1140.75,,,
1088632800,394.1,396.3,392.8,395.9,1128.98,,,
1088719200,395.8,400.35,392.1,397.9,1125.38,,,
1088978400,397.9,399.2,397.3,398.2,1125.38,,,
1089064800,398.2,399.3,388.95,392.7,1116.19,,,
1089151200,392.8,403.5,392.4,402.4,1118.33,,,
1089237600,402.5,409.1,399.7,407.9,1109.1,,,
1089324000,407.7,408.3,405.45,407.6,1112.81,,,
1089583200,407.9,408.84,405.47,407.9,1114.35,,,
1089669600,407.8,408,400.4,401.6,1115.13,,,
1089756000,401.7,406.2,401.5,405.4,1111.47,,,
1089842400,405.5,405.65,401.4,404,1106.69,,,
1089928800,404.1,407.55,402.7,406.6,1101.4,,,
1090188000,406.7,407.91,404.4,405.6,1100.9,,,
1090274400,406,406.8,399.4,400.1,1108.67,,,
1090360800,399.9,402.2,394.85,396.7,1093.88,,,
1090447200,396.7,398.4,393.5,395,1096.84,,,
1090533600,393.6,396,387.22,390.1,1086.2,,,
1090792800,390.1,392.5,388.6,388.9,1084.07,,,
1090879200,389,393.6,385.8,387.2,1094.83,,,
1090965600,387.3,390.3,385.5,387.8,1095.42,,,
1091052000,387.7,391.3,385.75,387.5,1100.43,,,
1091138400,387.4,392.4,387.3,391,1101.72,,,
1091397600,390.9,394.75,390.9,392.1,1106.62,,,
1091484000,392,394.85,389.05,394,1099.69,,,
1091570400,393.9,394.3,390.75,391.6,1098.63,,,
1091656800,391.7,393.56,390.8,392.8,1080.7,,,
1091743200,392.6,401,391.6,399.7,1063.97,,,
1092002400,399.6,400.9,397.95,400.2,1065.22,,,
1092088800,400.1,401,397.9,398.6,1079.04,,,
1092175200,398.4,399.2,393.08,395.4,1075.79,,,
1092261600,395.5,397.85,393.6,393.7,1063.23,,,
1092348000,394.5,399.6,392.5,398.9,1064.8,,,
1092607200,398.8,403.55,398.5,402.2,1079.34,,,
1092693600,402.1,405.25,400.4,405,1081.71,,,
1092780000,404.2,405.4,401.5,404.5,1095.17,,,
1092866400,404.4,407.95,403.9,406.6,1091.23,,,
1092952800,406.7,414.22,405.1,412.7,1098.35,,,
1093212000,412.8,412.8,408.5,409.9,1095.68,,,
1093298400,409.8,410,402.45,403.1,1096.19,,,
1093384800,403.2,408.05,402.7,406.5,1104.96,,,
1093471200,406.6,409.2,404.5,406.5,1105.09,,,
1093557600,406.7,408.95,401.37,403.2,1107.77,,,
1093816800,403,409.05,402.9,408,1099.15,,,
1093903200,408.1,411.25,406.78,409.8,1104.24,,,
1093989600,409.7,410.33,406.9,408.8,1105.91,,,
1094076000,408.7,409.1,405.7,406.3,1118.31,,,
1094162400,406.1,406.8,399.1,401,1113.63,,,
1094421600,401,403,400.6,402.5,1113.63,,,
1094508000,402.5,402.5,396.8,397.7,1121.3,,,
1094594400,397.6,400.25,395.1,399.6,1116.27,,,
1094680800,399.1,400.7,397.4,398.9,1118.38,,,
1094767200,399,402.9,399,402.7,1123.92,,,
1095026400,402.6,404.85,399.25,403.9,1125.82,,,
1095112800,403.7,407,402.45,405.37,1128.33,,,
1095199200,405.6,406.1,403.05,405.1,1120.37,,,
1095285600,405.1,405.9,402.5,404.47,1123.5,,,
1095372000,404.5,407.05,403.35,405.6,1128.55,,,
1095631200,405.2,405.7,403.5,405,1122.2,,,
1095717600,405.3,410.2,404.2,409.2,1129.3,,,
1095804000,409,409.7,404.25,407.3,1113.56,,,
1095890400,407.43,412.1,406.7,410.08,1108.36,,,
1095976800,409.33,411.8,406.9,407.78,1110.11,,,
1096236000,407.83,410.3,407.4,408.58,1103.52,,,
1096322400,408.6,413.1,408.45,412.2,1110.06,,,
1096408800,412.2,414.4,411.1,412.9,1114.8,,,
1096495200,412.8,419.05,411.33,418.2,1114.58,,,
1096581600,418.2,419.8,416.8,419.42,1131.5,,,
1096840800,419.33,419.33,411.75,414,1135.17,,,
1096927200,414.2,419.7,412.43,418.7,1134.48,,,
1097013600,418.95,420.3,416.09,417.83,1142.05,,,
1097100000,417.8,420.11,417.14,417.6,1130.65,,,
1097186400,417.9,423.85,417.25,422.73,1122.14,,,
1097445600,422.55,423.45,421,422,1124.39,,,
1097532000,421.7,422.52,413.05,415.2,1121.84,,,
1097618400,415.37,416.6,409.5,416.2,1113.64,,,
1097704800,416.1,418.95,414.31,417.7,1103.29,,,
1097791200,417.8,421.34,417.69,418.75,1108.2,,,
1098050400,418.58,420.29,416.2,416.2,1114.02,,,
1098136800,415.83,420.66,414.7,419.8,1103.23,,,
1098223200,420.18,425.95,419.75,424.08,1103.66,,,
1098309600,424.08,426.22,421.95,423.7,1106.49,,,
1098396000,423.9,425.12,421.98,424.18,1095.74,,,
1098655200,425.08,430.64,425.08,428.4,1094.8,,,
1098741600,428.6,429.13,424.65,426.8,1111.1,,,
1098828000,427.01,428.94,423.34,424.2,1125.4,,,
1098914400,424,427.4,420.9,424.3,1127.44,,,
1099000800,424.3,428.9,423.83,428.5,1130.2,,,
1099263600,427,427.05,417.35,421.5,1130.51,,,
1099350000,421.7,427.2,419.21,426.8,1130.58,,,
1099436400,426.83,433.05,425.7,429.5,1143.2,,,
1099522800,429.4,434.02,424.91,433.5,1161.67,,,
1099868400,433.5,435.2,431.15,431.9,1164.89,,,
1099954800,432,436.69,431.33,435.1,1164.08,,,
1100041200,435.2,438,432.49,434.5,1162.91,,,
1100127600,434.3,435.5,432.05,434.83,1173.48,,,
1100214000,434.58,438.91,434.2,437.8,1184.17,,,
1100473200,437.58,440.3,435.98,436.7,1183.81,,,
1100559600,436.7,440.85,435.83,439.4,1175.43,,,
1100646000,439.5,445.1,438.93,444.6,1181.94,,,
1100732400,444.83,446.16,440.15,442.9,1183.55,,,
1100818800,443,448.3,441.7,447,1170.34,,,
1101078000,446.7,448.91,446,448.89,1177.24,,,
1101164400,448.8,449.66,445.99,447,1176.94,,,
1101250800,447.2,449.7,447.2,449.5,1181.76,,,
1101337200,449.2,452.8,448.83,451.64,1181.76,,,
1101423600,451.33,455.25,449.49,451.9,1182.65,,,
1101682800,451.95,454.8,449.49,453.9,1178.57,,,
1101769200,453.7,453.8,448.1,450.9,1173.82,,,
1101855600,451.1,455.61,450.39,454.7,1191.37,,,
1101942000,454.5,456.84,447.05,449.2,1190.33,,,
1102028400,449.1,456.37,448.16,455.85,1191.17,,,
1102287600,455.45,456.33,450.99,452.2,1190.25,,,
1102374000,452.1,455,450.35,450.85,1177.07,,,
1102460400,450.9,450.9,433.47,440.55,1182.81,,,
1102546800,440.35,441.35,432.45,437.25,1189.24,,,
1102633200,437.25,437.7,431.91,434.15,1188,,,
1102892400,434.08,440.02,434.08,438.8,1198.68,,,
1102978800,439.05,439.6,435,435.55,1203.38,,,
1103065200,434.95,441.45,434.95,440.55,1205.72,,,
1103151600,440.45,442.87,435.55,437.15,1203.2,,,
1103238000,437.2,441.99,436.9,441.45,1194.22,,,
1103497200,441.58,444,440.84,442.94,1194.66,,,
1103583600,442.58,443.55,440.52,441.55,1205.43,,,
1103670000,441.7,443.04,438.9,439.65,1209.57,,,
1103756400,439.7,442.55,439.55,442.19,1210.13,,,
1103842800,441.69,443.25,441.56,442.6,1210.13,,,
1104102000,442.45,445.5,442.4,444.3,1204.92,,,
1104188400,444.4,445.6,442.89,443.7,1213.54,,,
1104274800,443.83,444.44,433.56,436.4,1213.45,,,
1104361200,436.35,438.72,433.87,437.94,1213.55,,,
1104447600,437.58,439,436.83,438.4,1211.92,,,
1104706800,437.95,438,427.15,429.5,1202.08,,,
1104793200,429.7,429.95,424.11,427.5,1188.04,,,
1104879600,427.4,428.42,425.34,426.5,1183.74,,,
1104966000,426.6,427.5,420.42,421.35,1187.89,,,
1105052400,421.25,424.93,416.94,419,1186.19,,,
1105311600,419.3,421.7,418.85,419.58,1190.24,,,
1105398000,419.75,422.79,419.44,421.6,1182.99,,,
1105484400,421.8,427.7,420.65,426.1,1187.7,,,
1105570800,426.3,426.96,423.3,425.15,1177.45,,,
1105657200,425.3,425.62,420.55,423.1,1184.52,,,
1105916400,422.33,423.29,421.15,422.08,1184.52,,,
1106002800,421.8,423.95,421.2,423,1195.98,,,
1106089200,422.9,426.95,422.15,423.1,1184.63,,,
1106175600,423.2,423.33,420.1,422.3,1175.41,,,
1106262000,422.4,428.3,421.05,427.2,1167.87,,,
1106521200,426.6,428.05,426.6,427.3,1163.75,,,
1106607600,427.56,427.9,420.91,422.15,1168.41,,,
1106694000,421.95,427.72,421.33,426.75,1174.07,,,
1106780400,426.55,428.1,424.11,426.15,1174.55,,,
1106866800,426.35,427.71,424.4,426.95,1171.36,,,
1107126000,426.3,426.54,419.74,422.55,1181.27,,,
1107212400,422.33,422.7,419.45,421.08,1189.41,,,
1107298800,421.09,422.75,420.11,421.91,1193.19,,,
1107385200,421.87,421.9,414.66,417.15,1189.89,,,
1107471600,417.05,417.62,414.12,414.65,1203.03,,,
1107730800,414.69,416.28,412.7,413.35,1201.72,,,
1107817200,413.45,414.3,410.8,412.65,1202.3,,,
1107903600,412.6,413.75,410.35,413.3,1191.99,,,
1107990000,413.25,418.74,411.99,417.75,1197.01,,,
1108076400,417.65,422.09,416.44,420.85,1205.3,,,
1108335600,420.45,426.29,420.45,425.7,1210.12,,,
1108422000,425.6,427.2,423.68,425.7,1210.34,,,
1108508400,425.6,425.9,422.22,425.15,1200.75,,,
1108594800,425.95,428.55,424.16,427.12,1201.59,,,
1108681200,427.19,428.12,425.85,427.36,1201.59,,,
1108940400,427.35,427.93,426.19,427.4,1201.59,,,
1109026800,427.19,435.8,426.18,435.8,1190.8,,,
1109113200,435.58,435.9,431.85,434.5,1200.2,,,
1109199600,434.45,436.8,432.35,433.7,1211.37,,,
1109286000,433.65,435.59,431.05,435.2,1211.37,,,
1109545200,434.83,437.75,434.65,435.6,1210.41,,,
1109631600,435.55,435.9,430.88,432.55,1210.08,,,
1109718000,432.34,433.66,428.7,432.9,1210.47,,,
1109804400,432.8,433.58,429.11,429.6,1222.12,,,
1109890800,429.5,435.28,429.22,434.25,1222.12,,,
1110150000,434.55,435.38,432.35,434.5,1219.43,,,
1110236400,434.45,440.9,434.25,440.5,1207.01,,,
1110322800,440.8,442.56,438.91,440.55,1209.25,,,
1110409200,440.15,442.79,439.95,442.08,1200.08,,,
1110495600,442.15,447,440.1,444.9,1200.08,,,
1110754800,440.45,444.21,439.65,440.65,1206.83,,,
1110841200,440.45,443.96,439.83,443.1,1197.75,,,
1110927600,443.15,444,437.59,438.75,1188.07,,,
1111014000,438.66,439.87,435.91,439.3,1190.21,,,
1111359600,431.13,432.56,426.6,427.06,1183.78,,,
1111446000,427,428.66,424.4,425.3,1171.71,,,
1111532400,425.18,426.45,424.4,425,1172.53,,,
1111618800,424.65,425.69,424.65,424.83,1171.42,,,
1112050800,426,428.1,425.7,426.3,1165.36,,,
1112137200,426.2,428.91,426.1,428.3,1181.41,,,
1112223600,428.4,428.6,424.8,426.2,1180.59,,,
1112565600,425.95,426.67,422.5,424.2,1176.12,,,
1112652000,424.25,425.56,422.69,425.3,1181.39,,,
1112738400,425.1,427.36,424,426.65,1184.07,,,
1112824800,426.55,428.55,425.47,425.85,1191.14,,,
1112911200,425.75,427.41,424.55,427.05,1181.2,,,
1113170400,426.85,429.85,426.25,427.95,1181.21,,,
1113256800,428.05,430.05,426.45,428.15,1187.76,,,
1113343200,428.45,429.6,426.95,428.85,1173.79,,,
1113429600,429.05,429.35,422.35,423.95,1162.05,,,
1113516000,423.55,425.99,422.49,424.85,1142.62,,,
1113775200,424.65,428.03,423.24,427.3,1145.98,,,
1113861600,426.8,433.95,426.41,433.95,1152.78,,,
1113948000,433.75,435.65,431.45,434.55,1137.5,,,
1114034400,434.72,435.15,432.05,432.52,1159.95,,,
1114120800,432.35,435.46,432.05,434.55,1152.12,,,
1114380000,434.05,434.85,432.55,434.65,1162.1,,,
1114466400,434.6,437.62,434.35,437.05,1151.74,,,
1114552800,437.15,437.25,432.04,432.41,1156.38,,,
1114639200,432.15,433.85,430.54,431.35,1143.22,,,
1114725600,431.4,436.72,431,434.34,1156.85,,,
1114984800,434.4,434.4,428.81,429.75,1162.16,,,
1115071200,429.69,430,426.43,427.85,1161.17,,,
1115157600,427.75,429.75,427.31,429.75,1175.65,,,
1115244000,429.65,431.65,428.05,430.35,1172.1,,,
1115330400,430.25,431.15,423.84,426.15,1171.35,,,
1115589600,426.25,426.65,424.79,426.05,1178.84,,,
1115676000,426.15,428.16,425.95,426.55,1166.22,,,
1115762400,426.45,428.55,425.65,427.35,1171.11,,,
1115848800,427.45,427.65,420.75,422.35,1159.36,,,
1115935200,422.05,422.59,419.16,420.35,1154.05,,,
1116194400,420.75,420.75,418.1,419.7,1165.69,,,
1116280800,419.65,421.35,418.65,418.7,1173.8,,,
1116367200,418.7,421.9,418.65,421.7,1185.56,,,
1116453600,421.65,423.2,419.5,420.55,1191.08,,,
1116540000,420.7,421.15,416.7,417.6,1189.28,,,
1116799200,417.5,418.4,416.86,417.5,1193.86,,,
1116885600,417.4,419.4,416.3,418.3,1194.07,,,
1116972000,417.85,419.6,417.15,419.5,1190.01,,,
1117058400,419.45,420.1,417.34,417.75,1197.62,,,
1117144800,417.85,420.4,417.6,420.4,1198.78,,,
1117404000,420.19,420.19,418.15,418.5,1198.78,,,
1117490400,418.5,419,413.81,417.2,1191.5,,,
1117576800,417.1,417.81,414.64,415.35,1202.22,,,
1117663200,415.4,423.6,415.05,421.75,1204.29,,,
1117749600,421.6,424.85,421.6,422.4,1196.02,,,
1118008800,422.5,427.3,422.5,425.9,1197.51,,,
1118095200,426.1,427.55,424.3,424.7,1197.26,,,
1118181600,424.6,426.55,423.1,423.1,1194.67,,,
1118268000,423.4,424.94,421.09,423.65,1200.93,,,
1118354400,423.8,428.3,422.16,427,1198.11,,,
1118613600,426.9,430.61,423.95,428.85,1200.82,,,
1118700000,428.65,428.65,426.45,426.8,1203.91,,,
1118786400,426.75,429.94,425.95,428.85,1206.58,,,
1118872800,428.5,436.4,428.25,435.6,1210.96,,,
1118959200,435.5,439.25,435.43,437.6,1216.96,,,
1119218400,438.08,441.25,437.39,437.85,1216.1,,,
1119304800,438,438.95,434,438.55,1213.61,,,
1119391200,438.81,439,436.25,438.1,1213.88,,,
1119477600,438.05,442.4,435.9,441.25,1200.73,,,
1119564000,441.4,443.66,438.4,439.9,1191.57,,,
1119823200,439.4,440.4,438.59,439.75,1190.69,,,
1119909600,439.9,440.1,435.25,435.5,1201.57,,,
1119996000,435.3,438.2,433.95,437.2,1199.85,,,
1120082400,437,438.95,435.08,435.45,1191.33,,,
1120168800,435.2,436.65,426.8,427.35,1194.44,,,
1120428000,428.01,428.1,426.3,427.85,1194.44,,,
1120514400,427.33,427.33,421.85,423.55,1204.99,,,
1120600800,423.45,424.72,423.3,423.71,1194.94,,,
1120687200,423.45,428.85,421.95,424.15,1197.87,,,
1120773600,424.45,424.95,422.05,423.05,1211.86,,,
1121032800,423.7,426.6,423.65,425.85,1219.44,,,
1121119200,426.2,427.8,424.95,426.9,1222.21,,,
1121205600,426.75,427.2,423.35,424.05,1223.29,,,
1121292000,424.1,424.65,419,419.55,1226.5,,,
1121378400,419.4,421.6,418.2,421.5,1227.92,,,
1121637600,421.33,422.7,420.2,421,1221.13,,,
1121724000,420.8,422.1,418.95,420.05,1229.35,,,
1121810400,420.05,423.4,419.85,423.1,1235.2,,,
1121896800,423.3,425.9,422.95,425.55,1227.04,,,
1121983200,425.8,426.99,424.2,424.95,1233.68,,,
1122242400,425,426.4,424.35,425.8,1229.03,,,
1122328800,425.95,426.05,422.45,423.45,1231.16,,,
1122415200,423.3,425.9,421.95,425.45,1236.79,,,
1122501600,425.35,429.25,424.55,427.95,1243.72,,,
1122588000,428.05,430.85,427.25,429.75,1234.18,,,
1122847200,429.85,432.6,429.05,432.15,1235.35,,,
1122933600,432.4,433.25,431,432.25,1244.12,,,
1123020000,432.35,437.55,431,436.75,1245.04,,,
1123106400,436.85,439.4,435.55,437.55,1235.86,,,
1123192800,437.55,439.25,436.95,437.25,1226.42,,,
1123452000,437.15,437.85,434.3,434.95,1223.13,,,
1123538400,435.05,435.75,433.05,434.75,1231.38,,,
1123624800,434.75,437.55,434.45,437.55,1229.13,,,
1123711200,437.4,447.37,436.93,445.85,1237.81,,,
1123797600,445.75,449.55,443.95,446.15,1230.39,,,
1124056800,446.05,446.15,441.28,442.35,1233.87,,,
1124143200,442.45,446.95,440.44,446.1,1219.34,,,
1124229600,445.95,446.25,438.25,440.05,1220.24,,,
1124316000,440.25,442.5,437.95,439.65,1219.02,,,
1124402400,439.7,440.62,436.05,436.25,1219.71,,,
1124661600,436.45,440.65,435.94,438.15,1221.73,,,
1124748000,438.05,440.45,437.95,439.15,1217.59,,,
1124834400,439.45,440.75,435.85,437.62,1209.59,,,
1124920800,437.45,439.97,437.28,438.65,1212.37,,,
1125007200,438.45,440.25,436.45,437.65,1205.1,,,
1125266400,438.6,440.65,436.75,436.85,1212.28,,,
1125352800,436.95,436.96,429.45,431.55,1208.41,,,
1125439200,431.55,435.45,431.08,435.15,1220.33,,,
1125525600,435.05,445.2,434.85,443.2,1221.59,,,
1125612000,442.9,447.34,442.05,444.35,1218.02,,,
1125871200,444.3,446.7,444.15,445.3,1218.02,,,
1125957600,445.7,446.15,442.95,443.95,1233.39,,,
1126044000,443.75,446.05,443.25,444.65,1236.36,,,
1126130400,444.75,449.9,443.95,447.35,1241.48,,,
1126216800,447.15,449.7,446.05,449.15,1241.48,,,
1126476000,449.7,451.81,447.5,449.7,1240.56,,,
1126562400,449.3,449.5,445,446.45,1231.2,,,
1126648800,446.55,450.3,446.4,450.25,1227.16,,,
1126735200,450.7,455.8,448.6,455.7,1227.73,,,
1126821600,455.5,460.4,454.2,459.7,1237.91,,,
1127080800,459.33,468.6,458.65,464.7,1231.02,,,
1127167200,464.65,471,463.6,463.8,1221.34,,,
1127253600,463.9,472.6,463.9,472.3,1210.2,,,
1127340000,472.3,475.4,463.25,466,1214.62,,,
1127426400,466,466.6,460.95,463.2,1215.29,,,
1127685600,463.7,467.6,459.1,466.6,1215.63,,,
1127772000,466.65,466.8,458.05,462.45,1215.66,,,
1127858400,463.15,470.25,461.33,468.95,1216.89,,,
1127944800,469.05,473.8,468.35,472.1,1227.68,,,
1128031200,472.2,474.5,467.9,469.25,1228.81,,,
1128290400,467.7,468.7,464.02,465.9,1226.7,,,
1128376800,466,469.6,464.6,466.2,1214.47,,,
1128463200,466,467.1,463.2,464.7,1196.39,,,
1128549600,464.6,474,464.6,473.4,1191.49,,,
1128636000,473.5,476,470,474.8,1195.9,,,
1128895200,474.58,478.87,472.5,475.19,1187.33,,,
1128981600,475.6,478.65,474.6,475.45,1184.87,,,
1129068000,475.65,480.44,470.15,470.85,1177.68,,,
1129154400,471.25,474.35,467.85,471.55,1176.84,,,
1129240800,471.65,472.05,465.85,469.65,1186.57,,,
1129500000,469.45,475.43,469.25,473.95,1178.14,,,
1129586400,473.85,474.65,470.79,472.15,1195.76,,,
1129672800,471.95,472.12,462.05,464.5,1177.8,,,
1129759200,464.85,465.08,459.95,461.15,1179.59,,,
1129845600,461.2,467.4,460.75,466.84,1179.59,,,
1130104800,466.8,468.74,463.25,465.2,1199.38,,,
1130191200,465.15,473.65,464.45,472.55,1196.54,,,
1130277600,472.45,474.4,470.55,470.9,1191.38,,,
1130364000,470.57,475.95,470.26,473.6,1178.9,,,
1130450400,473.65,474.75,469.7,473.44,1198.41,,,
1130713200,465.95,466.73,458.15,459.1,1207.01,,,
1130799600,459.2,463.95,459.05,463.15,1202.76,,,
1130886000,463.1,465.27,458.95,461.05,1214.76,,,
1130972400,461.15,464.45,455.38,456.85,1219.94,,,
1131318000,456.71,459.85,456.25,459.55,1222.81,,,
1131404400,459.45,462.65,456.65,460.75,1218.59,,,
1131490800,460.85,468.05,460.05,467.05,1220.65,,,
1131577200,467,470.08,465.65,466.8,1230.96,,,
1131663600,466.65,469.1,465,468.65,1234.72,,,
1131922800,468.85,470.9,466.9,467.45,1233.76,,,
1132009200,467.49,469.85,466.51,468.47,1229.01,,,
1132095600,468.45,479.35,468.35,479.25,1231.21,,,
1132182000,479.35,487.15,477.93,485.95,1242.8,,,
1132268400,486.1,489.05,483.85,485.75,1248.27,,,
1132527600,486.05,491.75,484.81,491.71,1254.85,,,
1132614000,491.1,495.45,489.85,494.53,1261.23,,,
1132700400,494.45,494.45,487.67,492.45,1265.61,,,
1132786800,492.69,494.71,492.03,493.44,1265.61,,,
1132873200,493.19,496.97,493.19,496.03,1268.25,,,
1133132400,496.44,499.25,493.35,498.65,1257.46,,,
1133218800,498.75,502.65,494.8,499.75,1257.48,,,
1133305200,498.95,499.73,492.22,493.03,1249.48,,,
1133391600,493.18,504.55,490.9,503.85,1264.67,,,
1133478000,503.79,506.73,500.45,503.33,1265.08,,,
1133737200,504.05,510,503.92,509.35,1263.7,,,
1133823600,509.15,511.35,504.25,511.35,1257.37,,,
1133910000,511.35,516.85,508.85,515.15,1257.37,,,
1133996400,515.95,521.25,512.83,521.08,1255.84,,,
1134082800,520.83,530.7,519.85,526.35,1259.37,,,
1134342000,526.44,540.95,526.43,527.95,1260.43,,,
1134428400,527.9,529.75,518.15,518.65,1267.43,,,
1134514800,518.5,518.65,505,506.45,1272.74,,,
1134601200,506.35,509.35,499.95,502.93,1270.94,,,
1134687600,502.75,507.45,493.25,503.19,1267.32,,,
1134946800,502.33,509.24,501.22,503.75,1259.92,,,
1135033200,503.75,508.37,491.85,492.2,1259.62,,,
1135119600,492.05,495.35,489.85,495.28,1262.79,,,
1135206000,495.3,504.65,493.65,504.28,1268.12,,,
1135292400,504.45,506.35,501.05,502.75,1268.66,,,
1135551600,503.7,505.44,503.4,505.08,1268.66,,,
1135638000,505.69,508.45,503.75,507.85,1256.54,,,
1135724400,507.75,518.05,507.5,516.55,1258.17,,,
1135810800,516.75,517.98,510.85,516.85,1254.42,,,
1135897200,516.95,517.57,512.95,516.95,1248.29,,,
1136156400,517.33,517.33,516.83,516.83,1248.29,,,
1136242800,517.35,535.02,517.05,534.1,1268.8,,,1.20283
1136329200,534.1,535.65,525.55,534.35,1273.46,,,1.21093
1136415600,534.2,535.05,522.53,524.75,1273.48,,,1.21033
1136502000,524.8,540.31,523.15,539.9,1285.45,,,1.21493
1136761200,539.5,551.6,535.4,548.9,1290.15,,,1.20733
1136847600,548.95,549.45,539.45,542.45,1289.69,,,1.20603
1136934000,542.9,549.85,539.65,547.45,1294.18,,,1.21363
1137020400,547.4,549.85,542.25,546.35,1287.61,,,1.20393
1137106800,546.4,557.87,544.45,557.29,1287.61,,,1.21323
1137366000,556.83,562.33,555.8,562.15,1287.61,,,1.21153
1137452400,561.29,564.25,552.15,554.75,1277.93,,,1.21053
1137538800,554.55,557.5,542.65,542.9,1285.04,,,1.21043
1137625200,542.85,559.25,540,557.75,1261.49,,,1.20883
1137711600,557.65,568.05,552.55,554.44,1261.49,,,1.21373
1137970800,553.45,560.62,549.55,559.35,1263.82,,,1.23023
1138057200,559.25,559.95,553.2,558.55,1266.86,,,1.22633
1138143600,558.65,566.58,556.85,563.35,1264.68,,,1.22423
1138230000,563.3,563.8,554.77,560.6,1273.83,,,1.22133
1138316400,559.69,564.7,555.58,559.45,1283.72,,,1.21013
1138575600,557.1,569.3,557.1,568.3,1285.2,,,1.20823
1138662000,568.2,572.7,566.17,568.85,1280.08,,,1.21463
1138748400,569,571.75,563.4,569.3,1282.46,,,1.20623
1138834800,569.3,575.3,568.05,572.15,1270.84,,,1.20803
1138921200,572.4,574.02,565.25,568.85,1264.03,,,1.20223
1139180400,567.75,573.85,567.5,569.85,1265.02,,,1.19573
1139266800,569.8,571.44,546.7,548.4,1254.78,,,1.19893
1139353200,548.6,553.1,545.3,551.4,1265.65,,,1.19623
1139439600,551.4,566.9,549.55,564.35,1263.78,,,1.19903
1139526000,564.6,568.75,546.85,550.95,1266.99,,,1.18983
1139785200,549.44,551.72,538.5,540.3,1262.86,,,1.19083
1139871600,540.5,547.9,535.05,547.5,1275.53,,,1.19103
1139958000,547.2,548.1,536.35,539.9,1280,,,1.18833
1140044400,539.6,548.44,535.78,548.1,1289.38,,,1.19043
1140130800,547.9,554.5,544.21,552.05,1287.24,,,1.19333
1140390000,552.45,556.8,551.94,555.79,1287.24,,,1.19313
1140476400,556.1,556.44,551.48,554.3,1283.04,,,1.19143
1140562800,554.4,556.1,547.56,555.15,1292.67,,,1.19153
1140649200,555.7,556.1,548.1,548.79,1287.79,,,1.19183
1140735600,548.9,559.94,547.4,559,1289.43,,,1.18723
1140994800,558.95,559.08,552.6,553.9,1294.12,,,1.18463
1141081200,553.8,562.8,553.06,561.5,1280.66,,,1.19303
1141167600,561.6,566.4,560.29,562.9,1291.24,,,1.19173
1141254000,562.8,571.2,561.8,569.8,1289.14,,,1.20353
1141340400,569.7,570.77,564.7,565.35,1287.23,,,1.20383
1141599600,565.83,568.44,552,555.3,1278.26,,,1.20133
1141686000,555.4,558.56,548.6,552.65,1275.88,,,1.18863
1141772400,552.8,554.13,538.5,543.5,1278.47,,,1.19203
1141858800,543.3,550.5,538.45,546,1272.23,,,1.18973
1141945200,546,547.1,534.15,541,1281.58,,,1.19153
1142204400,545.8,552.4,542.8,551,1284.13,,,1.20173
1142290800,551.3,557.2,550.34,552.9,1297.48,,,1.20583
1142377200,553,556.7,547.5,555.35,1303.02,,,1.21773
1142463600,555.1,557.85,552.1,554.05,1305.33,,,1.21863
1142809200,555,555.3,547.31,552.05,1305.08,,,1.20933
1142895600,552,553.54,547.2,550.75,1297.23,,,1.20563
1142982000,550.88,551.4,545.25,549.75,1305.04,,,1.19683
1143068400,549.9,561.15,548.9,560.08,1301.67,,,1.20333
1143414000,567.1,569.5,562.49,563.55,1301.61,,,1.19973
1143500400,563.7,574.2,560.44,573.55,1293.23,,,1.20333
1143586800,573.5,589.6,571.49,588.6,1302.89,,,1.21633
1143673200,588.3,589.1,579.05,583.6,1300.25,,,1.21143
1144015200,581.69,591.87,581.65,587.8,1297.81,,,1.21463
1144101600,587.9,590.3,584.78,586.65,1305.93,,,1.22533
1144188000,586.9,589.8,582.3,588.45,1311.56,,,1.22823
1144274400,588.4,596.9,587.48,595.25,1309.04,,,1.22003
1144360800,595.5,598.22,585.25,588.8,1295.5,,,1.20913
1144620000,589.08,599.75,588.83,599.7,1296.6,544.16,,1.21033
1144706400,600.9,604.25,592.95,593.36,1286.57,545.6,,1.21573
1144792800,593.45,600.15,593.03,598.33,1288.12,542.72,,1.21023
1144879200,598.68,598.73,590.65,596.42,1289.12,550.56008,,1.21063
1144965600,596.69,602.94,595.08,602.94,1289.12,550.56008,,1.21083
1145224800,598.69,615.7,598.69,613.42,1285.33,558.31992,,1.22563
1145311200,613.65,622.03,612.5,621.02,1307.65,566,,1.23563
1145397600,620.85,642.55,620.85,640.15,1309.93,574.80008,,1.23713
1145484000,639.95,645.8,607.9,612.45,1311.46,568.72,,1.22943
1145570400,612.75,634.72,610.55,633.92,1311.28,582.48,,1.23403
1145829600,638.95,639.95,619.75,620.65,1308.11,568.07992,,1.23793
1145916000,620.75,635.08,618.87,630.25,1301.74,565.12,,1.24253
1146002400,630.15,641.35,628.44,638.58,1305.41,556.31992,,1.24493
1146088800,638.85,643.65,627.9,633.58,1309.72,549.6,,1.25423
1146175200,633.75,655.95,633.58,654.37,1310.61,556.96,,1.26313
1146434400,654.55,661.58,651.38,655.05,1305.19,572,,1.25653
1146520800,655.15,669.55,652.95,668.75,1313.21,578.72,,1.26063
1146607200,668.85,677.45,658.15,666.95,1307.85,561.76,,1.26273
1146693600,667.15,680.65,661.13,679.65,1312.25,546.56008,,1.26953
1146780000,679.85,684.85,675.37,683.75,1325.76,544,,1.27303
1147039200,682.75,686.55,670.95,678.65,1324.66,543.04,,1.26983
1147125600,679.35,700.95,678.15,700.85,1325.14,547.19992,,1.27593
1147212000,700.75,708.55,693.8,707.85,1322.85,558.16,,1.27573
1147298400,707.95,726.65,704.87,714.25,1305.92,562.4,,1.28453
1147384800,714.05,730.35,708.25,714.75,1291.24,552.88,,1.29193
1147644000,714.45,720.49,676.55,677.35,1294.5,533.04,,1.27893
1147730400,677.45,693.25,674.95,690.35,1292.08,533.6,,1.28493
1147816800,690.55,716.65,685.25,687.05,1270.32,525.6,,1.27413
1147903200,687.15,694.65,678.75,682.25,1261.81,533.92008,,1.28563
1147989600,682.45,688.94,651.65,657.55,1267.03,524.56008,,1.27743
1148248800,657.85,661.45,637.5,656,1262.07,530.24,,1.28483
1148335200,656.55,674.95,651.45,666.45,1256.57,542.16,,1.27883
1148421600,666.25,670.53,636.55,640.65,1258.57,528.80008,,1.27663
1148508000,640.75,650.95,638.95,650.85,1272.88,542.4,,1.27973
1148594400,650.95,655.45,640.75,653.65,1280.16,542,,1.27263
1148853600,652.94,654.15,646.9,647.72,1280.16,542,,1.27453
1148940000,650.94,665.15,648.65,652.85,1259.84,546.56008,,1.28563
1149026400,652.75,659.65,639.05,645.15,1270.09,541.84,,1.28183
1149112800,645.05,645.85,621.25,629.55,1285.71,534.56008,,1.28133
1149199200,629.75,639.15,619.05,638.15,1288.22,551.19992,,1.29203
1149458400,637.25,645.74,635.4,637.1,1265.29,549.92008,,1.28953
1149544800,637.2,639.5,625.8,630.6,1263.85,550.07992,,1.28213
1149631200,630.5,631.4,617.2,626.4,1256.15,538.24,,1.28003
1149717600,626.7,627.48,607.8,613.2,1257.93,536.96,,1.26403
1149804000,613.1,617.5,601,607.4,1252.3,544.56008,,1.26403
1150063200,607.7,611.85,602.85,604.2,1236.4,536.64,,1.25783
1150149600,604.3,605.1,560.94,562,1223.69,521.43992,,1.25463
1150236000,561.94,571.4,542.4,559.7,1230.04,526.31992,,1.26053
1150322400,558.5,578.8,554.2,577,1256.16,529.28,,1.26403
1150408800,576.2,584.99,567,581.1,1251.54,530,,1.26413
1150668000,580.3,580.6,564.33,565.2,1240.14,524.31992,,1.25743
1150754400,565.1,577.7,561.19,575.8,1240.12,522.31992,,1.25963
1150840800,576.44,590.65,570.92,587.5,1252.2,530.80008,,1.26653
1150927200,588,595.27,579.3,580.6,1245.6,536,,1.25763
1151013600,580.4,586.4,572.2,583,1244.5,535.12,,1.25073
1151272800,584.7,588,577.7,585.2,1250.56,541.6,,1.26043
1151359200,585.3,595.96,579,579,1239.2,544.64,,1.25693
1151445600,578.9,586.5,577.05,580.1,1246,546.48,,1.25443
1151532000,580.15,600.45,579,599.6,1272.87,556.07992,,1.26593
1151618400,599.3,616.5,597.3,615.8,1270.2,558.16,,1.27893
1151877600,617.44,625.23,614.6,623.44,1280.19,559.43992,,1.27993
1151964000,623.95,624.03,616.87,620.19,1280.19,559.43992,,1.27773
1152050400,617.7,630.7,617.7,628.1,1270.91,568,,1.27253
1152136800,628.1,635.16,622.45,632.98,1274.08,566.16,,1.27723
1152223200,633.4,637.44,627.87,629.2,1265.48,558.80008,,1.28083
1152482400,630.4,632.4,620.7,624.1,1267.34,556.48,,1.27363
1152568800,624.2,643.84,621.8,641.4,1272.52,560.64,,1.27643
1152655200,641.3,655.48,639.86,651.48,1258.6,569.12,,1.26983
1152741600,651.3,660.4,645.08,660,1242.29,586,,1.26893
1152828000,660.3,667.87,658.2,664.1,1236.19,585.76,,1.26483
1153087200,667.3,676.48,641.1,642.98,1234.49,573.19992,,1.25193
1153173600,643.3,654.5,628.04,633,1236.86,566,,1.25003
1153260000,632.2,646.37,617.85,642.7,1259.81,558.80008,,1.25953
1153346400,643,645.2,627.7,628.1,1249.13,552.80008,,1.26313
1153432800,629.1,637.1,616,619.7,1240.29,556.16,,1.26893
1153692000,620.6,621.2,602.52,615.2,1260.91,561.36,,1.26223
1153778400,615,624.2,610.29,619.08,1268.88,552,,1.25763
1153864800,619.1,627.65,613.6,624.7,1268.4,553.36,,1.27093
1153951200,624.5,640.7,622.4,634.3,1263.2,557.43992,,1.26853
1154037600,634.5,637.7,626.77,634.7,1278.55,548,,1.27573
1154296800,635.4,639.7,629.41,636.69,1276.66,556.16,,1.27623
1154383200,636.3,648.5,630.89,646.79,1270.92,561.19992,,1.28213
1154469600,647.4,655.95,645.35,651.2,1278.55,568.96,,1.27903
1154556000,651.1,653.04,639.57,644.87,1280.27,564.48,,1.27983
1154642400,644.9,654.25,643.75,646.45,1279.36,558.48,,1.28763
1154901600,644.5,652.09,644.37,648.6,1275.77,576,,1.28193
1154988000,648.1,649.24,641.68,642.5,1271.48,570.4,,1.27873
1155074400,642.9,655.03,635.54,649.98,1265.95,569.36,,1.28683
1155160800,650.5,653.99,634.14,636.2,1271.81,556.80008,,1.27903
1155247200,636.1,645.27,627.1,632.5,1266.74,557.84,,1.27243
1155506400,630.7,633.15,623.81,626.65,1268.21,548.72,,1.27213
1155592800,627.35,628.4,621.35,624.75,1285.58,545.68008,,1.27833
1155679200,624.85,632.66,622.46,629,1295.43,537.43992,,1.28473
1155765600,629.05,632.05,613.65,613.95,1297.48,528.4,,1.28283
1155852000,613.95,619.15,607.45,614.85,1302.3,529.43992,,1.28263
1156111200,615.35,628.49,613.85,628.05,1297.52,539.36,,1.28643
1156197600,629.75,629.75,620.98,624.95,1298.82,536.4,,1.27973
1156284000,624.2,630.15,621.61,622.29,1292.99,527.6,,1.27793
1156370400,622.6,626.63,618.9,621.35,1296.06,534,,1.27593
1156456800,620.2,624.35,618,622.48,1295.09,532.4,,1.27523
1156716000,623.1,624.2,613.09,614.73,1301.78,519.04,,1.27883
1156802400,614.6,618.02,607.68,614.9,1304.28,513.52,,1.28273
1156888800,615,620.87,612.77,619.23,1304.27,518.80008,,1.28313
1156975200,619,627.55,618.55,627.25,1303.82,518.4,,1.28063
1157061600,627.2,627.9,620.11,625.4,1311.01,510,,1.28373
1157320800,625,627.95,624.95,626.45,1311.01,510,,1.28583
1157407200,627.19,640.31,626.29,638.25,1313.25,506.48,,1.28143
1157493600,638.75,640.53,632.85,633.65,1300.26,497.6,,1.28143
1157580000,633.65,636.2,614.42,616.75,1294.02,495.52,,1.27263
1157666400,617.05,619.42,607.15,610.75,1298.92,487.19992,,1.26743
1157925600,610.55,610.55,583.43,589.69,1299.54,480.31992,,1.26993
1158012000,589.13,599.54,584.91,587.4,1313.11,470.07992,,1.26813
1158098400,586.9,593.28,579.36,590.14,1318.07,472,,1.26943
1158184800,589.8,595.36,574.9,575.2,1316.28,465.19992,,1.27203
1158271200,575.6,581.4,570.93,579.28,1319.87,464.48,,1.26603
1158530400,579.5,588.31,578.37,587.15,1321.18,466.56008,,1.27063
1158616800,587.2,589.2,572.7,573.6,1318.31,450,,1.26733
1158703200,572.8,586.44,572.3,576.75,1325.18,440.4,,1.26913
1158789600,576.85,585.35,574.79,584.15,1318.03,447.12,,1.27853
1158876000,583.95,592.65,582.94,589.55,1314.78,437.12,,1.27883
1159135200,589.95,592.06,582.21,590.75,1326.37,445.36,,1.27543
1159221600,589.95,594.05,586.38,591.95,1336.34,443.36,,1.26943
1159308000,591.85,603.55,589.95,603.05,1336.59,457.28,,1.27133
1159394400,603.45,607.25,600.65,601.25,1339.15,453.19992,,1.27053
1159480800,601.45,603.85,594.76,598.25,1335.85,454.48,,1.26733
1159740000,598.7,604.12,594.75,596.65,1330.28,442.48,,1.27413
1159826400,596.05,598.33,573.65,574.45,1334.11,425.92008,,1.27273
1159912800,574.65,581.05,559.35,566.95,1350.22,432.31992,,1.27163
1159999200,566.65,574.45,562.55,574.25,1353.22,436.72,,1.26913
1160085600,574.15,574.15,560.76,574.05,1349.58,434.80008,,1.25953
1160344800,574.35,581.15,571.8,577.05,1350.66,436.80008,,1.25893
1160431200,576.55,581.15,569.3,572.95,1353.42,429.36,,1.25313
1160517600,572.95,579.08,570.35,572.95,1349.95,421.19992,,1.25193
1160604000,573.1,579.45,571.25,579.25,1362.83,427.43992,,1.25583
1160690400,579.15,590.55,577.25,590.35,1365.62,429.19992,,1.25093
1160949600,591.95,596.25,590.08,595.95,1369.05,437.76,,1.25293
1161036000,596.1,597.95,585.88,590.05,1364.05,431.92008,,1.25373
1161122400,590.35,595.35,587.35,590.15,1365.96,422.80008,,1.25383
1161208800,590.05,600.65,586.95,599.35,1366.96,431.19992,,1.26273
1161295200,598.95,602.35,591.25,591.45,1368.6,422,,1.26133
1161554400,592.25,593.12,579.72,581.9,1377.02,418.96,,1.25473
1161640800,582,586.9,573.3,586.4,1377.38,422.72,,1.25553
1161727200,586.3,592.1,580.15,591,1382.22,437.6,,1.26113
1161813600,591.1,598.77,590.4,597.1,1389.08,429.19992,,1.26843
1161900000,597.3,600,592,599.9,1377.34,432,,1.27383
1162162800,604.25,607.75,598.45,606.55,1377.93,415.84,,1.27623
1162249200,607.35,619.75,605.58,617.55,1377.94,416.80008,,1.27423
1162335600,617.75,625.9,614.45,624.65,1367.81,416.96,,1.27753
1162422000,624.65,629.45,618.05,627.35,1367.34,412,,1.27143
1162767600,626.85,629.85,622.85,623.15,1379.78,427.6,,1.27243
1162854000,623.65,629.16,622.1,624.75,1382.84,420.80008,,1.27763
1162940400,624.75,626.75,613.35,615.75,1385.72,427.19992,,1.27583
1163026800,616.15,635.85,615.15,633.36,1378.33,436,,1.28293
1163113200,633.15,636.85,625.55,628.5,1380.9,426.4,,1.28393
1163372400,629.05,632.85,620.75,625.65,1384.42,418.80008,,1.28213
1163458800,625.65,629.26,619.45,620.83,1393.22,417.12,,1.28083
1163545200,620.87,624.89,615.58,623.05,1396.57,420,,1.28223
1163631600,622.45,628.15,617.9,618.2,1399.76,404.72,,1.27893
1163718000,618.37,622.31,614.95,621.65,1401.2,407.52,,1.28273
1163977200,620.7,626.95,620.7,622.85,1400.5,407.76,,1.28133
1164063600,622.78,629.25,622.2,627.45,1402.81,415.84,,1.28423
1164150000,627.45,634.7,626.35,630.25,1406.09,410.48,,1.29363
1164236400,629.45,631.75,628.95,631.2,1406.09,410.48,,1.29493
1164322800,630.45,640.25,630.45,638.15,1400.95,414.4,,1.30943
1164582000,639.2,642.1,637.15,640.55,1381.9,418.4,,1.31303
1164668400,640.75,642.15,632.97,639.95,1386.72,421.68008,,1.32003
1164754800,639.75,640.85,635.05,636.6,1399.48,433.12,,1.31453
1164841200,636.45,649,636.45,647.95,1400.63,436.64,,1.32453
1164927600,648.25,649.9,643.96,645.55,1396.71,440.4,,1.33363
1165186800,645.45,648.17,640.9,646.15,1409.12,433.6,,1.33343
1165273200,646.05,648.71,639.4,643.1,1414.76,434.4,,1.33133
1165359600,643,643,628.54,630.9,1412.9,431.12,,1.32843
1165446000,630.7,634.2,625.3,633.79,1407.29,430.88,,1.32833
1165532400,633.3,638.11,623.7,625.1,1409.84,428.64,,1.32003
1165791600,624.5,630.71,623.3,630.4,1413.04,424,,1.32473
1165878000,630.5,631.1,627,630,1411.56,420.4,,1.32793
1165964400,630.1,630.5,623.7,628.7,1413.21,423.04,,1.32163
1166050800,628.4,629.5,625.4,625.8,1425.49,429.84,,1.31533
1166137200,624.95,629.12,614.83,615.3,1427.09,434.4,,1.30793
1166396400,615.6,618.5,612.02,616.2,1422.48,425.28,,1.31023
1166482800,616.3,623,615.3,622.9,1425.55,432,,1.32043
1166569200,623.3,624.7,619.2,620.39,1423.53,432.4,,1.31833
1166655600,620.3,622.58,618.1,618.45,1418.3,426.72,,1.31793
1166742000,618.33,621.66,618.33,620.96,1410.76,423.36,,1.31373
1167001200,621.25,621.25,619.95,620.7,1410.76,423.36,,1.31373
1167087600,622.85,629.73,622.45,624.65,1416.9,413.12,,1.31063
1167174000,624.75,629.55,624.08,627.15,1426.84,410.80008,,1.31213
1167260400,627.25,635.8,626.83,634.85,1424.73,410.4,,1.31433
1167346800,634.45,636.75,632.25,636.65,1418.3,412.80008,,1.31993
1167606000,636.75,636.75,636.75,636.75,1418.3,412.80008,,1.31993
1167692400,636.95,641.25,636.25,640.45,1418.3,412.80008,,1.32733
1167778800,639.95,645.2,625.33,627.45,1416.6,395.19992,,1.31683
1167865200,627.05,630.8,620.92,621.95,1418.34,378.80008,,1.30863
1167951600,622.55,626.45,602.41,607.35,1409.71,382.64,,1.30063
1168210800,608.7,610.58,603.98,609.95,1412.84,379.92008,,1.30353
1168297200,609.85,616,606.21,613.65,1412.11,378.4,,1.29923
1168383600,613.45,614.45,606.15,611.25,1414.85,362.24,,1.29353
1168470000,611.25,616.2,609.15,611.55,1423.82,354.72,,1.28923
1168556400,610.7,627.67,610.05,627.15,1430.73,357.04,,1.29173
1168815600,626.15,628.15,625,626.65,1430.73,357.04,,1.29333
1168902000,626.55,628.33,622.85,624.75,1431.9,347.19992,,1.29163
1168988400,624.65,634.09,620.12,631.75,1430.62,353.76,,1.29363
1169074800,631.85,636.7,626.85,627.65,1426.37,345.84,,1.29573
1169161200,626.95,636.6,626.85,635.35,1430.5,355.43992,,1.29643
1169420400,635.2,639.98,632.17,633.35,1422.95,350.72,,1.29473
1169506800,633.25,647.97,633.05,646.65,1427.99,365.19992,,1.30193
1169593200,646.75,649.2,639.29,648.75,1440.13,368.80008,,1.29613
1169679600,648.95,654.55,645.23,646.05,1423.9,362.16,,1.29343
1169766000,645.45,648.15,641.05,645.95,1422.18,370.24,,1.29153
1170025200,646.25,648.08,641.12,643.65,1420.62,359.76,,1.29603
1170111600,643.75,647.55,641.25,647.25,1428.82,378.88,,1.29633
1170198000,647.15,654.6,642.61,653.15,1438.24,385.92008,,1.30173
1170284400,652.75,661.41,652.15,657.15,1445.94,382.72,,1.30143
1170370800,657.05,659.16,643.49,647.8,1448.39,394.72,,1.29613
1170630000,648.45,652.2,646.4,648.4,1446.99,392.80008,,1.29293
1170716400,648.45,658.17,648.05,653.25,1448,393.68008,,1.29813
1170802800,653.4,656.66,650.88,651.4,1450.02,386,,1.30193
1170889200,651.5,661.3,648.2,660.4,1448.31,398,,1.30333
1170975600,660.4,668.76,657.2,666.8,1438.06,399.92008,,1.30043
1171234800,667.9,668.5,659.94,661.05,1433.37,386.96,,1.29573
1171321200,661.1,669.05,660.9,664.2,1444.26,394.88,,1.30293
1171407600,664.4,671.89,663.7,669.08,1455.3,387.6,,1.31353
1171494000,668.7,670.83,662.84,669.7,1456.81,386.80008,,1.31303
1171580400,669.45,669.8,662.91,669,1455.54,394.80008,,1.31403
1171839600,668.45,673.5,667.8,670.7,1455.54,394.80008,,1.31493
1171926000,670.6,672.1,656.12,657.2,1459.68,389.36,,1.31453
1172012400,657.6,682.2,657.3,678.8,1457.63,398.88,,1.31353
1172098800,679.1,681.17,675.7,677.4,1456.38,402.64,,1.31213
1172185200,676.95,688.51,673.2,682.5,1451.19,403.68008,,1.31663
1172444400,681.6,688.2,681.6,686.5,1449.37,407.19992,,1.31903
1172530800,686.6,688.59,659.6,663.3,1399.04,399.6,,1.32273
1172617200,663.2,677.7,662,669.3,1406.82,409.43992,,1.32273
1172703600,669.2,677.5,662,664.4,1403.17,409.92008,,1.31663
1172790000,664.5,665.8,640.89,642.4,1387.17,408.07992,,1.31903
1173049200,643.6,645.1,633.45,636.55,1374.12,396.96,,1.30843
1173135600,636.25,647.95,632.75,646.45,1395.41,402.56008,,1.31343
1173222000,646.87,651.55,643.05,648.95,1391.97,410.31992,,1.31763
1173308400,649.05,655.65,647.55,651.75,1401.89,410.31992,,1.31353
1173394800,651.65,657.81,649.83,650.22,1402.85,400.88,,1.31163
1173650400,649.45,653.8,646.08,650.45,1406.6,394.80008,,1.31853
1173736800,650.65,652.15,642.25,643.75,1377.95,391.52,,1.31853
1173823200,643.65,646.02,637.31,644.65,1387.17,393.12,,1.32313
1173909600,644.45,650.15,643.45,646.55,1392.28,389.36,,1.32763
1173996000,646.65,655.55,646.15,653.35,1386.95,387.36,,1.33173
1174255200,653.15,656.7,652.05,654.15,1402.06,389.6,,1.33083
1174341600,653.45,661.05,652.85,658.75,1410.94,387.68008,,1.33143
1174428000,658.45,664.15,657,664.15,1435.04,390.4,,1.33953
1174514400,663.55,666.87,662.22,663.95,1434.54,401.43992,,1.33313
1174600800,663.35,664.65,655.38,657.35,1436.11,404.56008,,1.32823
1174860000,657.7,665.4,657.25,664.05,1437.5,409.36,,1.33283
1174946400,664.15,665.84,661.8,664.36,1429.61,409.6,,1.33483
1175032800,664.65,669.64,663.7,665.5,1417.23,416,,1.33073
1175119200,665.15,666.8,655.44,661.45,1422.53,428.96,,1.33303
1175205600,661.05,668.16,660.85,663.74,1420.86,426.80008,,1.33543
1175464800,665.65,666.25,656.55,663.95,1424.55,428.48,13.25,1.33713
1175551200,664.1,667.79,662.15,663.9,1437.77,419.68008,13.38,1.33213
1175637600,663.75,675.77,663.45,674.3,1439.37,418.64,13.6,1.33723
1175724000,675.15,675.6,671.7,674.4,1443.76,416.0792,13.72,1.34233
1175810400,674.25,675.08,673.45,674.95,1443.76,416.0792,13.71,1.33753
1176069600,674.83,678.24,670.2,670.7,1444.61,402.80008,13.75,1.33513
1176156000,671.8,681.5,670.6,677.85,1448.39,404.88,13.85,1.34283
1176242400,677.51,680.82,674.27,677.25,1438.87,403.68008,13.85,1.34333
1176328800,676.65,679.9,671.41,676.05,1447.8,413.19992,13.86,1.34853
1176415200,676.8,686.24,675.2,685.47,1452.85,412.16,14.06,1.35293
1176674400,687.33,691.21,683.5,690.15,1468.47,409.6,14.06,1.35263
1176760800,689.85,690.8,686.1,686.5,1471.48,402.31992,13.94,1.35713
1176847200,687.18,691.1,685.71,690,1472.5,401.12,13.99,1.36133
1176933600,689.65,691.95,679.1,682.9,1470.73,393.76,13.71,1.36233
1177020000,682.35,693.94,682.35,691.9,1484.35,400.4,13.92,1.35853
1177279200,694.2,694.2,687.02,689.1,1480.93,409.76,14.02,1.35773
1177365600,688.65,692,681.4,683.6,1480.41,403.12,13.8,1.36333
1177452000,683.6,686.9,682.2,686.2,1495.42,410.56008,13.83,1.36383
1177538400,686.1,687.2,671.53,674.7,1494.25,407.52,13.33,1.35903
1177624800,675.25,682.15,671.1,681.5,1494.07,414.72,13.53,1.36483
1177884000,681.4,682.15,676.05,678.4,1482.37,409.92008,13.44,1.36513
1177970400,679.05,679.74,671.92,673.4,1486.3,402.88,13.31,1.36033
1178056800,673.25,675.35,667.6,673.1,1495.92,396.72,13.23,1.35923
1178143200,673,682.85,672.4,682.3,1502.39,394.24,13.23,1.35503
1178229600,682.2,690.87,680.35,688.8,1505.62,386.4,13.44,1.35893
1178488800,687.65,691,687,688.7,1509.48,384.48,13.51,1.35973
1178575200,689.35,689.35,682.08,685.6,1507.72,389.12,13.5,1.35373
1178661600,684.75,686.77,675.95,680.5,1512.58,384.07992,13.37,1.35333
1178748000,679.65,681.2,664.28,665.6,1491.47,385.19992,13,1.34763
1178834400,665.8,672.74,664.6,670.8,1505.85,388.56008,13.22,1.35233
1179093600,671.5,675,666.5,669.7,1503.15,388.48,13.15,1.35423
1179180000,670.35,673.84,664.96,672,1501.19,391.92008,13.17,1.35893
1179266400,671.35,673.5,659.85,662.1,1514.14,388.24,12.93,1.35213
1179352800,661.25,664.75,653.78,657.6,1512.75,401.28,12.85,1.34943
1179439200,656.95,663.1,656.05,661.7,1522.75,400.80008,12.94,1.35063
1179698400,662.45,664.05,656.93,663.2,1525.1,406.56008,13.04,1.34633
1179784800,662.35,665.35,658.25,659.2,1524.12,399.36,12.92,1.34493
1179871200,659.3,664.85,657.5,661.8,1522.28,401.36,13.06,1.34553
1179957600,661.6,662.9,651.96,654.6,1507.51,391.43992,12.85,1.34223
1180044000,653.75,657.19,653.55,655.95,1515.73,396,12.94,1.34423
1180303200,656.85,658.85,654.44,655.5,1515.73,396,12.93,1.34523
1180389600,656.25,662.27,654.6,656.8,1518.11,387.19992,13.14,1.34473
1180476000,657.55,658.9,651.88,653.4,1530.23,385.68008,13.16,1.34293
1180562400,652.65,662.05,652.55,660.45,1530.62,391.68008,13.43,1.34503
1180648800,660.02,672.15,660.02,671.7,1536.34,395.68008,13.69,1.34473
1180908000,672.15,674.19,668.7,671.1,1539.18,402.80008,13.7,1.34913
1180994400,670.25,673.65,669.1,670,1530.95,400.16,13.73,1.35143
1181080800,669.35,672.2,665.14,670.7,1517.38,402.4896,13.68,1.34963
1181167200,669.95,673,658.05,659.1,1490.72,405.19992,13.48,1.34243
1181253600,658.34,661.6,644.5,648.8,1507.67,392.48,13.09,1.33693
1181512800,649.25,655.1,645.4,653.6,1509.12,398.72,13.22,1.33483
1181599200,652.55,654.8,645.91,647.2,1493,396.48,13.03,1.33003
1181685600,647.95,652.59,643.35,651.7,1515.67,400.72,13.11,1.33053
1181772000,650.95,654.1,646.17,651.9,1522.97,408.80008,13.14,1.33073
1181858400,651.25,655.87,649.98,655.3,1532.91,412.24,13.23,1.33843
1182117600,656.45,659.4,654.8,656.3,1531.05,417.12,13.24,1.34163
1182204000,655.54,662,653.82,661.4,1533.7,416.96,13.31,1.34223
1182290400,660.55,661.9,652.9,654.5,1512.84,412.4,13.17,1.33953
1182376800,653.65,656.7,647.85,651.99,1522.19,412.80008,13.08,1.33893
1182463200,651.15,656.52,650.67,654.25,1502.56,415.12,13.06,1.34683
1182722400,655.05,655.05,648.8,650.95,1497.74,415.68008,12.87,1.34613
1182808800,651.7,652.06,640.25,640.85,1492.89,408.96,12.3,1.34473
1182895200,641.16,644.92,639.25,643.6,1506.34,415.04,12.28,1.34523
1182981600,644.35,650.03,642.08,648.9,1505.71,419.76,12.46,1.34353
1183068000,649.65,652.6,646.65,649.6,1503.35,424,12.41,1.35403
1183327200,650.35,659,648.76,657.2,1519.43,428.24,12.6,1.36183
1183413600,656.45,658.2,652.15,653.15,1524.87,428.31992,12.59,1.36053
1183500000,652.85,655.12,652.85,654.15,1524.87,428.31992,12.65,1.36143
1183586400,654.55,656.7,646.17,649.45,1525.4,433.19992,12.48,1.35903
1183672800,649.1,656.32,645.35,655.85,1530.44,437.43992,12.72,1.36273
1183932000,656.25,663.17,653.65,660.35,1531.85,434.80008,12.71,1.36193
1184018400,659.85,665.02,658.9,663.25,1510.12,437.76,12.93,1.37443
1184104800,663.65,666.25,659.93,660.55,1518.76,437.28,12.89,1.37443
1184191200,660.75,669.35,660.4,666.75,1547.7,437.92008,13.08,1.37823
1184277600,667.05,668.72,663.75,666.85,1552.5,444.31992,13.05,1.37803
1184536800,667.65,668.75,663.85,664.85,1549.52,446.07992,12.99,1.37723
1184623200,664.25,667.35,662.51,664.85,1549.37,445.12,12.93,1.37913
1184709600,664.35,674.1,664.35,672.95,1546.17,452.64,13.18,1.38033
1184796000,673.8,677.85,671.44,677.45,1553.08,456.64,13.25,1.37963
1184882400,677.15,686.05,675.35,683.35,1534.1,456,13.3,1.38233
1185141600,684.05,685.05,680.33,681.55,1541.57,451.04,13.23,1.37983
1185228000,681.85,687.35,680.85,680.95,1511.04,441.28,13.25,1.38173
1185314400,680.45,682.15,670.8,674.85,1518.09,459.52,13.15,1.37193
1185400800,674.45,676.85,660.15,662.85,1482.66,449.76,12.84,1.37493
1185487200,662.45,667.2,657.3,661.15,1458.95,461.92008,12.69,1.36303
1185746400,661.75,665.85,660.15,664.95,1473.91,460,12.9,1.37193
1185832800,664.55,668.97,663.7,664.25,1455.27,468.24,12.85,1.36713
1185919200,663.95,667.25,659.4,666.85,1465.81,462.07992,12.98,1.36643
1186005600,666.35,667.55,662.7,665.55,1472.2,461.6,12.97,1.37033
1186092000,665.15,675.45,664.2,672.95,1433.06,451.52,13.06,1.37703
1186351200,673.65,675.72,669.12,672.05,1467.67,433.6,13.01,1.38083
1186437600,672.45,672.65,666.55,672.35,1476.71,434.88,13.05,1.37503
1186524000,671.85,676.95,669.85,674.75,1497.49,434.16,13.09,1.38003
1186610400,674.25,674.84,659.94,662.05,1453.09,430.24,12.63,1.36653
1186696800,661.55,676.75,658.3,672.75,1453.64,429.12,12.85,1.36903
1186956000,673.15,673.15,668.65,669.45,1452.92,430.80008,12.76,1.36053
1187042400,669.85,671.4,666.22,669.05,1426.54,433.84,12.71,1.35293
1187128800,669.45,670.95,662.25,667.65,1406.7,441.04,12.51,1.34313
1187215200,668.05,669.26,641.84,652.25,1411.27,428.64,11.77,1.34303
1187301600,651.85,663.67,645.85,657.75,1445.94,432.24,11.78,1.34723
1187560800,658.15,660.45,653.55,656.75,1445.55,428.31992,11.73,1.34713
1187647200,657.77,660,654.35,657.25,1447.12,419.43992,11.56,1.34653
1187733600,657.87,661.95,654.8,660.75,1464.07,418.80008,11.68,1.35453
1187820000,661.27,665.25,658.45,660.05,1462.5,421.19992,11.7,1.35623
1187906400,660.4,669.35,657.55,668.15,1479.37,429.12,11.96,1.36733
1188165600,668.65,668.86,665.6,667.55,1466.79,434.64,11.73,1.36353
1188252000,668.22,668.35,662.05,662.45,1432.36,432.24,11.73,1.35733
1188338400,661.83,668.77,661.7,667.45,1463.76,444.4,11.86,1.36663
1188424800,668.02,668.05,663.57,665.25,1457.64,444,11.82,1.36693
1188511200,665.65,674.65,664.55,673.25,1473.99,446.24,12.07,1.36273
1188770400,673.35,673.75,671.33,672.25,1473.99,446.24,12.1,1.36113
1188856800,671.95,683.45,671.55,681.75,1489.42,454,12.25,1.36193
1188943200,682.35,683.25,678.55,681.75,1472.29,458.07992,12.22,1.36503
1189029600,681.35,697.95,681.05,695.35,1478.55,461.04,12.4,1.36903
1189116000,695.85,707.12,692.25,700.75,1453.55,462.07992,12.53,1.37673
1189375200,701.05,706.95,699.2,703.05,1451.7,470.31992,12.43,1.37883
1189461600,703.55,714.22,702.45,712.55,1471.49,471.68008,12.66,1.38353
1189548000,712.95,714.35,705.65,711.55,1471.56,480,12.61,1.38943
1189634400,711.95,712.22,703.75,708.25,1483.95,481.36,12.39,1.38713
1189720800,708.75,717.35,704.15,707.55,1484.25,478.31992,12.45,1.38713
1189980000,707.45,719.75,706.35,717.85,1476.65,485.36,12.65,1.38653
1190066400,717.22,726.15,711.95,723.45,1519.78,496.4,12.9,1.39733
1190152800,724.05,726.5,720.65,721.25,1529.03,494.56008,12.83,1.39713
1190239200,720.75,738.6,720.75,733.75,1518.75,501.19992,13.28,1.40683
1190325600,733.25,739.35,727.16,731.45,1525.75,497.12,13.38,1.40863
1190584800,731.55,736.35,726.6,730.45,1517.73,494.56008,13.37,1.40713
1190671200,729.95,733.75,722.65,731.65,1517.21,488.56008,13.35,1.41433
1190757600,731.05,736.62,726.8,728.75,1525.42,493.6,13.26,1.41263
1190844000,728.35,736.05,727.15,734.45,1531.38,507.52,13.41,1.41533
1190930400,734.85,745.85,733.5,743.55,1526.75,500.4,12.49,1.42663
1191189600,744.45,747.95,741.25,747.15,1547.04,492.72,13.61,1.42333
1191276000,747.55,747.55,724.63,731.55,1546.63,493.04,13.24,1.41523
1191362400,732.05,736.25,726.55,727.85,1539.59,490.31992,13.21,1.40973
1191448800,727.45,738.55,721.15,737.95,1542.84,500.88,13.26,1.41333
1191535200,738.45,744.25,728.51,742.65,1557.59,498.24,13.28,1.41333
1191794400,743.05,743.05,731.45,733.25,1552.58,486.07992,13.1,1.40423
1191880800,733.65,740.7,727.15,737.85,1565.15,491.19992,13.37,1.41053
1191967200,738.45,745.95,737.45,741.05,1562.47,499.19992,13.46,1.41353
1192053600,740.55,753.9,740.55,747.8,1554.41,508.72,13.66,1.41973
1192140000,747.25,752.27,745.12,749.8,1561.8,512,13.69,1.41763
1192399200,749.85,760.15,747.75,759.35,1548.71,527.12,13.68,1.41973
1192485600,758.95,766.95,754.44,760.45,1538.53,535.84,13.53,1.41733
1192572000,759.95,764.95,752.05,754.75,1541.24,533.04,13.52,1.42053
1192658400,754.35,768.85,754.35,768.15,1540.08,545.36,13.71,1.42883
1192744800,767.85,771.05,758.55,765.15,1500.63,537.12,13.43,1.42983
1193004000,765.55,768.55,745.8,754.15,1506.33,532.31992,13.35,1.41723
1193090400,753.65,761.05,752.95,759.65,1519.59,526.64,13.43,1.42563
1193176800,759.15,763.95,754.25,763.65,1515.88,543.84,13.46,1.42593
1193263200,764.1,769.55,761.95,769.25,1514.4,560.96,13.8,1.43183
1193349600,769.65,785.95,768.55,785.15,1535.28,569.36,14.11,1.43923
1193608800,785.75,794.75,784.45,791.75,1540.98,580,14.41,1.44123
1193695200,791.35,792.35,779.45,782.05,1531.02,556.31992,14.02,1.44383
1193781600,782.45,796.75,777.1,796.75,1549.38,586.16,14.41,1.44683
1193868000,797.37,799.6,784.25,787.25,1508.44,577.36,14.04,1.44233
1193954400,786.95,808.05,786.95,806.95,1509.65,594.80008,14.43,1.45023
1194217200,807.85,811.25,801.25,806.45,1502.17,588.31992,14.57,1.44753
1194303600,806.05,825.05,806.05,824.95,1520.27,602.72,15.47,1.45603
1194390000,824.45,845.75,822.65,831.05,1475.62,595.84,14.92,1.46183
1194476400,830.35,845.7,823.95,833.55,1474.77,592.64,15.34,1.46773
1194562800,833.95,839.25,827.55,831.95,1453.7,598.16,15.4,1.46763
1194822000,832.25,832.25,792.25,793.45,1439.18,582.16,14.3,1.45193
1194908400,792.75,809.05,791.15,801.95,1481.05,567.43992,14.57,1.46173
1194994800,801.15,815.96,800.05,811.95,1470.58,580.80008,14.89,1.46453
1195081200,811.45,818.25,782.67,788.25,1451.15,578.4,14.28,1.46183
1195167600,787.65,797.55,783.95,786.25,1458.74,591.19992,14.4,1.46593
1195426800,787.15,794.04,775.2,781.95,1433.27,595.92008,14.09,1.46663
1195513200,782.35,806.15,772.95,802.75,1439.7,618.72,14.58,1.48303
1195599600,802.35,807.35,794.8,800.17,1416.77,611.52,14.33,1.48533
1195686000,800.55,805.75,798.25,804.55,1416.77,611.52,14.4,1.48513
1195772400,804.05,825.95,802.95,823.75,1440.7,614.07992,14.61,1.48353
1196031600,815.95,836.92,814.95,824.55,1407.22,610,14.57,1.48733
1196118000,823.85,829.35,808.25,812.55,1428.23,594.4,14.4,1.48323
1196204400,812.15,815.65,791.55,804.45,1469.02,574.4,14.33,1.48373
1196290800,804.95,808.05,792.45,793.35,1469.72,573.12,14.06,1.47563
1196377200,793.75,799.35,778.85,783.5,1481.14,559.28,13.88,1.46303
1196636400,782.64,794.45,776.85,792.35,1472.42,565.6,14.1,1.46653
1196722800,792.35,805.54,786.65,802.04,1462.79,555.19992,14.37,1.47613
1196809200,802.04,806.73,791.23,794.54,1485.01,549.52,14.23,1.45963
1196895600,794.54,805.45,785.04,802.95,1507.34,568.16,14.49,1.46563
1196982000,802.95,805.15,791.04,794.35,1504.66,555.43992,14.33,1.46553
1197241200,807.54,812.15,794.04,807.54,1515.96,554.88,14.64,1.47063
1197327600,807.54,813.15,795.95,800.73,1477.65,562.07992,14.5,1.46613
1197414000,800.73,817.04,800.65,811.23,1486.59,591.19992,14.64,1.47133
1197500400,811.23,812.23,791.85,798.95,1488.41,585.36,14.1,1.46253
1197586800,798.95,803.35,787.65,794.54,1467.95,578.07992,13.82,1.44293
1197846000,795.95,798.65,785.04,795.95,1445.9,575.12,13.86,1.44083
1197932400,795.95,806.35,790.23,800.54,1454.98,568.88,13.99,1.44173
1198018800,800.54,804.65,797.54,801.73,1453,577.19992,14.1,1.43823
1198105200,801.73,803.15,793.23,796.65,1460.12,576.80008,14.16,1.43283
1198191600,796.65,812.35,796.65,811.45,1484.46,590.4,14.35,1.43743
1198450800,811.4,815.45,808.15,811.4,1496.45,591.6,14.52,1.43933
1198537200,811.4,811.4,811.4,811.4,1496.45,591.6,14.52,1.43933
1198623600,811.4,825.95,807.95,823.85,1497.66,607.28,14.66,1.44843
1198710000,823.85,831.23,812.49,825.23,1476.37,610,14.63,1.46093
1198796400,825.23,839.95,824.54,838.85,1478.49,607.12,14.75,1.47223
1199055600,833.29,843.35,829.73,833.29,1468.36,606.07992,14.75,1.45843
1199142000,833.29,833.29,833.29,833.29,1468.36,606.07992,14.75,1.45843
1199228400,833.29,860.95,833.29,856.85,1447.16,627.76,15.22,1.47133
1199314800,856.85,869.15,853.04,863.95,1447.16,626.96,15.33,1.47413
1199401200,863.95,868.45,854.23,862.73,1411.63,618.48,15.32,1.47413
1199660400,857.35,864.95,855.23,857.35,1416.18,604,15.13,1.46823
1199746800,857.35,883.15,857.15,882.73,1390.19,608.48,15.71,1.47053
1199833200,882.73,891.45,873.23,879.23,1409.13,602,15.7,1.46603
1199919600,879.23,897.95,866.15,896.15,1420.33,592.16,16.15,1.47983
1200006000,896.15,897.73,887.23,895.35,1401.02,584.72,16.24,1.47743
1200265200,905.45,914.04,891.73,905.45,1416.25,594,16.38,1.48653
1200351600,905.45,913.95,887.35,891.85,1380.95,582.24,15.93,1.48003
1200438000,891.85,899.54,874.45,876.73,1373.2,574.80008,15.79,1.46573
1200524400,876.73,890.15,875.54,879.95,1333.25,568.24,15.85,1.46353
1200610800,879.95,888.35,870.15,880.54,1325.19,572.31992,16.12,1.46183
1200870000,871.54,882.95,866.65,871.54,1325.19,572.31992,15.75,1.44193
1200956400,871.54,894.54,849.23,889.65,1310.5,564.4,15.99,1.46423
1201042800,889.65,895.95,876.45,892.95,1338.6,556,16.08,1.46273
1201129200,892.95,913.73,888.95,913.23,1352.07,567.43992,16.39,1.47713
1201215600,913.23,923.45,905.95,910.04,1330.61,575.3008,16.39,1.46793
1201474800,927.15,929.4,914.45,927.15,1353.97,578.80008,16.69,1.47843
1201561200,927.15,933.23,919.54,923.85,1362.3,583.84,16.73,1.47683
1201647600,923.85,936.45,915.95,925.73,1355.81,584.64,16.71,1.48233
1201734000,925.73,928.23,918.45,924.23,1378.55,578.80008,16.86,1.48623
1201820400,924.23,936.73,903.95,908.04,1395.42,563.76,16.79,1.48003
1202079600,904.85,912.65,891.73,904.85,1380.82,570.96,16.71,1.48253
1202166000,904.85,906.73,884.15,887.15,1336.64,561.19992,16.32,1.46333
1202252400,887.15,907.45,886.04,898.95,1326.45,552.16,16.46,1.46123
1202338800,898.95,911.35,896.23,909.23,1336.91,558.4,16.73,1.44753
1202425200,909.23,920.23,907.45,918.04,1331.29,583.19992,17.07,1.45053
1202684400,921.65,927.04,915.73,921.65,1339.13,596.4,17.44,1.45023
1202770800,921.65,924.73,902.73,907.23,1348.86,588.72,17.18,1.45803
1202857200,907.23,910.65,896.15,907.23,1367.21,592.88,17.29,1.45523
1202943600,907.23,913.85,901.54,908.45,1348.86,606.07992,17.25,1.46413
1203030000,908.45,915.45,897.73,902.85,1349.99,607.43992,17.09,1.46813
1203289200,904.65,907.45,900.23,904.65,1349.99,607.43992,17.02,1.46453
1203375600,904.65,930.35,903.73,928.73,1348.78,630.48,17.52,1.47253
1203462000,928.73,945.73,913.45,941.73,1360.03,634.56008,17.84,1.47193
1203548400,941.73,953.73,937.73,943.85,1342.53,618.64,17.78,1.48123
1203634800,943.85,949.65,935.45,944.65,1353.11,628.80008,18,1.48263
1203894000,938.35,952.04,932.85,938.35,1371.8,629.88968,18.09,1.48323
1203980400,938.35,951.65,926.45,950.45,1381.29,640.80008,18.86,1.49943
1204066800,950.45,964.85,949.54,957.73,1380.02,631.36,19.22,1.51143
1204153200,957.73,972.23,953.15,969.23,1367.68,651.84,19.75,1.51873
1204239600,969.23,976.04,964.45,971.95,1330.63,643.36,19.78,1.51773
1204498800,985.85,989.45,971.95,985.85,1331.34,650.56008,20.27,1.51943
1204585200,985.85,988.04,956.45,966.85,1326.75,635.19992,19.74,1.52043
1204671600,966.85,992.85,959.23,987.95,1333.7,666.4,20.75,1.52743
1204758000,987.95,992.04,965.04,978.15,1304.34,671.12,20.16,1.53823
1204844400,978.15,988.35,969.54,972.54,1293.37,669.84,20.16,1.53523
1205100000,972.04,980.45,960.95,972.04,1273.37,685.04,19.6,1.53343
1205186400,972.04,985.65,964.45,972.35,1320.65,690.72,19.63,1.53363
1205272800,972.35,984.04,968.04,982.73,1308.77,695.36,20.16,1.55383
1205359200,982.73,999.85,981.45,994.95,1315.48,697.68008,20.56,1.56203
1205445600,994.95,1007.23,990.54,998.65,1288.14,692.07992,20.58,1.56703
1205704800,1002.95,1031.95,993.95,1002.95,1276.6,666.4,20.08,1.57403
1205791200,1002.95,1012.35,976.35,985.85,1330.74,686.4,19.66,1.56513
1205877600,985.85,997.35,937.45,939.04,1298.42,658.31992,18.17,1.56353
1205964000,939.04,939.65,904.65,919.54,1329.51,650.4,16.83,1.54333
1206050400,919.54,919.54,919.54,919.54,1329.51,650.4,16.83,1.54293
1206309600,917.95,926.85,906.35,917.95,1349.88,642.07992,17.1,1.54323
1206396000,917.95,940.73,916.15,937.45,1352.99,651.76,17.86,1.56073
1206482400,937.45,954.65,934.45,952.73,1341.13,678.48,18.42,1.58203
1206568800,952.73,954.65,940.35,950.45,1325.66,685.84,18.51,1.58093
1206655200,950.45,950.85,923.15,931.23,1315.22,674.96,17.87,1.57943
1206914400,918.35,940.73,912.54,918.35,1322.7,650.88,17.32,1.57563
1207000800,918.35,920.73,871.95,886.15,1370.18,648.48,16.94,1.56153
1207087200,886.15,905.98,881,903.29,1367.53,670.24,17.37,1.56733
1207173600,903.29,908.85,887.79,904.85,1369.31,669.19992,17.38,1.56573
1207260000,904.85,914.45,899.1,913.24,1370.4,679.04,17.71,1.57363
1207519200,921.15,929.46,910.54,921.15,1372.54,695.43992,18.06,1.57063
1207605600,921.15,925.65,907.7,915.85,1365.54,697.52,17.73,1.56923
1207692000,915.85,935.54,902.95,931.95,1354.49,711.19992,18.1,1.58153
1207778400,931.95,939.73,921.85,928.35,1360.55,705.43992,17.9,1.57543
1207864800,928.35,932.15,917.35,923.99,1332.83,707.84,17.67,1.58043
1208124000,925.23,931.95,914.23,925.23,1328.32,717.12,17.68,1.58223
1208210400,925.23,936.65,924.65,928.45,1334.43,731.52,17.8,1.57843
1208296800,928.45,949.05,924.23,943.35,1364.71,737.19992,18.29,1.59383
1208383200,943.35,952.95,937.11,941.04,1365.56,738.96,18.27,1.59053
1208469600,941.04,946.45,904.65,916.35,1390.33,750.31992,17.8,1.58133
1208728800,915.85,928.79,910.99,915.85,1388.17,755.04,17.44,1.59133
1208815200,915.85,925.49,911.65,917.54,1375.94,760.64,17.7,1.59723
1208901600,917.54,922.9,896.3,901.95,1379.93,761.43992,17.12,1.58793
1208988000,901.95,906.85,882.99,887.04,1388.82,745.6,16.74,1.56733
1209074400,887.04,896.73,877.65,885.99,1397.84,765.28,16.85,1.56273
1209333600,892.65,895.85,886.73,892.65,1396.37,765.52,17.01,1.56533
1209420000,892.65,892.65,868.49,873.04,1390.94,743.92008,16.58,1.55763
1209506400,873.04,878.79,862.45,874.95,1385.59,740,16.79,1.56223
1209592800,874.95,881.65,847.35,854.23,1409.34,723.04,16.27,1.54753
1209679200,854.23,859.54,845.45,856.23,1413.9,747.19992,16.39,1.54223
1209938400,872.23,874.45,856.23,872.23,1407.49,773.92008,16.67,1.55033
1210024800,872.23,882.95,871.04,878.95,1418.26,787.04,16.88,1.55173
1210111200,878.95,881.23,863.65,866.15,1392.57,798.4,16.59,1.53413
1210197600,866.15,885.45,865.23,883.45,1397.68,805.28,16.86,1.54043
1210284000,883.45,889.73,870.35,884.95,1388.28,816.96,16.83,1.54793
1210543200,885.35,889.65,877.65,885.35,1403.58,800.88,17.2,1.55313
1210629600,885.35,885.35,860.95,866.35,1403.04,813.68008,16.7,1.54693
1210716000,866.35,871.04,859.73,865.15,1408.66,801.76,16.54,1.54643
1210802400,865.15,887.73,861.95,882.35,1423.57,801.68008,16.73,1.54583
1210888800,882.35,904.95,880.15,899.45,1425.35,818.16,16.92,1.55743
1211148000,903.65,913.65,899.45,903.65,1426.63,822.4,16.97,1.55253
1211234400,903.65,923.54,902.73,918.95,1413.4,834.4,17.61,1.56473
1211320800,918.95,934.65,916.35,933.04,1390.71,866.48,17.97,1.57793
1211407200,933.04,935.35,917.23,920.04,1394.35,845.04,17.93,1.57303
1211493600,920.04,929.15,914.73,925.95,1375.93,855.6,18.23,1.57583
1211752800,923.95,928.23,923.23,923.95,1375.93,855.6,18.17,1.57773
1211839200,923.95,930.73,903.73,905.65,1385.35,834.07992,17.47,1.56863
1211925600,905.65,909.65,889.15,902.45,1390.84,847.36,17.41,1.56543
1212012000,902.45,902.95,873.23,878.95,1398.26,818.07992,16.66,1.55143
1212098400,878.95,888.95,870.23,887.95,1400.38,824.48,16.84,1.55533
1212357600,892.65,897.45,881.15,892.65,1385.67,824.4,16.81,1.55389
1212444000,892.65,896.95,875.15,881.15,1377.65,805.19992,16.78,1.54498
1212530400,881.15,886.54,875.95,877.65,1377.2,791.84,16.74,1.54337
1212616800,877.65,880.04,864.65,879.45,1404.05,831.6,17.14,1.55954
1212703200,879.45,899.23,877.73,896.04,1360.68,897.36,17.39,1.57768
1212962400,893.35,908.95,890.54,893.35,1361.76,872.4,17.14,1.57768
1213048800,893.35,894.85,864.15,869.04,1358.44,856.16,16.66,1.54591
1213135200,869.04,882.95,867.15,881.65,1335.49,887.92008,16.88,1.55594
1213221600,881.65,882.23,857.45,869.35,1339.87,890.16,16.49,1.54464
1213308000,869.35,874.15,859.35,870.85,1360.03,873.6,16.58,1.53801
1213567200,867.54,873.04,866.54,867.54,1360.14,871.92008,16.46,1.54645
1213653600,867.54,867.54,867.54,867.54,1350.93,869.43992,16.46,1.55154
1213740000,867.54,867.54,867.54,867.54,1337.81,887.12,16.46,1.55437
1213826400,867.54,867.54,867.54,867.54,1342.83,855.28,16.46,1.54971
1213912800,867.54,867.54,867.54,867.54,1317.93,873.12,16.46,1.56023
1214172000,867.54,867.54,867.54,867.54,1318,887.36,16.46,1.55204
1214258400,867.54,867.54,867.54,867.54,1314.29,887.6,16.46,1.55728
1214344800,867.54,867.54,867.54,867.54,1321.97,868,16.46,1.56634
1214431200,867.54,867.54,867.54,867.54,1283.15,904.96,16.46,1.57601
1214517600,867.54,867.54,867.54,867.54,1278.38,910,16.46,1.57903
1214776800,867.54,867.54,867.54,867.54,1280,909.28,16.46,1.57602
1214863200,867.54,867.54,867.54,867.54,1284.91,916.72,16.46,1.57905
1214949600,867.54,867.54,867.54,867.54,1261.52,934.72,16.46,1.58779
1215036000,867.54,867.54,867.54,867.54,1262.9,934.56008,16.46,1.56849
1215122400,867.54,867.54,867.54,867.54,1262.9,934.56008,16.46,1.57057
1215381600,867.54,867.54,867.54,867.54,1252.31,919.6,16.46,1.57234
1215468000,867.54,867.54,867.54,867.54,1273.7,879.36,16.46,1.56649
1215554400,867.54,867.54,867.54,867.54,1244.68,877.19992,16.46,1.57291
1215640800,867.54,867.54,867.54,867.54,1253.39,914.72,16.46,1.57864
1215727200,867.54,867.54,867.54,867.54,1239.49,939.12,16.46,1.59346
1215986400,867.54,867.54,867.54,867.54,1228.3,939.84,16.46,1.58887
1216072800,867.54,867.54,867.54,867.54,1214.91,899.12,16.46,1.59156
1216159200,867.54,977.7,867.54,960.99,1245.36,874,18.88,1.58225
1216245600,960.99,978.85,952.6,958.2,1260.32,844.24,18.54,1.58507
1216332000,958.2,964.4,949.54,954.45,1260.68,835.52,18.16,1.58461
1216591200,966.54,968.15,956.99,966.54,1260,853.36,18.41,1.59122
1216677600,966.54,975.99,943.35,946.95,1277,826.56008,17.97,1.57777
1216764000,946.95,948.85,917.49,921.95,1282.19,800.16,17.4,1.56822
1216850400,921.95,930.95,915.9,927.45,1252.54,811.68008,17.45,1.5683
1216936800,927.45,934.85,918.45,929.15,1257.76,794.16,17.38,1.57056
1217196000,931.35,932.65,922.54,931.35,1234.37,804.31992,17.56,1.57427
1217282400,931.35,932.95,913.9,918.35,1263.19,784.31992,17.34,1.55876
1217368800,918.35,918.85,893.54,908.54,1284.26,817.04,17.5,1.55798
1217455200,908.54,925.2,907.24,912.4,1267.38,799.92008,17.72,1.55827
1217541600,912.4,916.85,901.4,910.29,1260.31,808.31992,17.46,1.55598
1217800800,893.6,915.45,893.52,893.6,1249.01,780.16,16.94,1.55638
1217887200,893.6,894.45,872.37,875.65,1284.88,764.72,16.44,1.54639
1217973600,875.65,886.29,872.5,881.29,1289.19,763.36,16.55,1.54224
1218060000,881.29,884.79,867.5,873.1,1266.06,771.52072,16.19,1.53123
1218146400,873.1,873.23,850.41,856.2,1296.31,741.43992,15.25,1.50089
1218405600,820.95,865.7,817.92,820.95,1305.31,740.07992,14.8,1.49115
1218492000,820.95,826.73,801.7,811.24,1289.59,731.92008,14.51,1.48887
1218578400,811.24,829.6,804.95,828.1,1285.83,750,14.89,1.4898
1218664800,828.1,836.6,796.23,796.23,1292.93,741.92008,13.6,1.47755
1218751200,796.23,799.24,771.91,787.2,1298.2,734.4,12.77,1.46867
1219010400,795.7,803.9,789.65,795.7,1278.6,730.07992,13.08,1.46959
1219096800,795.7,818.15,782.04,816.79,1266.69,741.92008,13.35,1.47915
1219183200,816.79,817.85,799.8,812.2,1274.54,751.84,13.23,1.47507
1219269600,812.2,839.16,812.15,834.15,1277.72,785.68008,13.77,1.48884
1219356000,834.15,837.7,820.99,822.45,1292.2,740.31992,13.35,1.47886
1219615200,820.1,825.91,815.9,820.1,1266.84,744.80008,13.39,1.47263
1219701600,820.1,830.41,806.7,824.67,1271.51,751.19992,13.58,1.46447
1219788000,824.67,835.05,822.54,828.85,1281.66,765.28,13.5,1.47427
1219874400,828.85,843.85,825.15,833.15,1300.68,747.12,13.68,1.47035
1219960800,833.15,838.49,829.05,830.65,1282.83,742.96,13.59,1.46703
1220220000,817.45,835.45,814.7,817.45,1282.83,742.96,13.45,1.45827
1220306400,817.45,817.49,790.41,803.65,1277.57,713.52,13.08,1.44843
1220392800,803.65,808.53,789.1,803.15,1274.98,707.52,12.97,1.45144
1220479200,803.15,814.65,789.99,790.79,1236.83,696.16,12.64,1.42572
1220565600,790.79,819.27,789.9,803.15,1242.31,688.48,12.21,1.42629
1220824800,801.45,817.9,796.5,801.45,1267.79,687.43992,12.04,1.41354
1220911200,801.45,804.79,766.99,768.29,1224.51,658.80008,11.11,1.40937
1220997600,768.29,783.41,749.15,749.15,1232.04,663.76,10.62,1.39368
1221084000,749.15,757.95,735.85,751.4,1249.05,651.92008,10.69,1.40083
1221170400,751.4,766.4,745.7,765.1,1251.7,651.92008,10.77,1.42149
1221429600,780.79,787.35,763.87,780.79,1192.7,610.4,10.93,1.4243
1221516000,780.79,789.6,771.79,782.6,1213.59,599.92008,10.6,1.41673
1221602400,782.6,869.22,777.15,868.47,1156.39,620,12.05,1.431
1221688800,868.47,915.95,831.95,860.08,1206.51,633.36,12.01,1.43006
1221775200,860.08,876.49,823.74,872.74,1255.08,661.04,12.49,1.44648
1222034400,903.65,908.35,861.74,903.65,1207.09,700.96,13.52,1.48013
1222120800,903.65,909.1,880.2,883.79,1188.22,689.04,13.19,1.4684
1222207200,883.79,901.47,875.1,883.08,1185.87,678.88,13.27,1.46508
1222293600,883.08,896.79,863.24,881.49,1209.18,693.52,13.3,1.46632
1222380000,881.49,911.15,865.54,877.85,1213.01,689.68008,13.39,1.46107
1222639200,907.35,925.17,866.6,907.35,1106.39,616.72,13.13,1.4365
1222725600,907.35,908.15,856.45,870.9,1166.36,656.07992,11.99,1.41177
1222812000,870.9,892.79,864.29,866.9,1161.06,636.72,12.44,1.39882
1222898400,866.9,875.9,829.33,833.28,1114.28,606.56008,10.88,1.37852
1222984800,833.28,847.54,820.95,834.79,1099.23,602,11.1,1.37679
1223244000,861.85,875.7,826.15,861.85,1056.89,572.88,11.14,1.35144
1223330400,861.85,891.1,858.79,887.99,996.23,579.92008,11.61,1.35692
1223416800,887.99,921.1,877.49,909.23,984.94,578.07992,11.8,1.36085
1223503200,909.23,922.49,880.24,918.65,909.92,556.80008,12.16,1.35591
1223589600,918.65,929.85,826.95,844.29,899.22,532,9.86,1.34182
1223848800,841.65,871.62,821.99,841.65,1003.35,542.24,10.95,1.36572
1223935200,841.65,853.65,831.49,841.9,998.01,520.24,11.02,1.35635
1224021600,841.9,855.99,830.9,847.9,907.84,485.84,10.25,1.34348
1224108000,847.9,848.45,784.04,802.15,946.43,474.72,9.56,1.34857
1224194400,802.15,814.65,771.95,782.6,940.55,474.96,9.34,1.34085
1224453600,796.29,809.79,785.2,796.29,985.4,494.4,9.87,1.33393
1224540000,796.29,802.95,765.35,772.9,955.05,470.16,10.06,1.30059
1224626400,772.9,775.49,720.12,722.78,896.78,439.43992,9.51,1.27717
1224712800,722.78,735.33,698.24,724.87,908.11,452.80008,9.72,1.28993
1224799200,724.87,747.87,681.58,732.83,876.77,424,9.19,1.26192
1225058400,734.9,747.12,706.98,734.9,848.92,406.80008,9.12,1.24642
1225144800,734.9,756.29,724.17,755.65,940.51,425.76,9.38,1.28053
1225231200,755.65,774.48,736.28,760.08,930.09,445.43992,9.85,1.29555
1225317600,760.08,777.78,733.08,738.15,954.09,432,9.76,1.28689
1225404000,738.15,741.1,717.24,723.85,968.75,444.72,9.83,1.27324
1225666800,727.6,738.79,721.29,727.6,966.3,419.92008,9.79,1.26127
1225753200,727.6,769.67,721.87,764.67,1005.75,459.04,10.2,1.29806
1225839600,764.67,765.48,737.85,743.53,952.77,430.72,10.3,1.29129
1225926000,743.53,760.49,728.67,732.28,904.88,401.19992,9.99,1.26874
1226012400,732.28,744.85,725.67,736.28,930.99,400.31992,9.95,1.27166
1226271600,747.74,768.35,740.85,747.74,919.21,409.84,10.2,1.27441
1226358000,747.74,750.4,726.35,731.24,898.95,384.88,9.76,1.25065
1226444400,731.24,738.85,708.7,711.04,852.3,366,9.31,1.24562
1226530800,711.04,739.29,699.49,733.49,911.29,392,9.35,1.27854
1226617200,733.49,753.99,724.9,741.65,873.29,369.43992,9.6,1.2602
1226876400,738.1,749.24,730.6,738.1,850.75,361.28,9.34,1.264
1226962800,738.1,745.85,731.4,738.6,859.12,358.16,9.61,1.26328
1227049200,738.6,762.65,731.7,736.24,806.58,346.07992,9.22,1.25015
1227135600,736.24,752.74,734.4,744.15,752.44,316.4,8.97,1.24367
1227222000,744.15,802.15,742.4,800.35,800.03,328,9.63,1.25882
1227481200,817.54,829.54,786.2,817.54,851.81,353.04,10.5,1.29125
1227567600,817.54,831.33,802.92,817.58,857.39,330.88,10.26,1.30287
1227654000,817.58,822.92,808.48,811.23,887.68,356.31992,10.28,1.28934
1227740400,811.23,817.45,810.98,815.37,887.68,356.31992,10.25,1.28923
1227826800,815.37,820.65,809.46,817.99,896.24,336.72,10.32,1.26886
1228086000,770.78,816.23,762.92,770.78,816.21,319.12,9.26,1.25952
1228172400,770.78,786.92,761.62,777.49,848.81,308,9.53,1.27072
1228258800,777.49,783.12,763.95,775.35,870.74,304.4,9.68,1.27033
1228345200,775.35,785.1,762.73,767.67,845.22,283.28,9.48,1.27726
1228431600,767.67,772.79,741.15,756.17,876.07,274,9.45,1.27202
1228690800,773.24,782.23,758.73,773.24,909.7,288.96,9.96,1.29123
1228777200,773.24,780.23,762.73,775.1,888.67,275.6,9.84,1.29253
1228863600,775.1,813.2,774.98,804.6,899.24,286.48,10.14,1.30119
1228950000,804.6,823.83,802.04,820.65,873.59,309.12,10.38,1.33273
1229036400,820.65,828.67,807.62,822.08,879.73,304.80008,10.2,1.3367
1229295600,836.48,842.83,820.98,836.48,868.57,294.728,10.62,1.36935
1229382000,836.48,859.83,829.92,854.08,913.18,291.52,11.31,1.40635
1229468400,854.08,882.28,846.28,864.73,904.42,278.48,11.33,1.4405
1229554800,864.73,878.37,848.17,850.78,885.28,261.84,10.98,1.42909
1229641200,850.78,853.78,829.58,837.92,887.88,264.48,10.88,1.39052
1229900400,845.35,851.49,838.95,845.35,871.63,245.04,10.8,1.39545
1229986800,845.35,847.35,828.9,836.99,863.16,240,10.3,1.39339
1230073200,836.99,847.95,834.4,846.65,865.42,232.192,10.4,1.40009
1230159600,846.65,847.65,843.35,845.23,865.42,232.192,10.29,1.40009
1230246000,845.23,872.15,842.54,867.79,872.8,232.80008,10.58,1.40236
1230505200,879.9,889.99,873.33,879.9,869.42,247.36,10.89,1.40329
1230591600,879.9,881.54,863.78,873.95,890.64,241.6,10.99,1.41391
1230678000,873.95,884.42,856.45,879.6,903.25,264.80008,11.32,1.3971
1230764400,879.6,887.85,879.6,886.2,903.25,264.80008,11.35,1.39999
1230850800,886.2,886.54,867.45,875.23,931.8,285.04,11.49,1.39182
1231110000,856.67,884.33,844.42,856.67,927.45,298.4,11.17,1.36357
1231196400,856.67,870.2,839.12,860.87,934.7,298,11.39,1.35043
1231282800,860.87,866.84,835.87,838.4,906.65,266.16,10.93,1.36127
1231369200,838.4,864.39,836.74,855.99,909.73,265.6,11.09,1.36969
1231455600,855.99,868.29,844.4,853.4,890.35,258.96,11.28,1.34746
1231714800,822.79,854.04,815.35,822.79,870.26,245.19992,10.63,1.33565
1231801200,822.79,830.6,813.77,821.29,871.79,254.72,10.73,1.31978
1231887600,821.29,828.99,807.04,813.24,842.62,249.84,10.62,1.3211
1231974000,813.24,821.2,801.95,817.24,843.74,241.43992,10.59,1.31581
1232060400,817.24,842.99,815.53,842.2,850.12,238.88,11.23,1.32641
1232319600,833.49,842.7,831.54,833.49,850.12,238.88,11.14,1.30904
1232406000,833.49,865.9,823.43,853.99,805.22,229.28,11.15,1.28817
1232492400,853.99,864.04,843.17,852.24,840.24,248.24,11.28,1.29991
1232578800,852.24,862.74,843.45,855.4,827.5,240.16,11.37,1.30039
1232665200,855.4,903.08,852.47,898.74,831.95,258.64,11.82,1.29688
1232924400,904.15,915.74,888.7,904.15,836.57,257.12,12.04,1.31835
1233010800,904.15,907.4,892.4,899.95,845.71,236,12.09,1.32127
1233097200,899.95,903.53,882.35,885.25,874.09,238,11.93,1.31518
1233183600,885.25,909.5,874.25,905.4,845.14,233.76,12.3,1.29368
1233270000,905.4,929.25,901.3,926.75,825.88,233.76,12.56,1.28101
1233529200,901.3,925.5,896.45,901.3,825.44,227.19992,12.36,1.28122
1233615600,901.3,912.45,889.1,898.5,838.51,230.96,12.39,1.30104
1233702000,898.5,909,895.4,905.35,832.23,226.16,12.5,1.28533
1233788400,905.35,924.27,901.9,909.5,845.85,230.48,12.77,1.27872
1233874800,909.5,920.2,904,910.75,868.6,225.6,13.1,1.29416
1234134000,893.85,907.9,890.65,893.85,869.89,226,12.82,1.29592
1234220400,893.85,918.03,891,915.3,827.16,215.28,13.12,1.291
1234306800,915.3,947.45,910.55,937.65,833.74,208.64,13.49,1.28649
1234393200,937.65,952.48,935,943.55,835.19,209.04,13.44,1.28822
1234479600,943.55,943.83,932.25,941.4,826.84,204.80008,13.6,1.286
1234738800,941.3,944.1,935.8,941.3,826.84,204.80008,13.55,1.27963
1234825200,941.3,973.95,940.15,968.1,789.17,187.68008,14.09,1.2582
1234911600,968.1,987.38,960.65,981.8,788.42,182.88,14.32,1.25651
1234998000,981.8,986.3,968.3,976.25,778.94,194.24,14.05,1.26554
1235084400,976.25,1006.05,970.15,992.4,770.05,194.80008,14.39,1.28238
1235343600,988.13,998.05,975.15,988.13,743.33,186.56008,14.39,1.26692
1235430000,988.13,995.4,959.15,961.2,773.14,195.52,13.7,1.28704
1235516400,961.2,977.85,944.15,952.8,764.9,208,13.69,1.27159
1235602800,952.8,956.5,931.75,944.45,752.83,217.84,13.15,1.27162
1235689200,944.45,962.75,927.55,942,735.09,216.4,13.07,1.26658
1235948400,927.05,958.08,921.95,927.05,700.82,195.84,12.91,1.25612
1236034800,927.05,932.63,905.18,913.73,696.33,203.12,12.75,1.25281
1236121200,913.73,922.65,899.95,908.85,712.87,220.88,12.98,1.26327
1236207600,908.85,936.55,907.25,930.4,682.55,212.48,13.23,1.25438
1236294000,930.4,944.75,930.25,938.8,683.38,223.92008,13.3,1.26497
1236549600,920.45,942.03,910.85,920.45,676.53,229.19992,12.93,1.26175
1236636000,920.45,921.8,890.95,896.45,719.6,222.64,12.6,1.27137
1236722400,896.45,913.15,891.9,908.35,721.36,210.4,12.78,1.28043
1236808800,908.35,930.8,906.98,924.65,750.74,225.848,12.92,1.2896
1236895200,924.65,938.5,918.8,929.25,756.55,221.04,13.19,1.29267
1237154400,922.85,929.55,915.45,922.85,753.89,226,12.91,1.29726
1237240800,922.85,923.98,912.15,914.65,778.12,235.52,12.7,1.3031
1237327200,914.65,948.1,883.05,936.2,794.35,236.88,12.85,1.3486
1237413600,936.2,961.3,925.65,953.05,784.04,242.88,13.52,1.36592
1237500000,953.05,966.95,945.8,951.75,768.54,246.07992,13.76,1.35795
1237759200,941.6,957,935.83,941.6,822.92,254.24,13.7,1.36168
1237845600,941.6,943.98,916.85,929.43,806.25,252.88,13.42,1.34803
1237932000,929.43,941,916.05,935.5,813.88,249.68008,13.49,1.35733
1238018400,935.5,945.5,931.5,934.4,832.86,256.16,13.51,1.35268
1238104800,934.4,936.05,919.5,923.08,815.94,246,13.3,1.32846
1238364000,919.15,932,908.35,919.15,787.53,229.6,13.03,1.3187
1238450400,919.15,924.58,911.5,918.58,797.87,232.4,12.93,1.32555
1238536800,918.58,933.15,916.4,926.1,811.08,228.64,12.98,1.3239
1238623200,926.1,929.2,894.5,907.5,834.38,247.84,12.96,1.34711
1238709600,907.5,909.5,890.65,892.78,842.5,247.43992,12.71,1.34816
1238968800,872.25,893.75,860.95,872.25,835.48,241.84,12.09,1.33217
1239055200,872.25,884.8,871.63,882.95,815.55,231.52,12.27,1.32674
1239141600,882.95,890,878.15,881.38,825.16,235.92008,12.23,1.32502
1239228000,881.38,886.3,874.73,878.5,856.56,245.52,12.29,1.31195
1239314400,878.5,885.45,877.35,882.95,856.56,245.52,12.3,1.31858
1239573600,894.93,899.6,882.4,894.93,858.73,237.43992,12.76,1.33745
1239660000,894.93,898.3,885.95,889.4,841.5,233.68008,12.7,1.32667
1239746400,889.4,899.38,885.79,891.08,852.06,234.48,12.76,1.32213
1239832800,891.08,893.65,871.9,876.28,865.3,234.31992,12.22,1.31829
1239919200,876.28,876.43,864.75,868.4,869.6,235.6,11.85,1.30421
1240178400,883,888.23,864.6,883,832.39,217.76,12.06,1.29033
1240264800,883,895.05,878.6,882.13,850.08,218.64,12.04,1.29348
1240351200,882.13,893.38,881.78,891.93,843.55,218.72,12.415,1.30069
1240437600,891.93,908.85,889.73,905.03,851.92,223.04,12.72,1.31241
1240524000,905.03,913.75,904.08,912.2,866.23,231.19992,12.82,1.32398
1240783200,905.38,918.33,904.9,905.38,857.51,224.64,12.822,1.30226
1240869600,905.38,905.48,884.8,890.73,855.16,222.80008,12.425,1.31304
1240956000,890.73,902.85,887.58,894.45,873.64,228.48,12.67,1.32647
1241042400,894.45,899.83,880.5,886.4,872.81,229.04,12.35,1.32431
1241128800,886.4,889.58,880.13,886.1,877.52,236.96,12.494,1.32675
1241388000,902.88,907.05,885.28,902.88,907.24,244.48,13.067,1.34149
1241474400,902.88,915.63,894.9,897.68,903.8,241.19992,13.33,1.3303
1241560800,897.68,911.95,895.15,910.33,919.53,251.43992,13.665,1.3299
1241647200,910.33,925.3,908.55,913.18,907.39,251.92008,13.84,1.33852
1241733600,913.18,919.83,905.1,916.23,929.23,259.92008,13.985,1.36333
1241992800,913.15,917.65,908.35,913.15,909.24,258.31992,13.915,1.35835
1242079200,913.15,927.55,911,925.95,908.35,261.04,14.28,1.36768
1242165600,925.95,930.53,917.23,924.6,883.92,257.52,13.942,1.35392
1242252000,924.6,928.5,920.13,925.95,893.07,259.19992,14.03,1.36302
1242338400,925.95,933.8,923.73,931.35,882.88,250.4,13.97,1.34933
1242597600,918.98,933.48,914.9,918.98,909.71,261.68008,13.79,1.35505
1242684000,918.98,929.35,917.45,925.95,908.13,262.31992,14.17,1.36424
1242770400,925.95,940.43,924.98,937.3,903.47,270.96,14.25,1.37827
1242856800,937.3,956,936.18,952.4,888.33,267.04,14.485,1.39393
1242943200,952.4,961.2,949.95,957.34,887,269.6,14.66,1.39946
1243202400,956.28,958.38,952.68,956.28,887,269.6,14.655,1.40068
1243288800,956.28,957.43,939.08,952.5,910.33,272.88,14.505,1.39913
1243375200,952.5,959.33,943.95,946.5,893.06,276.656,14.655,1.38307
1243461600,946.5,964.73,944.33,960.05,906.83,282.72,15.185,1.39477
1243548000,960.05,980.18,958.83,978.65,919.14,291.19992,15.71,1.41578
1243807200,975.75,988.58,972.85,975.75,942.87,299.43992,15.54,1.41798
1243893600,975.75,986.53,969.28,983,944.74,300.88,15.955,1.42869
1243980000,983,989.88,960.23,964.75,931.76,290,15.39,1.41409
1244066400,964.75,982.55,960.68,978.65,942.46,301.52,15.866,1.41664
1244152800,978.65,983.35,952.6,955.05,940.09,299.19992,15.26,1.39687
1244412000,954.08,959.5,943.1,954.08,939.14,300.31992,14.995,1.39277
1244498400,954.08,961.68,947.35,956.18,942.43,305.52,15.225,1.40617
1244584800,956.18,965.43,946.2,953.8,939.15,311.76,15.23,1.39849
1244671200,953.8,961.98,943.28,956.88,944.89,317.43992,15.39,1.41234
1244757600,956.88,958.2,936.15,939.1,946.21,315.43992,14.825,1.40154
1245016800,930.55,939.25,925.2,930.55,923.72,308.16,14.135,1.37739
1245103200,930.55,939.43,929.08,933.85,911.97,308.07992,14.14,1.38147
1245189600,933.85,943.05,927.2,940.95,910.71,309.6,14.36,1.39658
1245276000,940.95,941.43,929.15,933.43,918.37,310.80008,14.22,1.39082
1245362400,933.43,938.95,932.25,933.83,921.23,303.76,14.21,1.39328
1245621600,921.78,934.75,917.75,921.78,893.04,290,13.76,1.38491
1245708000,921.78,926.83,912.93,924.98,895.1,299.28,13.875,1.40683
1245794400,924.98,941.43,922.33,932.45,900.94,296.72,13.845,1.39402
1245880800,932.45,939.83,929.93,939.25,920.26,304.4,14.075,1.40086
1245967200,939.25,948.3,935.5,939.25,918.9,300.07992,14.064,1.40574
1246226400,938.88,942.6,933.5,938.88,927.23,309.36,13.901,1.40976
1246312800,938.88,944.8,923.85,929.03,919.32,303.43992,13.656,1.40394
1246399200,929.03,946.23,927.35,940.88,923.33,299.68008,13.776,1.41451
1246485600,940.88,941.05,926.25,931.58,896.42,288.4,13.381,1.39614
1246572000,931.58,934.1,929.25,932.15,896.42,288.4,13.421,1.39798
1246831200,925.78,931.33,920.43,925.78,898.72,277.68008,13.289,1.39913
1246917600,925.78,931.48,921.13,923.15,881.03,270.48,13.065,1.38963
1247004000,923.15,925.53,904.15,907.8,879.56,260.56008,12.837,1.38624
1247090400,907.8,918.58,906.33,913.38,882.68,262.16,12.855,1.40089
1247176800,913.38,915.23,906.65,912.83,879.13,259.016,12.67,1.39342
1247436000,919.1,923.2,907.45,919.1,901.05,258.96,12.81,1.40029
1247522400,919.1,927.63,917.8,924.75,905.84,256.88,12.9,1.39787
1247608800,924.75,942.03,924.45,938.88,932.68,267.76,13.29,1.4092
1247695200,938.88,939.78,932.58,936.5,940.74,268.48,13.3,1.41302
1247781600,936.5,939.75,931.15,937.05,940.38,273.92008,13.39,1.41004
1248040800,948.7,955.03,938.3,948.7,951.13,278.64,13.64,1.42106
1248127200,948.7,953.63,944.28,948.5,954.58,279.52,13.499,1.41975
1248213600,948.5,954.4,944.6,950.53,954.07,278.48,13.66,1.42022
1248300000,950.53,957.23,946.5,949.08,976.29,286.31992,13.725,1.41618
1248386400,949.08,954.03,946.98,951.08,979.26,289.76792,13.885,1.4204
1248645600,953.93,958.75,947.55,953.93,982.18,290.56008,14.03,1.42441
1248732000,953.93,956.48,934.05,939.03,979.62,286.07992,13.705,1.41447
1248818400,939.03,940.83,925.48,928.83,975.15,267.76,13.315,1.40147
1248904800,928.83,936.93,928.5,934.2,986.75,283.92008,13.47,1.40838
1248991200,934.2,955.48,932.33,953.65,987.48,294.48,13.905,1.42567
1249250400,955.68,962.15,951.2,955.68,1002.63,303.36,14.28,1.44076
1249336800,955.68,970.08,950.15,965.5,1005.65,303.76,14.585,1.44134
1249423200,965.5,967.9,958.05,963.65,1002.72,305.6,14.67,1.44076
1249509600,963.65,971.58,956.05,962.8,997.08,306.16,14.55,1.43693
1249596000,962.8,965.15,953.13,954.73,1010.48,301.19992,14.601,1.41814
1249855200,944.48,956.68,942.35,944.48,1007.1,301.68008,14.335,1.41285
1249941600,944.48,949.63,941.88,946.65,994.35,294.88,14.335,1.4149
1250028000,946.65,952.13,939.8,949.15,1005.81,298.80008,14.55,1.42153
1250114400,949.15,960.63,948.88,957.13,1012.73,302.4,15.075,1.42742
1250200800,957.13,959.08,941.85,948.28,1004.09,288.24,14.7,1.42014
1250460000,936.18,947.75,929.35,936.18,979.73,284.16,14.025,1.41068
1250546400,936.18,941.15,934.15,941.13,989.67,294.88,14.065,1.41651
1250632800,941.13,945.28,931.83,944.95,996.46,304.96,14.02,1.42483
1250719200,944.95,945.6,937.13,940.55,1007.37,301.36,13.905,1.42534
1250805600,940.55,957.93,937.78,952.95,1026.13,305.84,14.165,1.43247
1251064800,942.15,956.95,939.4,942.15,1025.57,306.4,14.144,1.42959
1251151200,942.15,954.28,942.15,945.13,1028,297.36,14.275,1.42817
1251237600,945.13,949.9,940,945.05,1028.12,295.6,14.315,1.42364
1251324000,945.05,950.63,941.45,949.48,1030.98,301.76,14.33,1.43689
1251410400,949.48,960.73,948.55,954.58,1028.93,301.28,14.756,1.43012
1251669600,951.88,960.43,943.9,951.88,1020.62,288.4,14.88,1.43336
1251756000,951.88,957.13,946.3,953.93,998.04,282.16,14.97,1.42073
1251842400,953.93,980.33,951.4,976.15,994.75,281.43992,15.351,1.42717
1251928800,976.15,997.23,974.15,991.23,1003.24,282.56008,16.105,1.42547
1252015200,991.23,996.2,984.8,992.5,1016.4,281.04,16.22,1.42971
1252274400,995.78,996.4,990.73,995.78,1016.4,281.04,16.322,1.43331
1252360800,995.78,1007.6,992.25,999.85,1025.39,295.52,16.624,1.45002
1252447200,999.85,1003.1,987.23,993.78,1033.37,295.52,16.364,1.45481
1252533600,993.78,998.4,982.4,996.48,1044.14,298.96,16.667,1.45801
1252620000,996.48,1011.58,994.4,1005.68,1042.73,286.56008,16.735,1.45689
1252879200,999.8,1008.83,993,999.8,1049.34,285.68008,16.555,1.46384
1252965600,999.8,1009.48,991.35,1006.38,1052.63,293.6,16.995,1.46687
1253052000,1006.38,1020.58,1005.93,1016.23,1068.76,299.43992,17.37,1.4708
1253138400,1016.23,1023.95,1009.7,1014,1065.49,299.92008,17.3,1.47321
1253224800,1014,1017.73,1006.03,1007.38,1068.3,296.96,16.99,1.47091
1253484000,1004.5,1006.68,995.65,1004.5,1064.66,286.80008,16.822,1.46818
1253570400,1004.5,1019.58,1003.65,1017,1071.66,295.84,17.161,1.48089
1253656800,1017,1018,1005.88,1009.13,1060.87,281.04,16.774,1.47268
1253743200,1009.13,1018.93,990.53,996.33,1050.78,271.76,16.085,1.46497
1253829600,996.33,998.98,985.03,990.8,1044.38,272,16.03,1.46888
1254088800,991.28,996.58,985.65,991.28,1062.98,276.07992,16.194,1.46209
1254175200,991.28,995.7,984.45,993.08,1060.61,274.48,16.165,1.45931
1254261600,993.08,1009.65,991.5,1007.53,1057.08,289.52,16.695,1.46525
1254348000,1007.53,1009.6,997.5,999.63,1029.85,289.84,16.335,1.45143
1254434400,999.63,1007.2,986.05,1002.45,1025.21,286.96,16.135,1.45761
1254693600,1015.98,1017.45,1001.13,1015.98,1040.46,289.43992,16.6,1.46568
1254780000,1015.98,1043.4,1015.3,1038.75,1054.72,292.31992,17.263,1.472
1254866400,1038.75,1048.25,1036.43,1045.78,1057.58,287.68008,17.685,1.47135
1254952800,1045.78,1061.25,1042.73,1049.58,1065.48,293.43992,17.605,1.47715
1255039200,1049.58,1052.03,1043.58,1048.65,1071.49,297.28,17.68,1.47252
1255298400,1054.43,1058.85,1046.98,1054.43,1076.19,301.52,17.765,1.47895
1255384800,1054.43,1068.43,1050.95,1062.85,1073.19,305.19992,17.785,1.48475
1255471200,1062.85,1070.58,1055.25,1064.23,1092.02,308.88,17.915,1.49311
1255557600,1064.23,1065.73,1046.25,1052,1096.56,319.28,17.435,1.49532
1255644000,1052,1056.65,1042.83,1053.2,1087.68,323.6,17.44,1.49032
1255903200,1062.68,1065.48,1047.75,1062.68,1097.91,326.07992,17.754,1.49672
1255989600,1062.68,1067.75,1051,1055.55,1091.06,323.12,17.45,1.49297
1256076000,1055.55,1064.7,1047.6,1058.7,1081.4,330.64,17.645,1.50119
1256162400,1058.7,1061.8,1051.35,1060.43,1092.91,331.76,17.68,1.50367
1256248800,1060.43,1067.35,1050.05,1055.28,1079.6,327.28,17.641,1.50059
1256508000,1039.2,1059.73,1036.55,1039.2,1066.95,321.04,17.045,1.48569
1256594400,1039.2,1043.63,1032.53,1040.33,1063.41,324.72,16.73,1.48179
1256680800,1040.33,1041.83,1026.53,1029.9,1042.63,315.68008,16.175,1.47167
1256767200,1029.9,1047.6,1028.6,1046.08,1066.11,327.19992,16.67,1.4837
1256853600,1046.08,1048.93,1035.1,1044.88,1036.19,314.56008,16.3,1.47217
1257116400,1062.13,1062.55,1042.85,1062.13,1042.88,319.76,16.55,1.47722
1257202800,1062.13,1087.6,1055.13,1082.23,1045.41,324.96,17.155,1.47312
1257289200,1082.23,1097.63,1079.85,1091.98,1046.5,327.92008,17.44,1.48658
1257375600,1091.98,1093.83,1083.55,1090.1,1066.63,326.4,17.385,1.48758
1257462000,1090.1,1100.65,1086.38,1094.83,1069.3,317.6,17.355,1.4844
1257721200,1104.38,1110.85,1095.35,1104.38,1093.08,324,17.565,1.5004
1257807600,1104.38,1108.85,1096.85,1106.2,1093.01,323.28,17.32,1.49908
1257894000,1106.2,1118.38,1105.55,1116.3,1098.51,324.4,17.575,1.49821
1257980400,1116.3,1122.9,1102.3,1104.6,1087.24,314.16,17.26,1.48553
1258066800,1104.6,1119.05,1101,1118.43,1093.48,312.96,17.415,1.49027
1258326000,1137.43,1143.23,1122.88,1137.43,1109.3,322.31992,18.316,1.49815
1258412400,1137.43,1144,1127.8,1140.93,1110.32,323.84,18.42,1.48735
1258498800,1140.93,1152.55,1135.85,1142.88,1109.8,325.36,18.53,1.49532
1258585200,1142.88,1145.83,1130.2,1143.63,1094.9,317.28,18.485,1.49124
1258671600,1143.63,1150.9,1132.85,1150.33,1091.38,315.36,18.476,1.48589
1258930800,1161.45,1173.5,1156.83,1161.45,1106.24,315.04,18.545,1.49538
1259017200,1161.45,1171.15,1157.6,1167.68,1105.65,308.64,18.515,1.49647
1259103600,1167.68,1192.45,1166.65,1188.4,1110.63,316,18.825,1.51254
1259190000,1188.4,1195.05,1180.2,1186.05,1110.63,316,18.47,1.49651
1259276400,1186.05,1191.3,1137.15,1173.15,1091.49,308,18.23,1.49855
1259535600,1179.35,1181.65,1163.85,1179.35,1095.63,313.19992,18.505,1.50341
1259622000,1179.35,1201.43,1175.1,1196.9,1108.86,316.96,19.095,1.50884
1259708400,1196.9,1219.95,1196.55,1219.8,1109.24,310.72,19.375,1.50661
1259794800,1219.8,1226.25,1204.2,1205.85,1099.92,308.16,18.715,1.50616
1259881200,1205.85,1212.5,1147.35,1161.1,1105.98,306.64,18.495,1.4854
1260140400,1158.95,1165,1135.05,1158.95,1103.25,299.92008,18.215,1.48373
1260226800,1158.95,1168.8,1124.4,1131,1091.94,294.80008,17.595,1.46908
1260313200,1131,1146.9,1116.1,1133.5,1095.95,286.96,17.43,1.47346
1260399600,1133.5,1136.6,1121,1132.7,1102.35,285.84,17.375,1.47283
1260486000,1132.7,1142,1109.38,1115.25,1106.41,283.84,17.145,1.46155
1260745200,1127.5,1127.85,1112.85,1127.5,1114.11,284.64,17.38,1.46563
1260831600,1127.5,1128.9,1111.2,1124.15,1107.93,287.43992,17.35,1.45396
1260918000,1124.15,1141.15,1121.15,1139.75,1109.18,293.92008,17.73,1.45234
1261004400,1139.75,1141.63,1094.5,1103.6,1096.08,290.88,17.205,1.43426
1261090800,1103.6,1116.88,1096.5,1112.98,1102.47,293.28,17.245,1.43303
1261350000,1096.35,1118.13,1089.9,1096.35,1114.05,289.28,17.02,1.42837
1261436400,1096.35,1097.28,1074.53,1085.15,1118.02,292.48,16.93,1.42523
1261522800,1085.15,1095.8,1079.3,1091.75,1120.59,301.92008,17.12,1.43351
1261609200,1091.75,1105.85,1090.38,1104.47,1126.48,305.6,17.465,1.43756
1261695600,1104.47,1104.47,1104.47,1104.47,1126.48,305.6,17.465,1.43643
1261954800,1105.1,1113.68,1101.4,1105.1,1127.78,310.88,17.46,1.43721
1262041200,1105.1,1108.2,1090.75,1093.15,1126.19,310.72,17.02,1.43395
1262127600,1093.15,1096.23,1085.8,1093.35,1126.42,313.12,16.79,1.43398
1262214000,1093.35,1106.75,1093.25,1096.75,1115.1,314.24,16.844,1.43222
1262300400,1096.75,1096.75,1096.75,1096.75,1115.1,314.24,16.844,1.43222
1262559600,1120.88,1123.58,1093.18,1120.88,1132.99,322.16,17.585,1.44235
1262646000,1120.88,1128.58,1115.1,1118.68,1136.52,323.28,17.725,1.43633
1262732400,1118.68,1140.38,1117.2,1136.18,1137.14,327.76,18.117,1.44006
1262818800,1136.18,1138.9,1127,1127.03,1141.69,325.76,18.082,1.43159
1262905200,1127.03,1139.33,1119.53,1137.85,1144.98,327.43992,18.455,1.4408
1263164400,1149.68,1161.88,1148.33,1149.68,1146.98,324.31992,18.505,1.45066
1263250800,1149.68,1158.13,1124.88,1130.03,1136.22,317.04,18.265,1.44746
1263337200,1130.03,1139.58,1118.45,1138.38,1145.68,313.68008,18.59,1.45217
1263423600,1138.38,1146.25,1130.78,1143.15,1148.46,312.48,18.6,1.44986
1263510000,1143.15,1145.68,1126.55,1130.68,1136.03,307.19992,18.37,1.43855
1263769200,1135.65,1137.08,1129.35,1135.65,1136.03,307.19992,18.65,1.4403
1263855600,1135.65,1140.58,1128.78,1138.3,1150.23,311.43992,18.705,1.42785
1263942000,1138.3,1141.43,1106.98,1115.25,1138.04,303.12,17.94,1.41108
1264028400,1115.25,1117.53,1088.33,1094.63,1116.48,297.92008,17.37,1.40974
1264114800,1094.63,1098.5,1081.88,1093.13,1091.76,290.72,17.015,1.41366
1264374000,1100.6,1104,1092.85,1100.6,1096.78,294.48,17.145,1.41458
1264460400,1100.6,1103.35,1085.4,1099.4,1092.17,292,16.85,1.40808
1264546800,1099.4,1102.33,1083.33,1089.37,1097.5,288.64,16.575,1.40281
1264633200,1089.37,1096.03,1074.08,1085.95,1084.53,289.28,16.195,1.39618
1264719600,1085.95,1090.15,1074.63,1080.85,1073.87,285.12,16.18,1.38613
1264978800,1103.95,1107.63,1076.55,1103.95,1089.18,293.76,16.581,1.39212
1265065200,1103.95,1118.13,1098.85,1115.05,1103.32,300.2272,16.69,1.39748
1265151600,1115.05,1124.75,1107,1108.65,1097.28,301.19992,16.345,1.38958
1265238000,1108.65,1111,1059.33,1064.58,1063.11,286.4,15.3,1.374
1265324400,1064.58,1068.65,1044.18,1066.03,1066.19,281.68008,15.142,1.36763
1265583600,1062.98,1073.6,1061.5,1062.98,1056.74,280.72,15.005,1.36541
1265670000,1062.98,1083.08,1062.45,1077.95,1070.52,289.68008,15.465,1.37805
1265756400,1077.95,1082.18,1063.1,1074.35,1068.13,292.07992,15.245,1.37465
1265842800,1074.35,1097.7,1072.3,1092.75,1078.47,294.24,15.63,1.36861
1265929200,1092.75,1093.38,1077.75,1093.25,1075.51,290.48,15.5,1.36297
1266188400,1099.2,1102.28,1091.58,1099.2,1075.51,290.48,15.49,1.35965
1266274800,1099.2,1121.08,1098.1,1118.13,1094.87,302.31992,16.065,1.37611
1266361200,1118.13,1127.18,1104.75,1105.58,1099.51,303.76,15.81,1.36064
1266447600,1105.58,1123.95,1097.75,1100.98,1106.75,309.84,15.76,1.34658
1266534000,1100.98,1126.73,1099.18,1119.05,1109.17,312.72,16.29,1.3611
1266793200,1113.98,1130.85,1109.95,1113.98,1108.01,312.24,16.215,1.36047
1266879600,1113.98,1121.03,1099.18,1105.78,1094.6,306.64,15.85,1.3523
1266966000,1105.78,1108.13,1089.93,1100.1,1105.24,311.92008,16.008,1.35415
1267052400,1100.1,1109.1,1088.18,1104.68,1102.93,304.88,16.01,1.35355
1267138800,1104.68,1118.88,1104.23,1117.5,1104.49,310.56008,16.449,1.36304
1267398000,1117.68,1123.35,1111.9,1117.68,1115.71,306.80008,16.445,1.35599
1267484400,1117.68,1137.58,1114.8,1134.05,1118.31,310.4,16.908,1.36182
1267570800,1134.05,1144.8,1132.13,1140.28,1118.79,315.19992,17.155,1.36992
1267657200,1140.28,1141.58,1125.68,1132.45,1122.97,313.19992,17.12,1.35806
1267743600,1132.45,1140.53,1127.25,1134.73,1138.69,318.80008,17.332,1.36204
1268002800,1122.88,1137.55,1118.43,1122.88,1138.5,318.31992,17.193,1.36178
1268089200,1122.88,1124.35,1108.43,1122.7,1140.44,316.4,17.26,1.36048
1268175600,1122.7,1127.88,1103.3,1108.45,1145.61,319.19992,17.02,1.36428
1268262000,1108.45,1111.48,1100.53,1110.53,1150.24,320.4,17.17,1.36835
1268348400,1110.53,1119.25,1098.18,1101.55,1149.99,316.07992,17.04,1.3767
1268604000,1108.9,1110.35,1101.03,1108.9,1150.51,310.64,17.15,1.36725
1268690400,1108.9,1128.6,1108.18,1126.63,1159.46,318.31992,17.435,1.37665
1268776800,1126.63,1133.18,1118.23,1122.18,1166.21,321.84,17.475,1.37358
1268863200,1122.18,1129.25,1118,1125.73,1165.82,319.36,17.35,1.36099
1268949600,1125.73,1126.78,1101.38,1106.73,1159.9,313.6,16.96,1.3528
1269208800,1105.43,1108.58,1092.25,1105.43,1165.81,316.48,16.96,1.35658
1269295200,1105.43,1107.93,1094.28,1103.4,1174.17,317.6,16.945,1.34669
1269381600,1103.4,1105,1085.03,1086.6,1167.72,311.52,16.55,1.33276
1269468000,1086.6,1095.65,1086.28,1089.78,1165.73,311.19992,16.57,1.33041
1269554400,1089.78,1109.58,1089.13,1107.23,1166.59,310.64,16.885,1.3408
1269813600,1109.38,1114.58,1103.23,1109.38,1173.32,319.68008,17.326,1.34883
1269900000,1109.38,1113.23,1101.48,1102.85,1173.27,319.6,17.252,1.3433
1269986400,1102.85,1117.98,1102.85,1112.43,1169.43,322.31992,17.455,1.35253
1270072800,1112.43,1127.9,1111.43,1126.08,1178.1,329.92008,17.875,1.3586
1270159200,1126.08,1126.33,1118.05,1121.1,1178.1,329.92008,17.7,1.35028
1270418400,1130.05,1133.2,1122.65,1130.05,1187.44,336.56008,18.015,1.34657
1270504800,1130.05,1138.55,1122.75,1134.25,1189.43,336.16,17.91,1.33809
1270591200,1134.25,1152.95,1132.3,1147.7,1182.44,332.16,18.092,1.33299
1270677600,1147.7,1153.65,1143.35,1149.35,1186.43,331.52,18.045,1.33745
1270764000,1149.35,1164.55,1149.35,1161.68,1194.37,329.36,18.38,1.34969
1271023200,1155.38,1167.48,1154.03,1155.38,1196.48,327.43992,18.19,1.3586
1271109600,1155.38,1157.13,1144.75,1151.43,1197.3,327.12,18.195,1.36137
1271196000,1151.43,1161.93,1150.15,1157.03,1210.65,334.07992,18.439,1.36553
1271282400,1157.03,1161.35,1150,1159.38,1211.67,333.68008,18.345,1.35645
1271368800,1159.38,1159.53,1129.73,1137.18,1192.13,324.80008,17.705,1.35012
1271628000,1135.05,1137.73,1123.68,1135.05,1197.52,320.88,17.749,1.34847
1271714400,1135.05,1145.93,1135.05,1141.05,1207.17,322.4,17.847,1.34216
1271800800,1141.05,1150.43,1137.58,1146.03,1205.93,322.16,18.052,1.33866
1271887200,1146.03,1149.28,1131.58,1139.7,1208.67,322.4,17.932,1.32215
1271973600,1139.7,1157.65,1134.68,1157.35,1217.28,327.6,18.303,1.33831
1272232800,1155.68,1159.85,1150.58,1155.68,1212.05,322.80008,18.297,1.33938
1272319200,1155.68,1172.55,1146.1,1165.83,1183.71,314.96,18.196,1.31782
1272405600,1165.83,1174.33,1160.43,1166.03,1191.36,319.76,18.095,1.31962
1272492000,1166.03,1171.15,1161.9,1168.73,1206.78,328.31992,18.475,1.325
1272578400,1168.73,1181.5,1167.78,1178.8,1186.68,330.64,18.63,1.32925
1272837600,1182.95,1187.55,1176.4,1182.95,1202.26,331.68008,18.76,1.31945
1272924000,1182.95,1192.18,1166.98,1170.75,1173.6,317.6,17.815,1.2976
1273010400,1170.75,1177.63,1157.63,1175.4,1165.87,306.48,17.53,1.28147
1273096800,1175.4,1211.45,1172.35,1203.95,1128.15,295.6792,17.615,1.26529
1273183200,1203.95,1213.5,1192.55,1208,1110.88,290.48,18.326,1.27503
1273442400,1202.08,1205.4,1183.85,1202.08,1159.73,297.84,18.485,1.27361
1273528800,1202.08,1234.18,1200.85,1229.73,1155.79,294.07992,19.28,1.26376
1273615200,1229.73,1248.43,1226.58,1238.03,1171.67,294.16,19.51,1.26448
1273701600,1238.03,1242.93,1227.05,1235.53,1157.43,289.04,19.435,1.25306
1273788000,1235.53,1249.3,1217.33,1231.88,1135.68,278.48,19.305,1.23561
1274047200,1225.78,1242.23,1219.03,1225.78,1136.94,271.04,18.935,1.23816
1274133600,1225.78,1229.1,1206.73,1227.3,1120.8,267.76,18.915,1.21425
1274220000,1227.3,1227.35,1186.4,1197.23,1115.05,268.07992,18.25,1.23838
1274306400,1197.23,1197.93,1174.93,1181.75,1071.59,257.6,17.64,1.25386
1274392800,1181.75,1187.53,1166.13,1176.7,1087.69,258.16,17.635,1.25696
1274652000,1193.28,1196.65,1181.05,1193.28,1073.65,257.36,17.905,1.23372
1274738400,1193.28,1204.1,1185.08,1202.95,1074.03,254.80008,18.09,1.23311
1274824800,1202.95,1216.45,1200.83,1210.75,1067.95,260.72,18.035,1.21813
1274911200,1210.75,1218.28,1205.65,1211.83,1103.06,274.48,18.51,1.2366
1274997600,1211.83,1215.3,1201.98,1214,1089.41,272.312,18.375,1.22718
1275256800,1216.35,1217.85,1209.55,1216.35,1089.41,272.312,18.525,1.22694
1275343200,1216.35,1228.73,1215.98,1225,1070.71,265.43992,18.445,1.22449
1275429600,1225,1226.95,1213.23,1224.03,1098.38,270.31992,18.395,1.22515
1275516000,1224.03,1224.58,1200.68,1206.43,1102.83,274.07992,17.905,1.21771
1275602400,1206.43,1219.8,1196.4,1219.55,1064.88,261.43992,17.425,1.19639
1275861600,1239.03,1244.45,1210.45,1239.03,1050.47,260.72,18.103,1.19219
1275948000,1239.03,1251.8,1233.28,1237.1,1062,265.52,18.265,1.19571
1276034400,1237.1,1240.78,1221.63,1231.08,1055.69,271.6,18.116,1.19884
1276120800,1231.08,1233.95,1214.68,1218.95,1086.84,278.16,18.243,1.21295
1276207200,1218.95,1230.53,1216.45,1226.55,1091.6,273.84,18.205,1.21102
1276466400,1221,1233.93,1216.38,1221,1089.63,274.64,18.235,1.22107
1276552800,1221,1236.6,1219.68,1233.08,1115.23,281.84,18.513,1.23148
1276639200,1233.08,1237.68,1226.83,1232.03,1114.61,283.92008,18.45,1.22978
1276725600,1232.03,1251.03,1230.73,1244.8,1116.04,281.12,18.715,1.23847
1276812000,1244.8,1262.03,1241.58,1256.65,1117.51,283.28,19.145,1.23857
1277071200,1237.13,1265.03,1230.5,1237.13,1113.2,282.64,18.745,1.23215
1277157600,1237.13,1242.55,1231.83,1240.93,1095.31,280,18.796,1.22648
1277244000,1240.93,1246.23,1224.65,1237.83,1092.04,273.92008,18.526,1.23057
1277330400,1237.83,1248.33,1227.88,1244.53,1073.69,275.12,18.712,1.23346
1277416800,1244.53,1258.15,1241.33,1255.43,1076.76,285.28,19.056,1.23674
1277676000,1239.98,1262.55,1235.43,1239.98,1074.57,281.68008,18.708,1.22861
1277762400,1239.98,1244.93,1227.13,1240.28,1041.24,273.36,18.447,1.21842
1277848800,1240.28,1247.43,1234.43,1241.43,1030.71,271.68008,18.569,1.22274
1277935200,1241.43,1243.73,1196.45,1201.3,1027.37,262.96,17.815,1.25107
1278021600,1201.3,1213.25,1200.63,1211.15,1022.58,260.80008,17.795,1.25646
1278280800,1209.5,1214.28,1205.45,1209.5,1022.58,260.80008,17.76,1.25066
1278367200,1209.5,1213.48,1189.15,1193.48,1028.06,260.88,17.777,1.26215
1278453600,1193.48,1205.63,1184.78,1205.35,1060.27,269.19992,18.052,1.26231
1278540000,1205.35,1207.73,1187.38,1195.68,1070.25,273.84,17.865,1.26885
1278626400,1195.68,1213.58,1194.38,1211.6,1077.96,274.72,18.1,1.26382
1278885600,1197.33,1212.25,1196.1,1197.33,1078.75,270.24,17.871,1.26023
1278972000,1197.33,1217.7,1197.05,1211.01,1095.34,277.92008,18.23,1.27188
1279058400,1211.01,1217.84,1202.36,1209.88,1095.17,277.28,18.295,1.27331
1279144800,1209.88,1217.13,1203.6,1209.63,1096.48,276.64,18.306,1.2918
1279231200,1209.63,1210.68,1186.05,1192.8,1064.88,273.28,17.83,1.29282
1279490400,1181.58,1194.5,1177.33,1181.58,1071.25,275.68008,17.56,1.29379
1279576800,1181.58,1193.63,1175.25,1191.98,1083.48,278.56008,17.758,1.29041
1279663200,1191.98,1197.83,1183.25,1185.45,1069.59,273.6,17.613,1.27589
1279749600,1185.45,1200.95,1180.93,1195.75,1093.67,283.36,18.093,1.29102
1279836000,1195.75,1203.85,1183.78,1188.75,1102.66,283.12,18.075,1.29069
1280095200,1184.75,1194.55,1179.5,1184.75,1115.01,282.80008,18.13,1.29812
1280181600,1184.75,1186.95,1158.03,1162.9,1113.84,277.36,17.633,1.29875
1280268000,1162.9,1165.88,1156.8,1163.75,1106.13,274.88,17.5,1.29981
1280354400,1163.75,1169.35,1159.23,1167.5,1101.53,280.48,17.525,1.30655
1280440800,1167.5,1183.4,1165.65,1180.5,1101.6,282.72,17.978,1.30495
1280700000,1182.58,1190.28,1174.38,1182.58,1125.86,291.84,18.358,1.3171
1280786400,1182.58,1190.5,1179.33,1189.55,1120.46,295.28,18.438,1.32198
1280872800,1189.55,1202.83,1188.8,1195.7,1127.24,295.19992,18.303,1.31532
1280959200,1195.7,1199.9,1189.78,1193.38,1125.81,293.68008,18.31,1.31779
1281045600,1193.38,1210.8,1192.28,1205,1121.64,289.6,18.438,1.32769
1281304800,1199.85,1209.65,1198.93,1199.85,1127.79,292.24,18.325,1.32141
1281391200,1199.85,1207.53,1190.45,1202.98,1121.06,286.96,18.28,1.31543
1281477600,1202.98,1207.85,1192.28,1200.73,1089.47,277.92008,17.925,1.28483
1281564000,1200.73,1215.18,1197.6,1212.13,1083.61,271.36,18.08,1.28416
1281650400,1212.13,1217.5,1210.53,1215.2,1079.25,270.31992,18.113,1.27524
1281909600,1224.43,1227.23,1214.9,1224.43,1079.38,268.88,18.356,1.28128
1281996000,1224.43,1228.93,1222.35,1224.3,1092.54,270.96,18.468,1.28687
1282082400,1224.3,1232.23,1217.33,1228.68,1094.16,269.43992,18.425,1.27946
1282168800,1228.68,1237.25,1227.58,1232.1,1075.63,266,18.3,1.28066
1282255200,1232.1,1232.5,1221.9,1227.75,1071.69,263.6,17.975,1.27099
1282514400,1222.93,1231.75,1221.73,1222.93,1067.36,259.43992,17.89,1.26298
1282600800,1222.93,1235.35,1209.95,1230.8,1051.87,254.16,18.331,1.26343
1282687200,1230.8,1241.3,1229.18,1239.08,1055.33,258.96,18.931,1.26702
1282773600,1239.08,1244.03,1233.6,1237.03,1047.22,260.96,18.891,1.27032
1282860000,1237.03,1242.13,1231.75,1237.8,1064.59,268.56008,19.058,1.27599
1283119200,1236.65,1238.23,1233.18,1236.65,1048.92,264.16,19.01,1.26631
1283205600,1236.65,1249.73,1231.68,1247.8,1049.33,255.36,19.318,1.26722
1283292000,1247.8,1254.55,1242.38,1245.38,1080.29,263.6,19.34,1.27938
1283378400,1245.38,1253.1,1244.28,1250.98,1090.1,267.12,19.566,1.28137
1283464800,1250.98,1253.68,1237.55,1246.5,1104.51,264.72,19.795,1.28939
1283724000,1249.38,1251.1,1246.73,1249.38,1104.51,264.72,19.79,1.28178
1283810400,1249.38,1259.65,1244.6,1256.23,1091.84,262.16,19.828,1.2691
1283896800,1256.23,1262.38,1253.2,1255.38,1098.87,265.12,19.891,1.27269
1283983200,1255.38,1258.73,1242.23,1245.98,1104.18,263.12,19.696,1.26771
1284069600,1245.98,1251.03,1236.5,1246.2,1109.55,270.16,19.845,1.26782
1284328800,1248.93,1250.03,1240.78,1248.93,1121.9,272.24,20.076,1.28624
1284415200,1248.93,1274.73,1247.98,1268.4,1121.1,271.12,20.448,1.29943
1284501600,1268.4,1271.78,1263,1267.48,1125.07,267.92008,20.573,1.301
1284588000,1267.48,1277.8,1264.63,1273.78,1124.66,263.84,20.7,1.30653
1284674400,1273.78,1282.73,1271.8,1274.03,1125.59,261.19992,20.722,1.30475
1284933600,1278.95,1283.58,1274.55,1278.95,1142.71,265.75192,20.708,1.30618
1285020000,1278.95,1290.48,1270.85,1287.13,1139.78,261.19992,20.905,1.32824
1285106400,1287.13,1296.05,1286.2,1291.18,1134.28,260.64,21.11,1.33925
1285192800,1291.18,1295.83,1286.9,1293.83,1124.83,261.36,21.095,1.32935
1285279200,1293.83,1299.7,1291.38,1296.33,1148.67,267.19992,21.42,1.34878
1285538400,1292.05,1299.83,1291.58,1292.05,1142.16,265.92008,21.235,1.34292
1285624800,1292.05,1309.93,1282.05,1308.93,1147.7,265.52,21.713,1.35718
1285711200,1308.93,1313.43,1305.4,1308.25,1144.73,271.52,21.876,1.36241
1285797600,1308.25,1315.83,1295.93,1307.08,1141.2,278.72,21.695,1.363
1285884000,1307.08,1320.55,1306.78,1318.8,1146.24,285.04,22.075,1.37891
1286143200,1314.58,1319.73,1312.18,1314.58,1137.03,284.72,21.85,1.36468
1286229600,1314.58,1341.48,1312.88,1339.1,1160.75,288.72,22.808,1.38525
1286316000,1339.1,1349.63,1338.78,1344.73,1159.97,290.24,23.071,1.39149
1286402400,1344.73,1364.8,1325.25,1334.78,1158.06,283.68008,22.563,1.3924
1286488800,1334.78,1349.6,1324.93,1346.35,1165.15,289.19992,23.17,1.39391
1286748000,1352.98,1355.15,1340.1,1352.98,1165.32,284.80008,23.229,1.38644
1286834400,1352.98,1353.43,1340.3,1351.53,1169.77,285.19992,23.321,1.39197
1286920800,1351.53,1374.15,1350.58,1372.98,1178.1,289.28,24.063,1.39809
1287007200,1372.98,1387.08,1370.33,1378.58,1173.81,288,24.655,1.40235
1287093600,1378.58,1385.4,1362.15,1368.3,1176.19,283.76,24.28,1.39746
1287352800,1368.03,1374.83,1352.55,1368.03,1184.71,290.24,24.303,1.39625
1287439200,1368.03,1370.93,1328.18,1333.05,1165.9,276.96,23.283,1.36986
1287525600,1333.05,1348.8,1332.43,1348.78,1178.17,284.72,23.981,1.39754
1287612000,1348.78,1348.98,1317.75,1326.15,1180.26,278.80008,23.131,1.39114
1287698400,1326.15,1328.38,1315.13,1328.23,1183.08,283.92008,23.26,1.39521
1287957600,1340.7,1349.03,1332.93,1340.7,1185.62,284.56008,23.601,1.39218
1288044000,1340.7,1343.48,1327.93,1341.45,1185.64,285.43992,24.083,1.38443
1288130400,1341.45,1343.38,1318.83,1327.78,1182.45,283.36,23.661,1.37943
1288216800,1327.78,1345.78,1322.83,1343.28,1183.78,283.12,23.954,1.39426
1288303200,1343.28,1359.33,1335.13,1359.13,1183.26,281.36,24.72,1.39452
1288562400,1353.8,1365.38,1348.93,1353.8,1184.38,286.48,24.701,1.3908
1288648800,1353.8,1359.68,1350.18,1356.2,1193.57,290.16,24.888,1.40318
1288735200,1356.2,1364.38,1325.3,1348.28,1197.96,293.92008,24.831,1.41247
1288821600,1348.28,1394.08,1347.58,1386.83,1221.06,299.92008,26.129,1.42273
1288908000,1386.83,1398.03,1373.55,1393.38,1225.85,301.19992,26.713,1.40307
1289170800,1405.83,1410.4,1386.73,1405.83,1223.25,300.24,27.558,1.38623
1289257200,1405.83,1424.33,1382.58,1396.2,1213.4,296.4,27.306,1.37675
1289343600,1396.2,1410,1383.83,1400.98,1218.71,304.31992,27.183,1.37735
1289430000,1400.98,1417.63,1397.03,1406.98,1213.54,302.72,27.506,1.36203
1289516400,1406.98,1407.33,1359.78,1368.48,1199.21,291.76,26.036,1.36887
1289775600,1357.63,1376.73,1355.68,1357.63,1197.75,292,25.488,1.35723
1289862000,1357.63,1364.6,1329.48,1339.6,1178.34,283.6,25.391,1.3493
1289948400,1339.6,1344.78,1330.83,1341.3,1178.59,277.84,25.728,1.35515
1290034800,1341.3,1363.03,1340.58,1362.7,1196.69,284,27.34,1.36551
1290121200,1362.7,1362.7,1341.48,1353.33,1199.73,281.76,27.281,1.36709
1290380400,1363.63,1367.63,1348.28,1363.63,1197.84,280.4,27.745,1.35986
1290466800,1363.63,1382.28,1355.98,1371.55,1180.73,279.6,27.367,1.33848
1290553200,1371.55,1381.33,1369.13,1374,1198.35,288.64,27.499,1.33569
1290639600,1374,1374.9,1367.83,1372.05,1198.35,288.64,27.455,1.33388
1290726000,1372.05,1374.25,1350.73,1363.3,1189.4,287.76,26.65,1.3239
1290985200,1365.83,1369.18,1353.13,1365.83,1187.76,294.24,27.116,1.30992
1291071600,1365.83,1389.68,1362.68,1383.38,1180.55,288.31992,28.026,1.29946
1291158000,1383.38,1396.83,1381.68,1387.88,1206.07,297.6,28.412,1.31237
1291244400,1387.88,1398.43,1382.93,1386.4,1221.53,302.16,28.604,1.3211
1291330800,1386.4,1415.48,1385.43,1413.75,1224.71,306.48,29.365,1.34116
1291590000,1421.23,1427.33,1408.88,1421.23,1223.12,305.76,29.981,1.32881
1291676400,1421.23,1430.93,1396.48,1400.28,1223.75,302.4,28.819,1.32476
1291762800,1400.28,1403.25,1371,1384.03,1228.28,303.68008,28.316,1.32472
1291849200,1384.03,1394.33,1380.53,1386.48,1233,303.52,28.749,1.32397
1291935600,1386.48,1392.03,1372,1385.78,1240.4,301.28,28.655,1.3225
1292194800,1396.15,1399.18,1380.08,1396.15,1240.46,303.12,29.561,1.3393
1292281200,1396.15,1407.98,1391.78,1396.3,1241.59,303.19992,29.531,1.33559
1292367600,1396.3,1397,1378.15,1380.03,1235.23,303.92008,28.846,1.32232
1292454000,1380.03,1386.25,1361.03,1370.45,1242.87,302.12,28.854,1.3238
1292540400,1370.45,1378.8,1364.68,1374.95,1243.91,302.48,29.105,1.31868
1292799600,1385.43,1387.98,1375.88,1385.43,1247.08,304.4,29.316,1.31159
1292886000,1385.43,1392.03,1380.78,1386.33,1254.6,306.31992,29.311,1.30897
1292972400,1386.33,1390.88,1382.88,1386.4,1258.84,309.12,29.259,1.31134
1293058800,1386.4,1388.18,1371.93,1378.48,1256.77,311.84,29.215,1.31222
1293145200,1378.48,1385.25,1378.48,1383.05,1256.77,311.84,29.335,1.31155
1293404400,1384.8,1386.43,1372.4,1384.8,1257.54,309.68008,29.378,1.31874
1293490800,1384.8,1406.68,1384.3,1404.95,1258.51,311.28,30.194,1.30851
1293577200,1404.95,1414.03,1401.03,1410.95,1259.78,310.56008,30.575,1.3223
1293663600,1410.95,1414.68,1403.03,1405.75,1257.88,304.96,30.53,1.33006
1293750000,1405.75,1421.23,1405.7,1419.1,1257.64,312,30.81,1.33723
1294009200,1414.63,1423.78,1412.83,1414.63,1271.89,312.4,30.686,1.33552
1294095600,1414.63,1417.18,1374.63,1383.98,1270.2,304.64,29.846,1.33181
1294182000,1383.98,1384.73,1363.83,1375.6,1276.56,308.16,29.285,1.31551
1294268400,1375.6,1379.73,1364.43,1370.6,1273.85,301.43992,28.991,1.29791
1294354800,1370.6,1378.75,1352.58,1369.05,1271.5,301.36,28.635,1.29052
1294614000,1374.85,1375.98,1365.28,1374.85,1269.75,305.36,29.051,1.29632
1294700400,1374.85,1386.73,1372.63,1381.73,1274.48,311.04,29.496,1.29815
1294786800,1381.73,1388.75,1376.5,1386.4,1285.96,311.92008,29.661,1.31253
1294873200,1386.4,1392.98,1369.43,1375.8,1283.76,309.19992,28.761,1.33497
1294959600,1375.8,1377.93,1354.93,1361.8,1293.24,311.36,28.435,1.33875
1295218800,1360.68,1365.65,1357.03,1360.68,1293.24,311.36,28.284,1.32803
1295305200,1360.68,1376.13,1360.68,1368.28,1295.02,309.84,28.831,1.33769
1295391600,1368.28,1379.18,1366.98,1369.28,1281.92,308.31992,28.74,1.34508
1295478000,1369.28,1371.1,1343.25,1347.85,1280.26,300.56008,27.535,1.34642
1295564400,1347.85,1350.1,1337.65,1342.43,1283.35,300.07992,27.478,1.36192
1295823600,1337.93,1352.93,1332.4,1337.93,1290.84,295.43992,27.022,1.36418
1295910000,1337.93,1338.43,1322.53,1331.1,1291.18,290.16,26.807,1.36838
1295996400,1331.1,1346.6,1324.88,1343.48,1296.63,294.80008,27.61,1.37089
1296082800,1343.48,1347.78,1310.2,1314.85,1299.54,287.52,26.984,1.3722
1296169200,1314.85,1346.95,1308.13,1336.53,1276.34,300.64,27.951,1.36092
1296428400,1332.5,1345.85,1322.88,1332.5,1286.12,308.88,28.11,1.37127
1296514800,1332.5,1343.53,1325.2,1342.05,1307.59,304.56008,28.55,1.38275
1296601200,1342.05,1342.83,1326.63,1334.7,1304.03,305.43992,28.329,1.38153
1296687600,1334.7,1355.88,1324.73,1352,1307.1,304.72,28.85,1.36226
1296774000,1352,1358.28,1344.98,1348.48,1310.87,298.72,29.108,1.35798
1297033200,1350.63,1353.18,1344.78,1350.63,1319.05,293.28,29.379,1.35908
1297119600,1350.63,1367.9,1348.33,1362.35,1324.57,293.12,30.229,1.36242
1297206000,1362.35,1366.95,1357.88,1363.85,1320.88,292,30.191,1.3718
1297292400,1363.85,1365.98,1350.93,1363.48,1321.87,292.31992,30.164,1.36022
1297378800,1363.48,1368.2,1353.9,1356.63,1329.15,288.4,29.885,1.35559
1297638000,1361.58,1366.63,1353.93,1361.58,1332.32,287.04,30.529,1.34783
1297724400,1361.58,1376.53,1360.73,1371.48,1328.01,283.12,30.688,1.34966
1297810800,1371.48,1381.93,1368.23,1375.55,1336.32,284.24,30.628,1.35728
1297897200,1375.55,1384.98,1374.13,1383.48,1340.43,288.48,31.683,1.36217
1297983600,1383.48,1391.78,1381.63,1389.95,1343.01,290.88,32.615,1.36913
1298242800,1407.88,1409.1,1390.68,1407.88,1343.01,290.88,34.082,1.36802
1298329200,1407.88,1410.78,1392.68,1399.18,1315.44,307.92008,33.045,1.36711
1298415600,1399.18,1416.53,1395.53,1414.18,1307.4,318.4,33.601,1.37592
1298502000,1414.18,1418.13,1394.9,1402.95,1306.1,311.76,32.4,1.38193
1298588400,1402.95,1411.63,1399.65,1410.33,1319.88,317.43992,33.385,1.37523
1298847600,1410.63,1416.33,1404.63,1410.63,1327.22,313.52,33.876,1.38195
1298934000,1410.63,1434.78,1409.33,1433.68,1306.33,323.84,34.716,1.37666
1299020400,1433.68,1440.13,1427.58,1432.85,1308.44,331.12,34.581,1.3864
1299106800,1432.85,1436.1,1410.13,1414.45,1330.97,329.43992,34.268,1.39549
1299193200,1414.45,1432,1414.13,1430.65,1321.15,338.64,35.58,1.3985
1299452400,1431.55,1444.75,1427.98,1431.55,1310.13,338.96,35.876,1.39612
1299538800,1431.55,1436.73,1423.13,1428.03,1321.82,338.48,36.014,1.38936
1299625200,1428.03,1436.25,1422.98,1429.28,1320.02,336.4,35.993,1.39027
1299711600,1429.28,1431.28,1402.88,1412,1295.11,331.19992,35.315,1.37997
1299798000,1412,1423.93,1404.6,1417.5,1304.28,325.52,35.883,1.3901
1300053600,1426.05,1430.43,1418.18,1426.05,1296.39,327.28,35.82,1.39895
1300140000,1426.05,1426.05,1380.7,1394.55,1281.87,315.12,34.222,1.39848
1300226400,1394.55,1406.03,1386.35,1386.9,1256.88,317.432,33.748,1.38822
1300312800,1386.9,1407.85,1386.9,1407.38,1273.72,325.53672,34.417,1.40294
1300399200,1407.38,1423.88,1406,1418.28,1279.2,327.76,35.233,1.41801
1300658400,1426.73,1434.68,1423.58,1426.73,1298.38,329.04,36.035,1.42148
1300744800,1426.73,1432,1419.3,1428.1,1293.77,335.43992,36.3,1.41669
1300831200,1428.1,1440.88,1425.63,1437.78,1297.54,336.88,37.268,1.41031
1300917600,1437.78,1447.53,1423.68,1432.13,1309.66,336.4,37.261,1.41681
1301004000,1432.13,1437.83,1422.03,1429.43,1313.8,337.43992,37.305,1.40855
1301263200,1420.35,1428.08,1409.98,1420.35,1310.19,331.36,37.088,1.40719
1301349600,1420.35,1423.15,1410.9,1417,1319.44,334.64,37.001,1.41194
1301436000,1417,1429.88,1411.85,1421.95,1328.26,333.28,37.39,1.41262
1301522400,1421.95,1439.43,1420.23,1432.1,1325.83,340.80008,37.613,1.41555
1301608800,1432.1,1436.28,1412.65,1428.4,1332.41,345.36,37.776,1.42353
1301868000,1433.88,1438.63,1429.48,1433.88,1332.87,346.07992,38.616,1.42044
1301954400,1433.88,1457.08,1429.78,1453.83,1332.63,344.80008,39.141,1.42309
1302040800,1453.83,1462.18,1451.23,1458.3,1335.54,346.96,39.461,1.43232
1302127200,1458.3,1464.98,1452.58,1458.65,1333.51,351.92008,39.545,1.42969
1302213600,1458.65,1474.93,1456.3,1474.53,1328.17,361.19992,40.915,1.44817
1302472800,1462.73,1476.28,1459.23,1462.73,1324.46,349.12,40.338,1.44222
1302559200,1462.73,1467.23,1444.03,1452.53,1314.16,338.4,40.04,1.44812
1302645600,1452.53,1462.13,1451.03,1456.33,1314.41,342,40.505,1.44508
1302732000,1456.33,1478.28,1452.28,1478.03,1314.52,346.24,42.22,1.45013
1302818400,1478.03,1488,1471.28,1486.65,1319.68,349.68008,42.966,1.44285
1303077600,1494.73,1497.78,1477.33,1494.73,1305.14,343.04,43.205,1.42362
1303164000,1494.73,1499.33,1487.33,1495.63,1312.62,343.6,44.003,1.43638
1303250400,1495.63,1505.78,1493.63,1501.33,1330.36,353.76,45.068,1.45173
1303336800,1501.33,1508.83,1500.38,1504.2,1337.38,356.56008,46.525,1.45578
1303423200,1504.2,1512.18,1504.2,1505.65,1337.38,356.56008,46.775,1.45593
1303682400,1506.73,1518.33,1501.75,1506.73,1335.25,356.24,46.458,1.45501
1303768800,1506.73,1509.63,1492.75,1508.58,1347.24,355.84,46.02,1.47037
1303855200,1508.58,1530.03,1502.88,1524.55,1355.66,360.16,48.139,1.47869
1303941600,1524.55,1538.28,1523.95,1535.05,1360.48,358.64,48.262,1.48396
1304028000,1535.05,1569.25,1531.7,1563.18,1363.61,361.19992,47.875,1.48058
1304287200,1541.63,1575.1,1529.98,1541.63,1361.22,359.43992,44.728,1.47934
1304373600,1541.63,1550.95,1526.98,1536.95,1356.62,352.64,41.148,1.48359
1304460000,1536.95,1543.13,1505.93,1515.63,1347.32,346.07992,39.021,1.48263
1304546400,1515.63,1521.83,1462.43,1473.15,1335.1,314.56008,34.293,1.45568
1304632800,1473.15,1498.28,1472.6,1495.38,1340.2,310.96,35.586,1.43138
1304892000,1511.38,1513.85,1492.48,1511.38,1346.29,326.96,37.729,1.43672
1304978400,1511.38,1519.48,1505.83,1515.78,1357.16,328.64,38.59,1.43988
1305064800,1515.78,1526.38,1495.58,1503.88,1342.08,314.80008,35.585,1.4205
1305151200,1503.88,1508.23,1477.88,1504.5,1348.65,314.24,34.889,1.42283
1305237600,1504.5,1516.43,1482.68,1494.98,1337.77,315.52,35.36,1.41162
1305496800,1489.73,1504.43,1488.4,1489.73,1329.47,308.07992,33.855,1.41438
1305583200,1489.73,1497.53,1471.68,1485.53,1328.98,308.4,34.065,1.42654
1305669600,1485.53,1499.8,1484.85,1495.83,1340.68,316,35.269,1.4257
1305756000,1495.83,1499.55,1486.23,1494.83,1343.6,312.56008,35.139,1.43244
1305842400,1494.83,1515.63,1486.65,1511.78,1333.27,315.76,35.032,1.41587
1306101600,1514.13,1517.68,1503.75,1514.13,1317.37,307.76,34.959,1.40125
1306188000,1514.13,1527.63,1513.83,1524.48,1316.28,314.24,36.65,1.40909
1306274400,1524.48,1532.08,1521.03,1525.5,1320.47,319.43992,37.79,1.40678
1306360800,1525.5,1530.85,1514.5,1523.95,1325.69,316.80008,37.465,1.4143
1306447200,1523.95,1538.2,1522.58,1536.18,1331.1,317.68008,37.97,1.43173
1306706400,1538.48,1538.93,1533.98,1538.48,1331.1,317.68008,38.224,1.43319
1306792800,1538.48,1540.73,1532.08,1535.3,1345.2,324,38.434,1.44232
1306879200,1535.3,1550.13,1529.38,1542.55,1314.55,316.16,37.075,1.43441
1306965600,1542.55,1544.25,1519.38,1534.2,1312.94,317.43992,36.226,1.4486
1307052000,1534.2,1546.95,1523.78,1541.55,1300.16,317.28,36.195,1.46342
1307311200,1544.33,1553.48,1540.93,1544.33,1286.17,312,36.807,1.45895
1307397600,1544.33,1550.08,1536.05,1544.83,1284.94,312.4,37.109,1.46784
1307484000,1544.83,1545.08,1530.73,1536.13,1279.56,318.80008,36.72,1.45911
1307570400,1536.13,1549.4,1533.03,1542.18,1289,321.12,37.596,1.45358
1307656800,1542.18,1545.2,1525.83,1531.25,1270.98,312.56008,36.15,1.43446
1307916000,1517.58,1532.63,1510.85,1517.58,1271.83,306.07992,34.942,1.4413
1308002400,1517.58,1527.15,1511.98,1526.08,1287.87,312.80008,35.456,1.4432
1308088800,1526.08,1534.48,1513.93,1528.83,1265.42,300.64,35.587,1.41909
1308175200,1528.83,1532.88,1521.65,1528.73,1267.64,299.36,35.549,1.42007
1308261600,1528.73,1541.93,1522.38,1539.18,1271.5,293.04,35.843,1.43108
1308520800,1539.35,1546.38,1532.73,1539.35,1278.36,293.76,35.87,1.43608
1308607200,1539.35,1548.88,1539.35,1545.33,1295.52,294.31992,36.373,1.43759
1308693600,1545.33,1557.93,1541.03,1547.53,1287.14,296.80008,36.285,1.43297
1308780000,1547.53,1548.55,1511.85,1524.6,1283.5,288.07992,35.299,1.42606
1308866400,1524.6,1525.6,1498.35,1502.3,1268.45,286.48,34.286,1.41855
1309125600,1500.78,1505.28,1490.43,1500.78,1280.1,285.12,33.769,1.43104
1309212000,1500.78,1506.2,1495,1500.98,1296.67,291.36,33.829,1.43564
1309298400,1500.98,1512.9,1500.93,1510.55,1307.41,297.84,34.834,1.4463
1309384800,1510.55,1513.93,1498.6,1501.3,1320.64,297.92008,34.724,1.4474
1309471200,1501.3,1501.78,1478.13,1487.53,1339.67,297.19992,33.847,1.4524
1309730400,1495.03,1496.55,1489.45,1495.03,1339.67,297.19992,34.075,1.4541
1309816800,1495.03,1516.63,1493.18,1512.55,1337.88,303.68008,35.348,1.44333
1309903200,1512.55,1533.68,1510.03,1527.9,1339.22,303.12,35.914,1.43334
1309989600,1527.9,1534.38,1522.1,1530.08,1353.22,308.88,36.399,1.43604
1310076000,1530.08,1545.23,1524.68,1543.98,1343.8,302.4,36.676,1.42624
1310335200,1551.73,1556.83,1541.58,1551.73,1319.49,298.31992,35.789,1.40372
1310421600,1551.73,1573.43,1540.48,1567.33,1313.64,303.43992,36.219,1.39882
1310508000,1567.33,1589.7,1564.2,1588.85,1317.72,306.80008,38.461,1.42685
1310594400,1588.85,1594.23,1578.78,1586.43,1308.87,300.4,38.35,1.41608
1310680800,1586.43,1593.88,1575.88,1593.53,1316.14,305.04,39.256,1.41546
1310940000,1603.28,1607.35,1590.73,1603.28,1305.44,300.72,40.534,1.41247
1311026400,1603.28,1609.98,1582.43,1589.6,1326.73,306,39.217,1.41694
1311112800,1589.6,1602,1580.98,1598.35,1325.84,307.19992,39.882,1.42596
1311199200,1598.35,1604.43,1584.68,1591.23,1343.8,309.76,39.339,1.44074
1311285600,1591.23,1607.1,1583.33,1601.03,1345.02,311.43992,40.053,1.4356
1311544800,1613.73,1621.53,1607.75,1613.73,1337.43,309.43992,40.309,1.43722
1311631200,1613.73,1620.3,1607.73,1619.25,1331.94,310.48,40.799,1.45071
1311717600,1619.25,1628.63,1608.83,1613.1,1304.89,303.76,40.264,1.43599
1311804000,1613.1,1620.13,1602.93,1613.73,1300.67,303.28,39.674,1.43258
1311890400,1613.73,1632.68,1610.58,1626.93,1292.28,299.36,39.858,1.43972
1312149600,1618.35,1631.68,1608.85,1618.35,1286.94,297.6,39.252,1.42717
1312236000,1618.35,1661.65,1617.98,1654.1,1254.05,291.19992,40.583,1.41827
1312322400,1654.1,1672.83,1651.73,1660.25,1260.34,286.88,41.609,1.43483
1312408800,1660.25,1681.95,1639.9,1641.7,1200.07,269.808,38.94,1.40748
1312495200,1641.7,1670,1641.7,1663.4,1199.38,271.6,38.3,1.42788
1312754400,1721.73,1723.1,1682.27,1721.73,1119.46,252.07992,39.198,1.4175
1312840800,1721.73,1779.3,1720.15,1763.55,1172.53,252.96,38.455,1.43533
1312927200,1763.55,1814.65,1737.35,1808.3,1120.76,254.24,39.394,1.41363
1313013600,1808.3,1808.45,1731.9,1751.8,1172.64,266.4,38.685,1.42139
1313100000,1751.8,1767.68,1723.1,1746.35,1178.81,265.84,39.04,1.4243
1313359200,1766.15,1770,1727.73,1766.15,1204.49,273.76,39.685,1.44365
1313445600,1766.15,1787.65,1760.85,1785.8,1192.76,270.64,39.88,1.43795
1313532000,1785.8,1794.45,1778.8,1787.05,1193.89,272.07992,40.158,1.44269
1313618400,1787.05,1828.4,1783.8,1825.35,1140.65,253.76,40.512,1.42946
1313704800,1825.35,1878.18,1825.35,1851.75,1123.53,256.96,42.878,1.43932
1313964000,1909.08,1911.84,1857.55,1909.08,1123.82,261.76,43.805,1.43564
1314050400,1909.08,1909.93,1822.85,1837.96,1162.35,267.36,42.12,1.4437
1314136800,1837.96,1853.91,1741.41,1749.28,1177.6,264.64,39.615,1.44068
1314223200,1749.28,1774.55,1702.6,1765,1159.27,263.76,40.775,1.43868
1314309600,1765,1827.75,1756.96,1827.4,1176.8,265.19992,41.29,1.44982
1314568800,1790.42,1825.4,1775.7,1790.42,1210.08,271.68008,40.825,1.4515
1314655200,1790.42,1840.18,1783.5,1829.55,1212.92,275.52,41.25,1.44383
1314741600,1829.55,1839.75,1811.25,1827.05,1218.89,276.07992,41.635,1.43626
1314828000,1827.05,1830.7,1812.96,1826.45,1204.42,275.76,41.545,1.42681
1314914400,1826.45,1884.6,1824.45,1882.5,1173.97,269.12,43.22,1.42026
1315173600,1897.55,1903.93,1874.05,1897.55,1173.97,269.12,42.968,1.4068
1315260000,1897.55,1920.7,1862.46,1876.1,1165.24,268.72,42.12,1.40081
1315346400,1876.1,1880.23,1792.1,1813.4,1198.62,277.52,41.38,1.40793
1315432800,1813.4,1870.45,1813.35,1863.65,1185.9,275.68008,42.282,1.38882
1315519200,1863.65,1885.9,1822.55,1855.05,1154.23,270.80008,41.425,1.36532
1315778400,1824.3,1858.7,1801.15,1824.3,1162.27,275.36,40.532,1.36372
1315864800,1824.3,1843.55,1792.58,1836.05,1172.87,278.80008,41.035,1.3681
1315951200,1836.05,1844.45,1808.5,1824.07,1188.68,274.72,40.7,1.37466
1316037600,1824.07,1826.35,1772.45,1785.85,1209.11,276.80008,39.64,1.38794
1316124000,1785.85,1821.45,1762.4,1810.65,1216.01,273.12,40.628,1.3791
1316383200,1781.25,1826.9,1770.23,1781.25,1204.09,266.31992,39.552,1.36207
1316469600,1781.25,1811.3,1769.53,1801.4,1202.09,267.43992,39.752,1.37046
1316556000,1801.4,1816.5,1778.2,1784.2,1166.76,263.36,39.66,1.35756
1316642400,1784.2,1784.85,1720.5,1741.4,1129.56,249.04,36.21,1.35036
1316728800,1741.4,1755,1628.08,1656.05,1136.43,248.72,31.08,1.34943
1316988000,1618.35,1663.2,1532.01,1618.35,1162.95,251.76,30.248,1.34951
1317074400,1618.35,1677,1614.63,1642.65,1175.38,258.96,31.705,1.35843
1317160800,1642.65,1669.05,1588.25,1588.35,1151.06,250,29.145,1.3522
1317247200,1588.35,1634.95,1583,1623.95,1160.4,255.76,30.75,1.35945
1317333600,1623.95,1640.4,1606.5,1623.68,1131.42,243.92008,29.88,1.33844
1317592800,1667.05,1672,1624.33,1667.05,1099.23,237.92008,30.74,1.31892
1317679200,1667.05,1678.7,1595.65,1630.05,1123.95,239.28,30.135,1.33159
1317765600,1630.05,1646.83,1596.4,1636.95,1144.03,246.72,30.29,1.33448
1317852000,1636.95,1654.9,1631.4,1652.03,1164.97,255.84,31.91,1.34255
1317938400,1652.03,1666.15,1625.98,1637.33,1155.46,256.31992,31.12,1.33739
1318197600,1674.03,1683.53,1644.24,1674.03,1194.89,265.92008,32.13,1.36252
1318284000,1674.03,1684.48,1653.7,1662.6,1195.54,264.07992,31.98,1.36321
1318370400,1662.6,1692.05,1662.05,1678.7,1207.25,263.36,32.63,1.37767
1318456800,1678.7,1684.3,1652.7,1668.4,1203.66,261.19992,31.748,1.37512
1318543200,1668.4,1683.65,1660.95,1680.6,1224.58,270.96,32.18,1.38769
1318802400,1673.95,1694.8,1664.6,1673.95,1200.86,267.43992,31.873,1.37442
1318888800,1673.95,1676.55,1626.71,1656.67,1225.38,273.19992,31.863,1.37311
1318975200,1656.67,1665.08,1639.6,1641.44,1209.88,266.48,31.128,1.3766
1319061600,1641.44,1644.37,1603.53,1616.82,1215.39,266.64,30.305,1.3793
1319148000,1616.82,1648.36,1611.81,1642.33,1238.25,270.80008,31.328,1.38901
1319407200,1656.05,1661.9,1643.92,1656.05,1254.19,283.04,31.73,1.39073
1319493600,1656.05,1708.95,1648.71,1701.4,1229.05,286.4,32.968,1.38988
1319580000,1701.4,1726.63,1699.71,1723.36,1242,280.48,33.455,1.38842
1319666400,1723.36,1749.85,1705.95,1746.33,1284.59,289.68008,35.305,1.41975
1319752800,1746.33,1752.3,1732.3,1745.88,1285.09,288.24,35.275,1.41495
1320012000,1714.15,1744.8,1704.22,1714.15,1253.3,285.92008,34.17,1.38579
1320098400,1714.15,1724.06,1680.95,1715.5,1218.28,281.6,33.128,1.36544
1320184800,1715.5,1744.05,1715.2,1735.22,1237.9,285.36,33.988,1.36873
1320271200,1735.22,1767.66,1722.57,1758.54,1261.15,290.56008,34.2,1.38217
1320357600,1758.54,1763.65,1748.83,1754.4,1253.23,291.68008,34.105,1.37902
1320620400,1793.35,1798.35,1754.13,1793.35,1261.12,296.72,34.915,1.37581
1320706800,1793.35,1802.87,1776.9,1789.2,1275.92,299.43992,34.995,1.38238
1320793200,1789.2,1799.6,1763.85,1771.4,1229.1,296,34.09,1.35249
1320879600,1771.4,1775.33,1735.68,1752.09,1239.66,301.76,33.802,1.36081
1320966000,1752.09,1790.78,1751.51,1790.78,1263.85,305.68008,34.66,1.37479
1321225200,1780.24,1795.06,1773.73,1780.24,1251.78,302.88,34.282,1.36231
1321311600,1780.24,1785.95,1760.12,1778.4,1257.81,307.432,34.37,1.3503
1321398000,1778.4,1783.55,1753.24,1761.75,1236.91,314.72,33.672,1.34387
1321484400,1761.75,1766.8,1710.25,1721.45,1216.13,305.84,31.705,1.34528
1321570800,1721.45,1737.45,1710.77,1723.65,1215.65,302.56008,32.32,1.35229
1321830000,1677.75,1726.42,1666.42,1677.75,1192.98,300.72,31.432,1.34823
1321916400,1677.75,1705.52,1672.26,1701.25,1188.04,302.56008,32.63,1.35176
1322002800,1701.25,1709.94,1677.12,1690.14,1161.79,297.28,31.732,1.33432
1322089200,1690.14,1701.79,1687.75,1695,1161.79,297.28,31.608,1.33286
1322175600,1695,1697.8,1671.76,1683.28,1158.67,297.28,31.18,1.32366
1322434800,1712.15,1720.47,1691.88,1712.15,1192.55,302.80008,32.048,1.33135
1322521200,1712.15,1720.65,1703.48,1718.45,1195.19,308.4,31.89,1.33219
1322607600,1718.45,1750,1700.85,1748.35,1246.96,310.24,32.69,1.34413
1322694000,1748.35,1754.11,1733.49,1744.95,1244.58,308.88,32.788,1.34651
1322780400,1744.95,1762.31,1737.85,1748.96,1244.28,312.24,32.542,1.33887
1323039600,1721.35,1754.25,1717.65,1721.35,1257.08,312.07992,32.085,1.33852
1323126000,1721.35,1732.91,1701.97,1727.75,1258.47,312,32.565,1.34084
1323212400,1727.75,1742.85,1720.1,1740,1261.01,310.48,32.46,1.33981
1323298800,1740,1754.5,1704.05,1709.65,1234.35,302.24,31.655,1.33446
1323385200,1709.65,1723.86,1703.35,1713.67,1255.19,308,32.135,1.33844
1323644400,1665.25,1714.7,1657.19,1665.25,1236.47,303.04,31.218,1.31635
1323730800,1665.25,1678.03,1622.29,1629.75,1225.73,308.88,30.703,1.30175
1323817200,1629.75,1641.41,1563.65,1575.15,1211.82,293.28,28.988,1.29838
1323903600,1575.15,1593.78,1560.21,1575.45,1215.75,289.04,29.295,1.30279
1323990000,1575.45,1601.07,1574.85,1598.65,1219.66,290.16,29.695,1.30428
1324249200,1593.33,1608.55,1583.22,1593.33,1205.35,289.6,28.7,1.30051
1324335600,1593.33,1618.35,1593.29,1618.35,1241.3,300.43992,29.54,1.30854
1324422000,1618.35,1641.58,1605.8,1612.6,1243.72,304.88,29.275,1.30348
1324508400,1612.6,1616.79,1597.72,1607.57,1254,306.24,29.18,1.30532
1324594800,1607.57,1613.78,1602.59,1606.58,1265.33,307.92008,29.05,1.30408
1324854000,1603.24,1607.29,1601.8,1603.24,1265.33,307.92008,29.071,1.30463
1324940400,1603.24,1604.27,1589.55,1589.66,1265.43,312.48,28.62,1.3067
1325026800,1589.66,1592.95,1549.58,1555.55,1249.64,306.72,27.037,1.29234
1325113200,1555.55,1558.45,1522.63,1549.4,1263.02,307.28,27.662,1.2951
1325199600,1549.4,1581.39,1548.5,1567.15,1257.6,304.88,27.766,1.29542
1325458800,1572,1572,1567.05,1572,1257.6,304.88,28.147,1.29372
1325545200,1572,1607.15,1571.35,1605.98,1277.06,317.52,29.599,1.3054
1325631600,1605.98,1618.48,1592.62,1611.35,1277.3,318.16,29.143,1.2931
1325718000,1611.35,1625.44,1596.77,1620.62,1281.06,313.36,29.212,1.27919
1325804400,1620.62,1631.11,1608.3,1619.76,1277.81,313.76,28.705,1.27185
1326063600,1611.55,1623.5,1604.88,1611.55,1280.7,312.64,28.964,1.27725
1326150000,1611.55,1640.03,1611.43,1634.95,1292.08,314.72,29.92,1.27532
1326236400,1634.95,1647.1,1630.1,1642.32,1292.48,311.36,29.932,1.27221
1326322800,1642.32,1661.91,1639.98,1647.47,1295.5,304.48,30.14,1.28208
1326409200,1647.47,1649.52,1625.18,1639.35,1289.09,305.28,29.705,1.26775
1326668400,1643.96,1647.05,1631.37,1643.96,1289.09,305.28,29.915,1.26664
1326754800,1643.96,1667.58,1643,1654.4,1293.67,310.31992,30.085,1.27466
1326841200,1654.4,1662.26,1642.36,1659.68,1308.04,310.64,30.442,1.28641
1326927600,1659.68,1670.05,1649.14,1654.95,1314.5,309.52,30.57,1.29614
1327014000,1654.95,1669.57,1644.97,1669.57,1315.38,302.24,32.368,1.29373
1327273200,1679.23,1681.32,1662.85,1679.23,1316,307.12,32.416,1.30243
1327359600,1679.23,1679.64,1661.44,1666.61,1314.65,304.80008,32.115,1.30352
1327446000,1666.61,1712.93,1648.97,1709.49,1326.06,306.80008,33.046,1.31064
1327532400,1709.49,1730.66,1702.91,1719.58,1318.43,306.96,33.374,1.30884
1327618800,1719.58,1739.73,1714.48,1739.12,1316.33,306.4,33.845,1.32281
1327878000,1729.65,1737.91,1716.07,1729.65,1313.01,304.07992,33.446,1.31383
1327964400,1729.65,1747.57,1725.63,1735.52,1312.41,302.56008,33.16,1.30758
1328050800,1735.52,1751.09,1732.63,1745.45,1324.09,299.04,33.761,1.31696
1328137200,1745.45,1760.95,1740.95,1756.64,1325.54,297.04,34.204,1.31361
1328223600,1756.64,1763.15,1723.6,1725.93,1344.9,300.72,33.585,1.31423
1328482800,1720.04,1737.95,1711.75,1720.04,1344.33,298.64,33.645,1.31182
1328569200,1720.04,1749.76,1710.03,1744.93,1347.05,303.6,34.079,1.32478
1328655600,1744.93,1751.97,1724.3,1732.07,1349.96,304.31992,33.901,1.32479
1328742000,1732.07,1752.42,1725.78,1730.44,1351.95,306.64,33.921,1.3276
1328828400,1730.44,1734.59,1704.53,1721.5,1342.64,304.16,33.496,1.31737
1329087600,1718.2,1733.14,1716.03,1718.2,1351.77,309.52,33.55,1.31544
1329174000,1718.2,1727.64,1712.07,1719.44,1350.5,310.72,33.543,1.31287
1329260400,1719.44,1737.22,1718.44,1728.07,1343.23,313.43992,33.406,1.30552
1329346800,1728.07,1729.85,1705.05,1727.4,1358.04,314.24,33.466,1.31273
1329433200,1727.4,1735.55,1717,1723.3,1361.23,318,33.21,1.31484
1329692400,1733.42,1737.11,1728.42,1733.42,1361.23,318,33.5,1.32076
1329778800,1733.42,1759.97,1730.74,1757.31,1362.21,324.64,34.254,1.32491
1329865200,1757.31,1781.57,1749.21,1775.45,1357.66,324.72,34.295,1.32554
1329951600,1775.45,1787.23,1772.18,1778.88,1363.46,330.96,35.338,1.33739
1330038000,1778.88,1782.75,1770.4,1772.05,1365.74,336.07992,35.35,1.34578
1330297200,1767.05,1779.33,1761.42,1767.05,1367.59,329.43992,35.384,1.34076
1330383600,1767.05,1790.14,1765.77,1786.3,1372.18,326.31992,36.934,1.34787
1330470000,1786.3,1790.57,1687.84,1702.34,1365.68,327.36,34.826,1.33246
1330556400,1702.34,1725.84,1702.11,1719.83,1374.09,334,35.421,1.33268
1330642800,1719.83,1724.2,1704.65,1712.2,1369.63,326.16,34.745,1.32039
1330902000,1704.9,1716.73,1693.6,1704.9,1364.33,327.76,34.022,1.32234
1330988400,1704.9,1708.88,1663.07,1674.22,1343.36,321.04,32.926,1.31201
1331074800,1674.22,1688.03,1671.13,1684.9,1352.63,324.88,33.398,1.3141
1331161200,1684.9,1703.78,1682.97,1701.8,1365.91,326.56008,33.84,1.32718
1331247600,1701.8,1714.05,1676.55,1713.64,1370.87,328.72,34.262,1.31129
1331503200,1700.23,1713.46,1692.33,1700.23,1371.09,325.6,33.647,1.317
1331589600,1700.23,1705.53,1661.81,1675.9,1395.95,326.64,33.345,1.30792
1331676000,1675.9,1682.17,1634.45,1643.64,1394.28,323.28,32.187,1.3021
1331762400,1643.64,1666.45,1635.94,1657.9,1402.6,322.24,32.477,1.3077
1331848800,1657.9,1664.7,1639.53,1659.7,1404.17,328.24,32.51,1.31695
1332108000,1663.15,1669.65,1652.25,1663.15,1409.75,330.31992,32.892,1.32294
1332194400,1663.15,1664.19,1641.5,1649.84,1405.52,323.43992,32.046,1.32383
1332280800,1649.84,1661.74,1646.46,1651.16,1402.89,325.28,32.145,1.32176
1332367200,1651.16,1656.35,1627.97,1646.65,1392.78,321.12,31.623,1.3205
1332453600,1646.65,1666.37,1642.01,1661.57,1397.11,325.52,32.19,1.32661
1332712800,1689.23,1693.35,1655.51,1689.23,1416.51,326.16,32.757,1.3357
1332799200,1689.23,1696.93,1679.52,1680.99,1412.52,325.68008,32.61,1.33294
1332885600,1680.99,1684.25,1654.83,1664.8,1405.54,321.52,32.16,1.33256
1332972000,1664.8,1664.86,1645.09,1661.43,1403.28,314.31992,32.21,1.33141
1333058400,1661.43,1670.8,1659.74,1667.8,1408.47,313.84,32.245,1.33455
1333317600,1679,1683.37,1662.8,1679,1419.04,320.24,33.018,1.33299
1333404000,1679,1680.89,1638.88,1646.65,1413.38,317.28,32.615,1.32225
1333490400,1646.65,1647.83,1612.23,1623.15,1398.96,310.72,31.38,1.31437
1333576800,1623.15,1633.29,1619.97,1630.68,1398.08,314.07992,31.685,1.30629
1333663200,1630.68,1642.33,1629.28,1638.9,1398.08,314.07992,31.79,1.30959
1333922400,1642.95,1648.57,1635.35,1642.95,1382.2,311.76,31.613,1.31092
1334008800,1642.95,1662.85,1631.74,1657.23,1358.59,308.07992,31.599,1.3072
1334095200,1657.23,1662.42,1652.91,1659.35,1368.71,312.07992,31.6,1.31188
1334181600,1659.35,1680,1650.29,1675.3,1387.57,315.52,32.339,1.31888
1334268000,1675.3,1677.92,1649.24,1657.9,1370.26,313.19992,31.495,1.30822
1334527200,1651.33,1657.75,1641.1,1651.33,1369.57,313.43992,31.453,1.31264
1334613600,1651.33,1657.33,1634.39,1650.43,1390.78,317.12,31.698,1.31355
1334700000,1650.43,1654.23,1637.72,1641.35,1385.14,312.4,31.62,1.31174
1334786400,1641.35,1653.55,1630.99,1641.35,1376.92,311.68008,31.685,1.31434
1334872800,1641.35,1647.08,1638.42,1642.55,1378.53,315.12,31.675,1.32162
1335132000,1636.66,1643.2,1623.14,1636.66,1366.94,312.24,30.779,1.31491
1335218400,1636.66,1649.12,1633.83,1641.59,1371.97,313.36,30.815,1.31958
1335304800,1641.59,1646.48,1624.89,1643.38,1390.69,315.28,30.689,1.32311
1335391200,1643.38,1660.82,1642.4,1656.5,1399.98,316.24,31.071,1.31916
1335477600,1656.5,1667.57,1650.45,1662.52,1403.36,316.96,31.252,1.32382
1335736800,1666.88,1666.9,1644.05,1666.88,1397.91,317.43992,31.068,1.3239
1335823200,1666.88,1671.47,1656.85,1662.26,1405.82,321.19992,31.005,1.32385
1335909600,1662.26,1662.72,1645.9,1651.85,1402.31,319.12,30.604,1.31479
1335996000,1651.85,1653.21,1631.06,1635.77,1391.57,310.64,30.12,1.31547
1336082400,1635.77,1647.35,1626.53,1641.6,1369.1,298.31992,30.365,1.30917
1336341600,1637.63,1642.47,1631.96,1637.63,1369.58,296.4,30.059,1.30593
1336428000,1637.63,1638.52,1595.28,1602.85,1363.72,294.96,29.33,1.29932
1336514400,1602.85,1604.42,1579.08,1589.05,1354.58,292.16,29.167,1.29348
1336600800,1589.05,1601.98,1585.58,1593.53,1357.99,292.88,29.01,1.29335
1336687200,1593.53,1593.53,1573.18,1579.05,1353.39,290.07992,28.896,1.29205
1336946400,1558.31,1585.66,1556.01,1558.31,1338.35,284.88,28.221,1.28303
1337032800,1558.31,1564.13,1541.46,1542.93,1330.66,282.24,27.667,1.27351
1337119200,1542.93,1552.15,1526.91,1542.85,1324.8,280.4,27.34,1.27323
1337205600,1542.85,1579.78,1542.85,1574.96,1304.86,280.31992,28.102,1.26983
1337292000,1574.96,1597.43,1567.83,1592.93,1295.22,275.43992,28.735,1.27737
1337551200,1594.4,1599.02,1584.77,1594.4,1315.99,281.19992,28.575,1.28126
1337637600,1594.4,1594.4,1561.33,1567.37,1316.63,275.84,28.1,1.26611
1337724000,1567.37,1567.55,1533.31,1558.43,1318.86,272.72,27.683,1.25613
1337810400,1558.43,1577.8,1551.5,1556.49,1320.68,274.07992,28.174,1.25356
1337896800,1556.49,1573.96,1551.2,1572.54,1317.82,273.76,28.517,1.25148
1338156000,1575.01,1583.89,1572.53,1575.01,1317.82,273.76,28.397,1.25217
1338242400,1575.01,1582.57,1547.9,1553.02,1332.42,273.84,27.765,1.24778
1338328800,1553.02,1569.27,1531.47,1564.46,1313.32,264.16,27.932,1.23736
1338415200,1564.46,1573.07,1551.99,1560.56,1310.33,260.88,27.715,1.23625
1338501600,1560.56,1629.65,1544.58,1623.8,1278.04,251.43992,28.495,1.24302
1338760800,1619.48,1628.02,1608.7,1619.48,1278.18,254.07992,28.308,1.25268
1338847200,1619.48,1623.46,1612.08,1617.75,1285.5,254.07992,28.512,1.24617
1338933600,1617.75,1640.75,1613.26,1622.46,1315.13,257.19992,29.465,1.25763
1339020000,1622.46,1629.09,1578.74,1591.75,1314.99,253.76,28.683,1.25679
1339106400,1591.75,1595.08,1556.48,1593.03,1325.66,254.4,28.495,1.25109
1339365600,1591.13,1604.95,1582.46,1591.13,1308.93,245.59208,28.412,1.24775
1339452000,1591.13,1617.48,1586.23,1607.86,1324.18,251.31992,28.845,1.25012
1339538400,1607.86,1624.62,1605.94,1617.35,1314.88,248.80008,28.858,1.25747
1339624800,1617.35,1627.83,1609.26,1620.9,1329.1,253.84,28.607,1.26264
1339711200,1620.9,1634.05,1619.45,1627.1,1342.84,253.04,28.671,1.26585
1339970400,1618.57,1629.96,1612.94,1627.83,1344.78,250.56008,28.764,1.25963
1340056800,1627.83,1633.06,1617.41,1620.53,1357.98,253.43992,28.474,1.26792
1340143200,1620.53,1621.99,1590.09,1604.02,1355.69,243.92008,28.019,1.26809
1340229600,1604.02,1604.39,1564.34,1568.45,1325.51,235.64,27.034,1.255
1340316000,1568.45,1573.21,1558.08,1572.47,1335.02,240.80008,26.9,1.25631
1340575200,1569.52,1588.24,1566.21,1584.86,1313.72,238.4,27.491,1.2503
1340661600,1584.86,1586.64,1567.7,1571.69,1319.99,238.48,27.057,1.24854
1340748000,1571.69,1583.48,1562.67,1574.44,1331.85,241.6,26.934,1.24701
1340834400,1574.44,1578.87,1547.96,1553,1329.04,236,26.331,1.24412
1340920800,1553,1606.84,1551.04,1597.38,1362.16,254.64,27.485,1.26435
1341180000,1598.85,1602.34,1587.06,1595.24,1365.51,251.43992,27.459,1.25799
1341266400,1595.24,1624.93,1595.03,1619.83,1374.02,263.52,28.26,1.26049
1341352800,1619.83,1619.83,1611.38,1615.42,1374.02,263.52,28.151,1.25161
1341439200,1615.42,1623.81,1597.48,1607.32,1367.58,260.96,27.761,1.23926
1341525600,1607.32,1609.84,1576.41,1583.6,1354.68,252.72,27.09,1.22884
1341784800,1578.52,1592.78,1577.84,1587.57,1352.46,257.36,27.317,1.23174
1341871200,1587.57,1601.1,1564.49,1571.26,1341.47,252.16,26.938,1.22553
1341957600,1571.26,1583.05,1566.9,1576.78,1341.45,258.64,27.125,1.22449
1342044000,1576.78,1576.86,1554.78,1568.51,1334.76,257.6,27.144,1.21887
1342130400,1568.51,1596.62,1567.12,1589.3,1356.78,261.43992,27.3,1.22417
1342389600,1590.81,1594.68,1577.94,1590.34,1353.64,264.96,27.322,1.22659
1342476000,1590.34,1598.92,1571.53,1584.24,1363.67,267.04,27.323,1.22958
1342562400,1584.24,1585.92,1567.67,1573.65,1372.78,269.52,27.155,1.22772
1342648800,1573.65,1591.46,1572.93,1583.93,1376.51,277.12,27.299,1.22766
1342735200,1583.93,1586.99,1573.48,1584.25,1362.66,273.6,27.314,1.21643
1342994400,1581.38,1582.26,1563.21,1576.66,1350.52,264,27.031,1.21243
1343080800,1576.66,1584.47,1568.76,1580.2,1338.31,265.19992,26.961,1.20618
1343167200,1580.2,1610.14,1579.4,1602.6,1337.89,265.68008,27.315,1.21393
1343253600,1602.6,1621.59,1601.2,1613.44,1360.02,267.28,27.475,1.2278
1343340000,1613.44,1629.38,1611.74,1622.85,1385.97,269.36,27.745,1.23007
1343599200,1623,1624.75,1614.33,1621.28,1385.3,267.6,28.126,1.226
1343685600,1621.28,1627.89,1610.82,1613.13,1379.32,261.43992,27.948,1.22924
1343772000,1613.13,1618.41,1591.83,1601.92,1375.32,265.36,27.456,1.2239
1343858400,1601.92,1615.2,1584.13,1589.36,1365,260.80008,27.171,1.21787
1343944800,1589.36,1606.67,1585.91,1603.33,1390.99,272.56008,27.79,1.238
1344204000,1605.35,1615.3,1603.56,1611.43,1394.23,275.36,27.86,1.23885
1344290400,1611.43,1618.32,1608.69,1610.6,1401.35,279.28,28.033,1.23847
1344376800,1610.6,1616.67,1603.27,1612.35,1402.22,278.96,28.026,1.23723
1344463200,1612.35,1618.26,1609.56,1616.35,1402.8,279.43992,28.113,1.2293
1344549600,1616.35,1626.35,1605.6,1619.8,1405.87,278.80008,28.105,1.22893
1344808800,1621.16,1625.56,1607.42,1610.52,1404.11,277.28,27.821,1.23263
1344895200,1610.52,1616.25,1592.67,1600.24,1403.93,279.36,27.829,1.23238
1344981600,1600.24,1606.37,1589.89,1603.92,1405.53,281.52,27.83,1.22888
1345068000,1603.92,1618.57,1600.75,1615.32,1415.51,284.48,28.172,1.23574
1345154400,1615.32,1620.29,1611.68,1615.41,1418.16,287.6,28.06,1.23265
1345413600,1617.11,1622.35,1609.68,1619.44,1418.13,286.64,28.704,1.2351
1345500000,1619.44,1641.21,1618.89,1637.53,1413.17,287.84,29.273,1.24765
1345586400,1637.53,1655.72,1634.41,1655.44,1413.49,289.76,29.859,1.25337
1345672800,1655.44,1674.79,1654.04,1668.44,1402.08,286.07992,30.473,1.256
1345759200,1668.44,1673.74,1662.41,1670.41,1411.13,285.43992,30.765,1.25102
1346018400,1673.79,1676.85,1663.12,1665.28,1410.44,284.88,30.78,1.2501
1346104800,1665.28,1672.26,1657.09,1666.66,1409.3,286.31992,30.835,1.25709
1346191200,1666.66,1669.87,1652.27,1656.4,1410.49,283.04,30.705,1.25306
1346277600,1656.4,1664.03,1650.91,1655.02,1399.48,282.07992,30.4,1.25096
1346364000,1655.02,1692.85,1646.01,1691.65,1406.58,287.12,31.695,1.25837
1346623200,1688.38,1695.27,1685.44,1692.4,1406.58,287.12,32.135,1.25864
1346709600,1692.4,1698.89,1687.97,1692.65,1404.94,284.07992,32.206,1.25339
1346796000,1692.65,1694.83,1687.3,1692.13,1403.44,284.56008,32.214,1.26005
1346882400,1692.13,1714.1,1691.49,1698.82,1432.12,281.84,32.582,1.26308
1346968800,1698.82,1741.61,1689.09,1735.55,1437.92,287.04,33.66,1.28097
1347228000,1736.06,1739.9,1724.83,1728.01,1429.08,286.80008,33.431,1.27617
1347314400,1728.01,1738.03,1726.75,1733.5,1433.56,288.88,33.5,1.28514
1347400800,1733.5,1747.05,1725.03,1731.97,1436.56,288.31992,33.221,1.29021
1347487200,1731.97,1772.66,1719.89,1768.02,1459.99,292.07992,34.548,1.29931
1347573600,1768.02,1777.72,1765.51,1770.15,1465.77,294.72,34.61,1.31191
1347832800,1774.15,1776.29,1754.1,1760.47,1461.19,286,34.188,1.31081
1347919200,1760.47,1773.25,1752.21,1768.39,1459.32,284.56008,34.659,1.30464
1348005600,1768.39,1779.23,1762.06,1771.02,1461.05,272.96,34.618,1.30576
1348092000,1771.02,1772.16,1755.85,1769.11,1460.26,276.07992,34.615,1.29737
1348178400,1769.11,1787.39,1768.78,1772.8,1460.15,275.92008,34.505,1.29834
1348437600,1769.87,1770.02,1755.52,1764.5,1456.89,272.72,34.001,1.29407
1348524000,1764.5,1774.87,1758.8,1760.81,1441.59,270,33.75,1.28985
1348610400,1760.81,1765.38,1736.6,1754.61,1433.32,266.72,33.971,1.28783
1348696800,1754.61,1780.26,1752.92,1777.07,1447.15,273.19992,34.594,1.29124
1348783200,1777.07,1783.17,1767.24,1771.98,1440.67,272.96,34.46,1.28463
1349042400,1765.41,1791.6,1763.33,1777.21,1444.49,274,34.716,1.28881
1349128800,1777.21,1784.22,1770.45,1772.98,1445.75,272.16,34.514,1.29115
1349215200,1772.98,1781.77,1770.81,1779.94,1450.99,260.88,34.684,1.2923
1349301600,1779.94,1795.1,1777.96,1792.33,1461.4,271.52,34.975,1.30128
1349388000,1792.33,1795.8,1772.92,1780.57,1460.93,266.80008,34.509,1.30322
1349647200,1778.85,1779.52,1766.62,1777.29,1455.88,265.76,34.088,1.29753
1349733600,1777.29,1779.69,1760.38,1762.58,1441.48,273.43992,33.783,1.28592
1349820000,1762.58,1768.12,1756.84,1761.03,1432.56,270.72,33.912,1.28591
1349906400,1761.03,1774.73,1758.43,1768.97,1432.84,274.31992,34.06,1.29318
1349992800,1768.97,1773.21,1752.14,1753.63,1428.59,272,33.442,1.29532
1350252000,1742.29,1749.05,1728.56,1735.65,1440.13,272,32.679,1.29678
1350338400,1735.65,1749.75,1734.7,1749,1454.92,273.07992,33.085,1.31059
1350424800,1749,1753.48,1742.71,1748.26,1460.91,272.80008,33.105,1.31123
1350511200,1748.26,1752.09,1738,1741.94,1457.34,272.56008,32.814,1.30687
1350597600,1741.94,1743.04,1716.04,1721.4,1433.19,266.72,32.06,1.30234
1350856800,1717.87,1730.1,1717.47,1727.88,1433.82,263.19992,32.366,1.30707
1350943200,1727.88,1729.22,1703.89,1710.82,1413.11,255.76,31.775,1.29734
1351029600,1710.82,1714.25,1698.5,1704.94,1408.75,253.04,31.835,1.29647
1351116000,1704.94,1717.86,1704.61,1713.72,1412.97,254.24,32.149,1.29387
1351202400,1713.72,1718.65,1700.7,1711.14,1411.94,254.31992,32.062,1.29338
1351461600,1713.69,1717.15,1704.93,1708.19,1411.94,254.31992,31.795,1.29068
1351548000,1708.19,1715.13,1706.46,1711.24,1411.94,254.31992,31.855,1.29613
1351634400,1711.24,1725.85,1710.78,1720.05,1412.16,254.24,32.27,1.29645
1351720800,1720.05,1726.88,1713.63,1715.73,1427.59,256.48,32.315,1.29467
1351807200,1715.73,1716.61,1674.53,1677.69,1414.2,250.80008,30.906,1.28311
1352070000,1682.18,1686.66,1672.56,1686.08,1417.26,252.88,31.17,1.27998
1352156400,1686.08,1720.82,1683.51,1711.45,1428.39,260.48,31.868,1.2806
1352242800,1711.45,1731.63,1703.05,1716.91,1394.53,249.6752,31.805,1.27565
1352329200,1716.91,1735.04,1712.65,1732.04,1377.51,250.4,32.303,1.27413
1352415600,1732.04,1738.65,1726.99,1730.9,1379.85,253.84,32.576,1.27122
1352674800,1734.67,1737.9,1725.65,1726.44,1380.03,252.72,32.32,1.27059
1352761200,1726.44,1732.84,1717.9,1726.25,1374.53,251.28,32.496,1.27095
1352847600,1726.25,1733.93,1720.66,1724.32,1355.49,254.16,32.597,1.27295
1352934000,1724.32,1727.85,1704.78,1715.54,1353.33,251.92008,32.602,1.27816
1353020400,1715.54,1716.92,1705.71,1713.75,1359.88,255.4208,32.297,1.27394
1353279600,1717.68,1735.56,1716.1,1729.95,1386.89,261.36,33.059,1.27667
1353366000,1729.95,1735.5,1722.1,1726.45,1387.81,255.6,33.118,1.28126
1353452400,1726.45,1731.85,1719.72,1730.65,1391.03,256.96,33.385,1.28641
1353538800,1730.65,1732.45,1727.98,1729.63,1391.03,256.96,33.334,1.28744
1353625200,1729.63,1754.26,1728.76,1752.23,1409.15,258.56008,34.025,1.29726
1353884400,1750.38,1752.16,1745.86,1749.45,1406.29,257.52,34.164,1.29885
1353970800,1749.45,1751.72,1738.46,1741.81,1398.94,255.84,33.98,1.29378
1354057200,1741.81,1743.01,1705.6,1722.43,1409.93,254.31992,33.76,1.29507
1354143600,1722.43,1728.43,1717.97,1725.89,1415.95,257.36,34.19,1.29719
1354230000,1725.89,1731.63,1708.45,1714.6,1416.18,260.48,33.4,1.30056
1354489200,1716.53,1722.68,1712.64,1715.86,1409.46,260.80008,33.602,1.3064
1354575600,1715.86,1716.4,1691.2,1695.09,1407.05,259.24,32.846,1.30993
1354662000,1695.09,1706.81,1684.67,1692.39,1409.28,257.76,32.806,1.30725
1354748400,1692.39,1703.18,1685.86,1700.14,1413.94,253.28,32.973,1.29679
1354834800,1700.14,1705.4,1683.76,1704.04,1418.07,252.24,33.044,1.2928
1355094000,1703.37,1717.23,1702.8,1711.46,1418.55,251.12,33.213,1.2941
1355180400,1711.46,1714.33,1704.81,1709.2,1427.84,251.76,32.95,1.30053
1355266800,1709.2,1723.19,1707.19,1709.16,1428.48,254.24,33.327,1.3074
1355353200,1709.16,1709.84,1689.42,1696.66,1419.45,252.64,32.535,1.30774
1355439600,1696.66,1700.44,1693.11,1695.56,1413.58,254.48,32.25,1.31609
1355698800,1695.25,1699.31,1686.54,1697.19,1430.36,256.04,32.243,1.31633
1355785200,1697.19,1703.08,1661,1676.28,1446.79,257.43992,31.753,1.32285
1355871600,1676.28,1676.72,1663.31,1667.53,1435.81,261.36,31.045,1.32268
1355958000,1667.53,1671.81,1635.74,1648.43,1443.69,261.84,29.959,1.32441
1356044400,1648.43,1659.67,1635.58,1656.87,1430.15,258.88,29.986,1.31836
1356303600,1658.1,1665.82,1651.88,1658.14,1426.66,257.92008,29.89,1.31852
1356390000,1658.14,1658.14,1658.14,1658.14,1426.66,257.92008,29.89,1.31847
1356476400,1658.14,1667.87,1655.16,1658.72,1419.83,265.19992,30.015,1.32244
1356562800,1658.72,1666.29,1652.59,1662.08,1418.1,265.52,30.138,1.32366
1356649200,1662.08,1665.11,1653.63,1655.59,1402.43,264.31992,29.995,1.32219
1356908400,1657.11,1680.4,1656.67,1674.95,1426.19,266.96,30.32,1.31942
1356994800,1674.95,1675.34,1670.3,1670.93,1426.19,266.96,30.2,1.31942
1357081200,1670.93,1694.8,1670.35,1687.13,1462.42,270.56008,31.035,1.31863
1357167600,1687.13,1689.92,1660.79,1661.04,1459.37,269.92008,30.1,1.30489
1357254000,1661.04,1662.09,1625.87,1655.49,1466.47,271.04,30.195,1.30725
1357513200,1656.74,1662.56,1642.8,1649.92,1461.89,271.36,30.225,1.31167
1357599600,1649.92,1662.51,1646.81,1661.21,1457.15,271.68008,30.452,1.30813
1357686000,1661.21,1665.83,1651.41,1656.24,1461.02,271.04,30.334,1.30645
1357772400,1656.24,1678.83,1653.76,1673.89,1472.12,273.36,30.818,1.32717
1357858800,1673.89,1676.78,1653.36,1662.59,1472.05,272.48,30.445,1.33383
1358118000,1660.77,1674.75,1660.75,1667.86,1470.68,274.24,31.059,1.33822
1358204400,1667.86,1685.09,1666.41,1680.97,1472.34,271.92008,31.404,1.33052
1358290800,1680.97,1684.79,1673.29,1680.51,1472.63,274.24,31.46,1.32891
1358377200,1680.51,1696.93,1666.73,1687.36,1480.94,277.36,31.708,1.33773
1358463600,1687.36,1695.22,1683.34,1683.9,1485.98,278.16,31.84,1.33153
1358722800,1688.53,1691.26,1685.82,1689.55,1485.98,278.16,31.994,1.33135
1358809200,1689.55,1695.98,1686.71,1692.62,1492.56,280.07992,32.181,1.33221
1358895600,1692.62,1694.98,1683.69,1684.88,1494.81,276.88,32.202,1.33179
1358982000,1684.88,1685.58,1664.89,1667.66,1494.82,278.07992,31.635,1.33765
1359068400,1667.66,1672.25,1655.9,1658.57,1502.96,278.24,31.163,1.34567
1359327600,1659.42,1662.29,1651.95,1657.14,1500.18,279.52,30.919,1.34557
1359414000,1657.14,1665.9,1656.7,1664.18,1507.84,282.31992,31.37,1.34923
1359500400,1664.18,1683.78,1662.61,1676.74,1501.96,283.92008,32.002,1.35668
1359586800,1676.74,1680.69,1657.81,1662.9,1498.11,282.24,31.44,1.35778
1359673200,1662.9,1682.01,1659.98,1667.22,1513.17,282.80008,31.817,1.3649
1359932400,1667.07,1677.5,1661.75,1674.23,1495.71,278.24,31.755,1.35135
1360018800,1674.23,1685.25,1666.61,1674.8,1511.29,280.24,31.87,1.35831
1360105200,1674.8,1679.57,1668.21,1678.36,1512.12,280.31992,31.859,1.35227
1360191600,1678.36,1683.07,1663.03,1671.03,1509.39,277.43992,31.476,1.33972
1360278000,1671.03,1673.58,1665.02,1667.1,1517.93,277.6,31.395,1.33642
1360537200,1666.51,1669.53,1643.72,1648.49,1517.01,280.96,30.922,1.34057
1360623600,1648.49,1653.27,1639.16,1651.6,1519.43,282.24,31.155,1.34532
1360710000,1651.6,1653.47,1640.5,1644.35,1520.33,281.52,30.81,1.3453
1360796400,1644.35,1649.98,1632.82,1635.19,1521.38,282.16,30.422,1.33629
1360882800,1635.19,1636,1597.83,1609.64,1519.79,277.76,29.769,1.33648
1361142000,1612.81,1618.76,1607.14,1614.08,1519.79,277.76,30.062,1.33516
1361228400,1614.08,1615.13,1600.58,1605.03,1530.94,279.68008,29.435,1.33879
1361314800,1605.03,1609.41,1558.54,1570.38,1511.95,273.36,28.718,1.32804
1361401200,1570.38,1584.75,1555.04,1578.55,1502.42,267.43992,28.717,1.31896
1361487600,1578.55,1587.14,1569.84,1581.27,1515.6,268.80008,28.697,1.31857
1361746800,1578.56,1596.9,1575.15,1594.83,1487.85,265.68008,29.05,1.30624
1361833200,1594.83,1619.94,1584.34,1613.37,1496.94,266.64,29.35,1.30615
1361919600,1613.37,1614.72,1592.25,1597.07,1515.99,267.19992,28.995,1.31384
1362006000,1597.07,1602.91,1574.9,1580.92,1514.68,264.48,28.56,1.30566
1362092400,1580.92,1587.23,1564.73,1575.89,1518.2,261.92008,28.581,1.30211
1362351600,1579.24,1584.81,1569.41,1575.2,1525.2,259.19992,28.603,1.3026
1362438000,1575.2,1586.38,1571.92,1577.28,1539.79,261.52,28.76,1.30511
1362524400,1577.28,1584.87,1567.25,1582.17,1541.46,260.31992,28.947,1.29669
1362610800,1582.17,1585.4,1574.94,1579.72,1544.26,263.52,28.89,1.31073
1362697200,1579.72,1583.66,1561.4,1578.68,1551.18,264.4,28.962,1.29983
1362952800,1578.64,1583.17,1575.49,1582,1556.22,264.31992,29.006,1.3046
1363039200,1582,1598.29,1580,1592.6,1552.48,266.07992,29.161,1.30336
1363125600,1592.6,1599.11,1585.54,1588.05,1554.52,265.52,28.909,1.2961
1363212000,1588.05,1593.25,1576.61,1589.68,1563.23,267.36,28.806,1.30045
1363298400,1589.68,1599.03,1588.47,1591.8,1560.7,268.80008,28.76,1.3067
1363557600,1603.9,1611.12,1591.13,1605.68,1552.1,269.19992,28.951,1.29559
1363644000,1605.68,1615.67,1600.01,1612.48,1548.34,264.56008,28.918,1.28824
1363730400,1612.48,1614.71,1600.91,1606.04,1558.71,267.6,28.799,1.29328
1363816800,1606.04,1616.58,1604.42,1615.69,1545.8,264.4,29.142,1.28978
1363903200,1615.69,1615.7,1603.49,1608.55,1556.89,268.88,28.724,1.29974
1364162400,1606.56,1613.59,1589.75,1605.96,1551.69,270.80008,28.868,1.28529
1364248800,1605.96,1605.99,1594.52,1600.03,1563.77,275.6,28.781,1.28609
1364335200,1600.03,1608.25,1591.29,1605.17,1562.85,276.4,28.675,1.27802
1364421600,1605.17,1607.6,1593.89,1597.55,1569.19,278,28.33,1.28167
1364508000,1597.55,1598.4,1595.75,1597.63,1569.19,278,28.309,1.2818
1364767200,1596.39,1602.06,1594.74,1601.61,1562.17,277.43992,28.11,1.28487
1364853600,1601.61,1603.81,1573.75,1576.31,1570.25,277.19992,27.25,1.28201
1364940000,1576.31,1577.09,1549.6,1555.11,1553.69,270.07992,26.934,1.28491
1365026400,1555.11,1556.79,1540.06,1552.34,1559.98,267.12,26.865,1.2936
1365112800,1552.34,1581.21,1549.29,1580.92,1553.28,266.24,27.305,1.30058
1365372000,1577.22,1580.8,1567.3,1572.04,1563.07,267.92008,27.244,1.30086
1365458400,1572.04,1590.26,1570.35,1585.36,1568.61,269.12,27.94,1.30821
1365544800,1585.36,1588.56,1553.49,1555.44,1587.73,270.64,27.488,1.30702
1365631200,1555.44,1568.25,1553.32,1561.89,1593.37,267.68008,27.659,1.30998
1365717600,1561.89,1564.62,1481.23,1483.22,1588.85,260.24,25.983,1.31023
1365976800,1489.96,1495.52,1335.23,1351.47,1552.36,251.92008,22.716,1.30354
1366063200,1351.47,1403.42,1321.71,1371.07,1574.57,254.07992,23.475,1.31767
1366149600,1371.07,1395.11,1364.9,1373.24,1552.01,248.07992,23.246,1.30315
1366236000,1373.24,1402,1336.68,1394.07,1541.61,253.12,23.323,1.30508
1366322400,1394.07,1425.2,1385.76,1403.51,1555.25,251.12,23.245,1.30513
1366581600,1408.4,1438.91,1403.77,1424.02,1562.5,254.56008,23.283,1.30663
1366668000,1424.02,1432.7,1404.89,1414.13,1578.78,254.88,22.931,1.29989
1366754400,1414.13,1433.79,1414.13,1429.99,1578.79,261.272,23.163,1.30155
1366840800,1429.99,1473.69,1427.06,1473.16,1585.16,266,24.451,1.30113
1366927200,1473.16,1485.18,1447.95,1462.03,1582.24,264.96,23.966,1.30267
1367186400,1465.16,1478.82,1462.78,1473.34,1593.61,268.88,24.433,1.30987
1367272800,1473.34,1480,1461.05,1476.24,1597.57,265.28,24.322,1.31673
1367359200,1476.24,1477.91,1440.37,1458.92,1582.7,259.12,23.662,1.31799
1367445600,1458.92,1473.62,1448.78,1467.72,1597.59,267.92008,23.772,1.30651
1367532000,1467.72,1487.99,1456.1,1470.41,1614.42,272.07992,24.094,1.31155
1367791200,1470.56,1478.84,1464.54,1466.94,1617.5,273.12,23.955,1.30763
1367877600,1466.94,1470.13,1441.28,1450.17,1625.96,272.07992,23.85,1.30784
1367964000,1450.17,1476.66,1447.67,1471.94,1632.69,275.19992,23.911,1.3153
1368050400,1471.94,1475.99,1453.3,1455.54,1626.67,273.36,23.607,1.30422
1368136800,1455.54,1462.1,1419.7,1448.26,1633.7,273.12,23.86,1.29855
1368396000,1437.61,1439.74,1425.94,1435.33,1633.77,270.88,23.678,1.29755
1368482400,1435.33,1445.4,1421.1,1430.09,1650.34,268.48,23.471,1.29206
1368568800,1430.09,1430.09,1388.71,1395.91,1658.78,268.88,22.623,1.28867
1368655200,1395.91,1398.19,1369.64,1387.04,1650.47,270.96,22.663,1.28823
1368741600,1387.04,1392.95,1355.27,1359.31,1667.47,273.68008,22.24,1.28286
1369000800,1348.3,1399.81,1338.07,1388.81,1666.29,275.512,22.683,1.28824
1369087200,1388.81,1401.43,1359.73,1377.16,1669.16,272.88,22.475,1.29061
1369173600,1377.16,1414.29,1354.43,1363.28,1655.35,267.68008,22.212,1.28585
1369260000,1363.28,1398.04,1356.77,1388,1650.51,268.31992,22.495,1.29333
1369346400,1388,1398.16,1382.35,1386.53,1649.6,266.96,22.386,1.29302
1369605600,1386.16,1396.56,1384.4,1396.18,1649.6,266.96,22.629,1.29295
1369692000,1396.18,1401.91,1373.69,1380.63,1660.06,270.31992,22.316,1.28556
1369778400,1380.63,1395.25,1380.23,1392.37,1648.36,264.80008,22.517,1.29404
1369864800,1392.37,1418,1388.76,1415.1,1654.41,266,22.814,1.30487
1369951200,1415.1,1421.85,1384.79,1387.74,1630.74,260.88,22.24,1.29958
1370210400,1394.43,1416.86,1390.82,1412.46,1640.42,265.28,22.701,1.30764
1370296800,1412.46,1414.91,1388.97,1398.6,1631.38,265.6,22.533,1.30809
1370383200,1398.6,1410.33,1395.73,1401.54,1608.9,266.07992,22.493,1.30928
1370469600,1401.54,1423.71,1391.71,1411.73,1622.56,268.96,22.58,1.3246
1370556000,1411.73,1417.86,1377.75,1382.89,1643.38,273.28,21.652,1.32201
1370815200,1384.35,1388.98,1375.77,1384.04,1642.81,272,21.884,1.32571
1370901600,1384.04,1386.8,1365.61,1377.53,1626.13,270.31992,21.706,1.33135
1370988000,1377.53,1394.52,1373.99,1386.19,1612.52,272.24,21.697,1.3338
1371074400,1386.19,1394.86,1374.33,1385.7,1636.36,274.64,21.819,1.33757
1371160800,1385.7,1392.2,1378.4,1390.46,1626.73,277.92008,22.071,1.33451
1371420000,1390.18,1391.89,1380.49,1384.48,1639.04,278.07992,21.886,1.33665
1371506400,1384.48,1385.98,1361.07,1369.17,1651.81,279.68008,21.696,1.33925
1371592800,1369.17,1376.57,1343.08,1346.25,1628.93,278.24,21.191,1.32945
1371679200,1346.25,1348.19,1274.3,1274.3,1588.19,269.04,19.618,1.322
1371765600,1274.3,1302.41,1269.36,1296.31,1592.43,265.84,20.1,1.31259
1372024800,1300.29,1301.22,1276.09,1283.86,1573.09,269.12,19.7,1.31201
1372111200,1283.86,1289.54,1271.65,1274.76,1588.03,269.92008,19.565,1.30788
1372197600,1274.76,1276.77,1221.78,1228.37,1603.26,270.4,18.581,1.3012
1372284000,1228.37,1244.7,1196.67,1205.3,1613.2,274.64,18.571,1.30386
1372370400,1205.3,1235.24,1180.18,1234.25,1606.28,273.43992,19.65,1.30137
1372629600,1239.45,1261.63,1225.11,1252.38,1614.96,277.36,19.653,1.30645
1372716000,1252.38,1267.38,1239.59,1244.88,1614.08,281.68008,19.423,1.29789
1372802400,1244.88,1259.95,1236.83,1255.33,1615.41,286.72,19.805,1.30105
1372888800,1255.33,1256.93,1244.83,1247.87,1615.41,286.72,19.542,1.29138
1372975200,1247.87,1248.85,1208.12,1223.01,1631.89,292.48,18.911,1.28311
1373234400,1218.77,1238.55,1215.66,1233.71,1640.46,291.28,19.009,1.28701
1373320800,1233.71,1260.39,1233.55,1248.89,1652.32,294.16,19.226,1.27814
1373407200,1248.89,1289.62,1243.91,1283.03,1652.62,299.43992,19.774,1.29777
1373493600,1283.03,1298.77,1277.8,1285.69,1675.02,296.07992,20.1,1.30967
1373580000,1285.69,1288.57,1267.79,1285.33,1680.19,300.48,19.922,1.30653
1373839200,1289.3,1294.47,1273.9,1282.42,1682.5,301.36,19.886,1.3062
1373925600,1282.42,1295.41,1277.14,1290.51,1676.26,299.84,19.958,1.31624
1374012000,1290.51,1300.37,1270.24,1277.11,1680.91,302.4,19.39,1.31253
1374098400,1277.11,1288.52,1274.79,1284.75,1689.37,306.72,19.401,1.31089
1374184800,1284.75,1297.81,1282.35,1295.65,1692.09,307.6,19.485,1.31438
1374444000,1313.21,1339.61,1310.93,1334.52,1695.53,303.36,20.481,1.31851
1374530400,1334.52,1347.86,1326.62,1343.11,1692.39,304.72,20.413,1.32236
1374616800,1343.11,1346.55,1313.15,1318.86,1685.94,299.19992,20.119,1.3201
1374703200,1318.86,1337.83,1308.88,1335.5,1690.25,300.64,20.313,1.32771
1374789600,1335.5,1340.82,1312.36,1333.15,1691.65,297.68008,19.99,1.32746
1375048800,1330.84,1338.27,1322.9,1326.28,1685.33,297.04,19.817,1.32631
1375135200,1326.28,1330.09,1317.65,1327.79,1685.96,293.36,19.777,1.32627
1375221600,1327.79,1339.12,1305.74,1326.08,1685.73,298.88,19.816,1.33029
1375308000,1326.08,1331.04,1302.72,1307.23,1706.87,306.16,19.601,1.3207
1375394400,1307.23,1318.44,1283.19,1311.48,1709.67,303.52,19.878,1.32863
1375653600,1312.47,1320.57,1297.49,1303.78,1707.14,302.64,19.716,1.32584
1375740000,1303.78,1306.96,1279.32,1282.21,1697.37,299.68008,19.512,1.33047
1375826400,1282.21,1289.36,1272.77,1284.81,1690.91,296.07992,19.555,1.33362
1375912800,1284.81,1314.52,1283.68,1312.62,1697.48,294.72,20.235,1.33806
1375999200,1312.62,1317.2,1304.99,1314.2,1691.42,300.72,20.533,1.33423
1376258400,1329.02,1343.79,1322.79,1332.97,1689.47,302.07992,21.296,1.33004
1376344800,1332.97,1341.34,1318.71,1321.37,1694.16,303.19992,21.416,1.32629
1376431200,1321.37,1346.48,1315.87,1342.6,1685.39,304.72,21.916,1.32546
1376517600,1342.6,1370.13,1318.65,1362.92,1661.32,305.92008,22.9,1.33444
1376604000,1362.92,1379.55,1357.67,1376.46,1655.83,307.19992,23.215,1.33356
1376863200,1376.7,1384.42,1362.41,1367.28,1646.06,305.36,23.166,1.3335
1376949600,1367.28,1377.44,1352.12,1368.65,1652.35,300.16,22.992,1.3417
1377036000,1368.65,1379.05,1355.1,1358.52,1642.8,297.36,22.566,1.33553
1377122400,1358.52,1381.59,1356.33,1374.66,1656.96,300.31992,23.089,1.33559
1377208800,1374.66,1400,1368.65,1397.33,1663.5,303.6,24.035,1.33786
1377468000,1396,1404.98,1389.42,1402.87,1656.78,303.68008,24.255,1.33677
1377554400,1402.87,1423.66,1395.42,1418.63,1630.48,310.96,24.55,1.33925
1377640800,1418.63,1433.59,1413.35,1417.76,1634.96,312.64,24.372,1.33396
1377727200,1417.76,1417.99,1402.48,1404.03,1638.17,308.64,23.719,1.32412
1377813600,1404.03,1411.24,1392.17,1395,1632.97,307.84,23.485,1.32163
1378072800,1380.47,1398.2,1379.46,1393.68,1632.97,307.84,24.178,1.3192
1378159200,1393.68,1416.21,1384.44,1411.32,1639.77,310.07992,24.297,1.31704
1378245600,1411.32,1414.96,1384.61,1393.52,1653.08,306.72,23.508,1.32075
1378332000,1393.52,1399.79,1364.77,1369.14,1655.08,309.52,23.189,1.31207
1378418400,1369.14,1393.25,1358.98,1391.64,1655.17,314.88,23.839,1.31767
1378677600,1388.77,1391.77,1382,1386.74,1671.71,311.52,23.707,1.32553
1378764000,1386.74,1387.15,1357.76,1366,1683.99,306.68008,23.049,1.32682
1378850400,1366,1368.42,1356.7,1364.76,1689.13,307.84,23.133,1.33108
1378936800,1364.76,1365.75,1320.5,1327.16,1683.42,310.92008,21.983,1.3299
1379023200,1327.16,1330.82,1304.85,1326.13,1687.99,310.80008,22.195,1.33006
1379282400,1329.91,1332.57,1302.98,1312.98,1697.6,304.88,21.788,1.33341
1379368800,1312.98,1323.8,1305.41,1306.62,1704.76,301.92008,21.697,1.33598
1379455200,1306.62,1368.22,1291.74,1367.81,1725.52,309.43992,22.967,1.35214
1379541600,1367.81,1375.2,1358.65,1365.58,1722.34,304.64,23.02,1.35289
1379628000,1365.58,1366.48,1324.7,1325.43,1709.91,302.16,21.76,1.35206
1379887200,1329.75,1331.75,1313.35,1326.83,1701.84,298.16,21.753,1.34931
1379973600,1326.83,1329.23,1305.82,1325.27,1697.42,297.76,21.73,1.34737
1380060000,1325.27,1338.01,1316.58,1332.06,1692.77,295.04,21.781,1.35261
1380146400,1332.06,1339.19,1318.83,1324.06,1698.67,296.64,21.711,1.34881
1380232800,1324.06,1344.03,1319.73,1336.39,1691.75,295.68008,21.766,1.35196
1380492000,1340.24,1343.25,1322.54,1328.53,1681.55,294.80008,21.686,1.35261
1380578400,1328.53,1337.54,1282.39,1288.89,1695,293.43992,21.127,1.35262
1380664800,1288.89,1323.81,1277.74,1314.92,1693.87,299.36,21.7,1.35785
1380751200,1314.92,1322.26,1301.98,1316.6,1678.66,297.12,21.666,1.36184
1380837600,1316.6,1325.11,1305.7,1310.83,1690.5,298.48,21.69,1.35551
1381096800,1313.67,1328.64,1308.51,1323.06,1676.12,297.12,22.291,1.3581
1381183200,1323.06,1329.68,1315.68,1320.41,1655.45,298.48,22.34,1.35734
1381269600,1320.41,1321.7,1294.73,1302.87,1656.4,292.4,21.816,1.35243
1381356000,1302.87,1311.62,1282.22,1287.87,1692.56,296.80008,21.69,1.35198
1381442400,1287.87,1294.38,1261.8,1271.88,1703.2,294,21.305,1.35477
1381701600,1272.86,1289.85,1268.49,1272.12,1710.14,294.96,21.278,1.35612
1381788000,1272.12,1287.95,1251.63,1275.16,1698.06,291.76,21.157,1.35237
1381874400,1275.16,1288.33,1269.27,1280.98,1721.54,295.36,21.318,1.3534
1381960800,1280.98,1324.3,1274.47,1315.84,1733.15,291.04,21.798,1.36756
1382047200,1315.84,1327.39,1311.69,1315.96,1744.5,291.6,21.907,1.36858
1382306400,1317.45,1324.04,1313.6,1315.52,1744.66,287.52,22.188,1.36805
1382392800,1315.52,1344.65,1310.1,1339.32,1754.67,283.28,22.712,1.37812
1382479200,1339.32,1342.19,1329.02,1332.27,1746.38,279.6,22.547,1.37762
1382565600,1332.27,1351.85,1332.17,1346.63,1752.07,279.92008,22.72,1.38013
1382652000,1346.63,1355.72,1336.13,1350.5,1759.77,282.56008,22.527,1.38037
1382911200,1348.95,1361.64,1346.34,1353.12,1762.11,284.4,22.485,1.37853
1382997600,1353.12,1360.43,1340.03,1343.37,1771.95,283.28,22.452,1.37452
1383084000,1343.37,1359.49,1334.72,1338.4,1763.31,278.8,22.542,1.37358
1383170400,1338.4,1341.94,1319.05,1323.12,1756.54,277.52,21.903,1.35835
1383256800,1323.12,1327.37,1306.06,1315.94,1761.64,273.032,21.865,1.34886
1383519600,1314,1322.46,1311.1,1315.07,1767.93,272.32,21.649,1.35143
1383606000,1315.07,1319.86,1305.91,1312.63,1762.97,269.36,21.684,1.34742
1383692400,1312.63,1322,1309.13,1317.74,1770.49,273.512,21.793,1.35131
1383778800,1317.74,1326.38,1296.62,1309.38,1747.15,271.76,21.689,1.34197
1383865200,1309.38,1313.68,1281.1,1287.95,1770.61,272.08,21.48,1.33713
1384124400,1287.15,1288.11,1279.12,1282.35,1771.89,274.08,21.336,1.34065
1384210800,1282.35,1285.24,1261.33,1267.45,1767.69,269.12,20.693,1.34356
1384297200,1267.45,1286.7,1265.81,1285.02,1782,271.2,20.706,1.34869
1384383600,1285.02,1294.17,1278.15,1286.95,1790.62,271.44,20.744,1.346
1384470000,1286.95,1291.18,1280.33,1289.94,1798.18,271.04,20.788,1.34935
1384729200,1288.15,1288.35,1270.01,1274.11,1791.53,268.96,20.374,1.35057
1384815600,1274.11,1278.82,1269.17,1275.17,1787.87,269.76,20.389,1.35383
1384902000,1275.17,1276.35,1241,1246.94,1781.37,269.04,19.898,1.34389
1384988400,1246.94,1250.26,1236.76,1244.12,1795.85,273.36,19.993,1.3482
1385074800,1244.12,1248.86,1241.13,1243.44,1804.76,272.32,19.846,1.35467
1385334000,1240.58,1257.9,1226.68,1252.83,1802.48,270.56,20.235,1.35165
1385420400,1252.83,1255.12,1239.61,1243.46,1802.75,269.52,19.88,1.35721
1385506800,1243.46,1254.59,1234.69,1238.3,1807.23,265.52,19.688,1.35795
1385593200,1238.3,1245.7,1236.5,1244.11,1807.23,265.52,19.725,1.36052
1385679600,1244.11,1254.74,1240.78,1251.49,1805.81,267.68,19.968,1.35804
1385938800,1247.93,1248.79,1217.77,1223,1800.9,269.44,19.225,1.35419
1386025200,1223,1226.2,1215.22,1224.57,1795.15,276.08,19.141,1.35891
1386111600,1224.57,1251.52,1211.74,1238,1792.81,279.04,19.582,1.35935
1386198000,1238,1241.48,1216.99,1226.12,1785.03,279.44,19.393,1.36671
1386284400,1226.12,1244.39,1210.77,1228.89,1805.09,280.4,19.49,1.37005
1386543600,1228.17,1243.07,1225.27,1238.79,1808.37,279.28,19.786,1.37388
1386630000,1238.79,1267.76,1237.85,1261.09,1802.62,282.48,20.372,1.37611
1386716400,1261.09,1263.28,1251.04,1253.99,1782.22,279.84,20.303,1.37859
1386802800,1253.99,1256.92,1223.88,1227.83,1775.5,279.76,19.523,1.37531
1386889200,1227.83,1238.62,1220.5,1238.4,1775.32,277.12,19.675,1.37402
1387148400,1235.96,1251.89,1227.77,1240.16,1786.54,279.52,19.979,1.37607
1387234800,1240.16,1248.04,1227.37,1233.84,1781,278.96,19.936,1.37682
1387321200,1233.84,1244.57,1215.8,1219.15,1810.65,280.24,19.735,1.36848
1387407600,1219.15,1226.49,1187.09,1191.6,1809.6,282.56,19.246,1.36612
1387494000,1191.6,1207.45,1190.79,1202.93,1818.32,283.84,19.387,1.36748
1387753200,1203.97,1206.16,1192.65,1198.24,1827.99,282.88,19.424,1.36959
1387839600,1198.24,1205.48,1196.11,1204.45,1833.32,283.92,19.457,1.36727
1387926000,1204.45,1204.45,1204.45,1204.45,1833.32,283.92,19.457,1.36727
1388012400,1204.45,1215.83,1204.45,1209.07,1842.02,285.2,19.783,1.36912
1388098800,1209.07,1219.03,1208.95,1212.98,1841.4,286.72,20.056,1.37388
1388358000,1213.29,1213.96,1195.04,1198.46,1841.07,284.24,19.658,1.38001
1388444400,1198.46,1214.48,1182.36,1204.24,1848.36,282.56,19.423,1.37563
1388530800,1204.24,1205.88,1203.47,1205.88,1848.36,282.56,19.53,1.37563
1388617200,1205.88,1230.77,1204.87,1223.68,1831.98,273.84,19.998,1.36723
1388703600,1223.68,1240.13,1223.27,1236.68,1831.37,270,20.133,1.35879
1388962800,1234.13,1248.31,1231.91,1237.68,1826.77,268.56,20.175,1.36291
1389049200,1237.68,1245.2,1224.86,1229.3,1837.88,268.64,19.803,1.36156
1389135600,1229.3,1231.85,1218.41,1226.12,1837.49,265.28,19.52,1.35758
1389222000,1226.12,1231.37,1223.5,1228.84,1838.13,264.64,19.578,1.36087
1389308400,1228.84,1248.85,1227.44,1248.16,1842.37,265.52,20.139,1.3664
1389567600,1248.5,1254.9,1243.56,1254.05,1819.2,262.48,20.391,1.36712
1389654000,1254.05,1255.17,1241.65,1243.34,1838.88,264.32,20.21,1.36793
1389740400,1243.34,1243.98,1234.21,1240.98,1848.38,270.16,20.187,1.36054
1389826800,1240.98,1245.15,1236.3,1242.03,1845.89,269.2,20.084,1.36198
1389913200,1242.03,1254.86,1237.71,1253.7,1838.7,269.52,20.27,1.35348
1390172400,1256.18,1258.16,1253.28,1255.29,1838.7,269.52,20.305,1.35517
1390258800,1255.29,1255.37,1235.6,1242.87,1843.8,271.92,19.896,1.35608
1390345200,1242.87,1243.58,1235.67,1236.99,1844.86,276.48,19.767,1.35475
1390431600,1236.99,1265.36,1231.47,1262.54,1828.46,277.76,20.035,1.36964
1390518000,1262.54,1272.49,1256.82,1269.8,1790.29,276.64,19.89,1.36786
1390777200,1275.37,1276.41,1251.9,1257.99,1781.56,273.84,19.704,1.36733
1390863600,1257.99,1261.33,1248.54,1252.49,1792.5,277.52,19.536,1.3671
1390950000,1252.49,1270.08,1250.83,1266.64,1774.2,277.84,19.684,1.36625
1391036400,1266.64,1267.65,1237.98,1244.81,1794.19,279.6,19.188,1.3555
1391122800,1244.81,1254.86,1238.45,1243.93,1782.59,278.4,19.15,1.34879
1391382000,1243.51,1266.2,1240.71,1259.66,1741.89,276.16,19.36,1.35249
1391468400,1259.66,1260.73,1247.13,1252.84,1755.2,277.92,19.45,1.35184
1391554800,1252.84,1274.23,1252.35,1258.9,1751.64,277.68,19.925,1.35333
1391641200,1258.9,1266.82,1252.72,1256.46,1773.43,279.2,19.918,1.359
1391727600,1256.46,1271.69,1256.11,1266.9,1797.02,285.12,20,1.36338
1391986800,1267.29,1277.78,1265.06,1273.85,1799.84,285.04,20.065,1.36457
1392073200,1273.85,1293.76,1273.67,1286.8,1819.75,285.12,20.162,1.36383
1392159600,1286.8,1296.19,1283.92,1291.71,1819.26,286.4,20.226,1.35935
1392246000,1291.71,1302.79,1286.18,1300.33,1829.83,286.96,20.457,1.36803
1392332400,1300.33,1321.14,1299.75,1318.3,1838.63,287.28,21.45,1.37007
1392591600,1323.37,1331.98,1320.95,1328.33,1838.63,287.28,21.816,1.37074
1392678000,1328.33,1329.13,1312.58,1320.49,1840.76,293.28,21.828,1.37587
1392764400,1320.49,1322.3,1308.75,1311.78,1828.75,295.2,21.561,1.37332
1392850800,1311.78,1324.85,1307.26,1320.61,1839.78,295.04,21.753,1.37183
1392937200,1320.61,1328.4,1315.97,1324.05,1836.25,293.52,21.8,1.37368
1393196400,1324.03,1338.9,1318.66,1335.59,1847.61,294.32,21.939,1.3735
1393282800,1335.59,1343.49,1331.18,1341.03,1845.12,292.72,21.847,1.37444
1393369200,1341.03,1345.33,1322.21,1330.62,1845.16,294,21.297,1.36865
1393455600,1330.62,1336.04,1323.74,1331.31,1854.29,293.52,21.266,1.37098
1393542000,1331.31,1333.23,1319.75,1326.15,1859.45,293.92,21.137,1.38074
1393801200,1338.13,1354.61,1336.1,1350.49,1845.73,300.16,21.422,1.37348
1393887600,1350.49,1352.47,1331.17,1336.23,1873.91,296.48,21.205,1.37433
1393974000,1336.23,1341.72,1332.6,1335.94,1873.81,289.92,21.175,1.37333
1394060400,1335.94,1353.56,1331.09,1349.71,1877.03,292.56,21.488,1.38609
1394146800,1349.71,1352.81,1327.85,1339.9,1878.04,294.24,20.88,1.38715
1394402400,1338.13,1344.47,1327.94,1340.33,1877.17,290.4,20.833,1.38764
1394488800,1340.33,1352.43,1337.64,1347.48,1867.63,286.48,20.885,1.38598
1394575200,1347.48,1370.77,1345.31,1366.2,1868.2,282.8,21.262,1.39027
1394661600,1366.2,1374.85,1364.41,1373.27,1846.34,282.72,21.228,1.38685
1394748000,1373.27,1387.81,1367.78,1382.55,1841.13,284.24,21.415,1.39068
1395007200,1386.5,1388.43,1361.87,1366.38,1858.83,281.2,21.2,1.39219
1395093600,1366.38,1367.49,1350.65,1356.07,1872.25,284.64,20.827,1.39339
1395180000,1356.07,1359.56,1325.71,1328.25,1860.77,285.68,20.608,1.38326
1395266400,1328.25,1334.54,1320.41,1330.92,1872.01,284.64,20.328,1.37785
1395352800,1330.92,1342.34,1329.01,1334.55,1866.52,286.72,20.305,1.37923
1395612000,1332.2,1334.2,1307.82,1311.26,1857.44,286.56,19.902,1.38391
1395698400,1311.26,1317.22,1305.58,1309.74,1865.62,286.16,19.957,1.38267
1395784800,1309.74,1316.25,1298.58,1306.26,1852.56,288.72,19.838,1.37789
1395871200,1306.26,1306.72,1288.98,1293.08,1849.04,292,19.734,1.37404
1395957600,1293.08,1298.64,1285.59,1294.9,1857.62,292.96,19.815,1.37559
1396216800,1295.99,1298.45,1282.35,1284.39,1872.34,292.72,19.747,1.37688
1396303200,1284.39,1287.9,1277.6,1281.09,1885.52,286.64,19.758,1.37933
1396389600,1281.09,1294.43,1280.4,1290.76,1890.9,286.4,20.003,1.37673
1396476000,1290.76,1293.83,1281.52,1284.91,1888.77,289.12,19.816,1.37199
1396562400,1284.91,1306.59,1284.12,1303.18,1865.09,291.44,19.94,1.37017
1396821600,1303.73,1304.06,1295.55,1298.44,1845.04,290.24,19.927,1.37417
1396908000,1298.44,1314.26,1296.86,1309.73,1851.96,295.2,20.027,1.37971
1396994400,1309.73,1314.95,1300.77,1310.9,1872.18,297.76,19.9,1.38551
1397080800,1310.9,1324.41,1310.77,1318.09,1833.08,297.6,20.015,1.38862
1397167200,1318.09,1323.74,1314.06,1318.05,1815.69,297.44,19.975,1.3885
1397426400,1326.35,1331.02,1318.67,1325.6,1830.61,299.04,19.957,1.38208
1397512800,1325.6,1326.54,1285.08,1302.66,1842.98,299.12,19.533,1.38146
1397599200,1302.66,1306.89,1293.45,1303.59,1862.31,299.84,19.641,1.38156
1397685600,1303.59,1304.01,1293.05,1295.01,1864.85,301.28,19.615,1.38138
1397772000,1295.01,1295.01,1295.01,1295.01,1864.85,301.28,19.615,1.38115
1398031200,1291.55,1301.46,1281.84,1289.55,1871.89,301.12,19.423,1.37929
1398117600,1289.55,1292.7,1276.14,1284.7,1879.55,296,19.425,1.38052
1398204000,1284.7,1288.88,1280.82,1283.97,1875.39,295.28,19.433,1.3817
1398290400,1283.97,1298.58,1268.42,1291.44,1878.61,296.4,19.664,1.38316
1398376800,1291.44,1304.94,1290.32,1302.85,1863.4,292.8,19.68,1.38318
1398636000,1303.93,1306.36,1291.88,1296.41,1869.43,293.68,19.582,1.3851
1398722400,1296.41,1301.27,1286.17,1295.98,1878.33,293.76,19.47,1.38121
1398808800,1295.98,1297.95,1284.86,1291.56,1883.95,290.56,19.167,1.3867
1398895200,1291.56,1291.79,1277.22,1283.99,1883.68,289.28,19.033,1.38695
1398981600,1283.99,1304.44,1273.8,1299.48,1881.14,290.32,19.465,1.38707
1399240800,1300.36,1315.44,1300.04,1310.94,1884.66,289.12,19.569,1.38753
1399327200,1310.94,1313.95,1304.25,1307.28,1867.72,289.52,19.583,1.39277
1399413600,1307.28,1314.39,1286.48,1290.28,1878.21,292.8,19.322,1.39103
1399500000,1290.28,1295.27,1284.89,1290.79,1875.63,291.92,19.19,1.38401
1399586400,1290.79,1294.27,1285.4,1288.5,1878.48,291.2,19.145,1.37596
1399845600,1283.25,1303.67,1282.01,1295.47,1896.65,292.72,19.523,1.37571
1399932000,1295.47,1298.62,1288.98,1294.85,1897.45,296.32,19.551,1.37035
1400018400,1294.85,1308.92,1291.43,1305.16,1888.53,297.44,19.768,1.37144
1400104800,1305.16,1307.01,1290.78,1296.95,1870.85,296.32,19.502,1.371
1400191200,1296.95,1298.13,1287.7,1293.2,1877.86,297.84,19.35,1.36959
1400450400,1292.62,1305.25,1291.54,1293.41,1885.08,299.04,19.357,1.37091
1400536800,1293.41,1296.7,1285.82,1294.66,1872.83,300.16,19.405,1.37014
1400623200,1294.66,1296.12,1283.24,1291.48,1888.03,303.84,19.376,1.36867
1400709600,1291.48,1303.59,1289.96,1293.98,1892.49,304.08,19.487,1.36556
1400796000,1293.98,1295.39,1286.59,1292.28,1900.53,305.44,19.435,1.36279
1401055200,1291.38,1294.04,1290.95,1292.21,1900.53,305.44,19.415,1.3646
1401141600,1292.21,1293.25,1263.05,1263.32,1911.91,305.12,19.063,1.36344
1401228000,1263.32,1267.09,1255.85,1257.47,1909.78,301.44,19.014,1.35912
1401314400,1257.47,1260.34,1251.37,1256.76,1920.03,303.28,19.053,1.36021
1401400800,1256.76,1260.26,1242.13,1249.34,1923.57,301.44,18.795,1.36336
1401660000,1247.01,1250.64,1240.94,1244.93,1924.97,300.24,18.791,1.35967
1401746400,1244.93,1247.54,1240.48,1245.29,1924.24,301.12,18.804,1.36277
1401832800,1245.29,1248.93,1242.74,1244.24,1927.88,300.08,18.798,1.35986
1401919200,1244.24,1257.38,1240.99,1252.67,1940.46,300.4,19.035,1.36605
1402005600,1252.67,1257.7,1245.82,1252.99,1949.44,300.88,19.001,1.36436
1402264800,1253.98,1256.9,1250.19,1252.05,1951.27,305.44,19.052,1.35936
1402351200,1252.05,1263.44,1251.03,1259.75,1950.79,306.24,19.186,1.35473
1402437600,1259.75,1265.08,1258.47,1261.31,1943.89,306,19.212,1.35315
1402524000,1261.31,1274.71,1259.79,1272.7,1930.11,312.64,19.532,1.35526
1402610400,1272.7,1277.77,1270.67,1276.59,1936.16,312.96,19.662,1.35378
1402869600,1278.32,1284.76,1270.53,1272.08,1937.78,313.36,19.672,1.35735
1402956000,1272.08,1273.15,1258.48,1270.82,1941.99,311.92,19.737,1.35471
1403042400,1270.82,1278.5,1266.23,1278.43,1956.98,312.08,19.913,1.35957
1403128800,1278.43,1321.91,1275.86,1314.49,1959.48,313.04,20.705,1.36077
1403215200,1314.49,1319.65,1306.37,1314.5,1962.87,314.56,20.846,1.35971
1403474400,1313.49,1318.37,1309.86,1314.12,1962.61,313.28,20.823,1.36045
1403560800,1314.12,1325.82,1313.89,1318.22,1949.98,312.72,20.893,1.36063
1403647200,1318.22,1324.73,1309.36,1318.45,1959.53,314.32,21.006,1.3629
1403733600,1318.45,1319.66,1306.1,1315.71,1957.22,311.76,21.081,1.36113
1403820000,1315.71,1322.13,1312.56,1315.92,1960.96,311.84,20.939,1.36483
1404079200,1314.84,1329.32,1310.2,1326.26,1960.23,311.04,21.021,1.36923
1404165600,1326.26,1333.44,1323.65,1325.54,1973.32,310.88,21.024,1.36791
1404252000,1325.54,1331.88,1321.2,1325.56,1974.62,307.2,21.126,1.36595
1404338400,1325.56,1326.54,1309.26,1319.75,1985.44,306,21.143,1.36104
1404424800,1319.75,1323,1318.51,1320.23,1985.44,306,21.121,1.35932
1404684000,1317.41,1319.81,1311.37,1317.9,1977.65,305.36,21,1.36046
1404770400,1317.9,1324.68,1313.33,1318,1963.71,305.44,21.009,1.36121
1404856800,1318,1332.1,1317.74,1327.07,1972.83,301.52,21.093,1.36415
1404943200,1327.07,1344.92,1327,1336.14,1964.68,303.2,21.415,1.36088
1405029600,1336.14,1339.08,1333.61,1338.42,1967.57,297.28,21.422,1.36097
1405288800,1338.62,1338.79,1303.14,1309.02,1977.1,298.56,20.919,1.3619
1405375200,1309.02,1313.62,1292.07,1295.43,1973.28,295.04,20.699,1.35683
1405461600,1295.43,1303.59,1294.85,1299.13,1981.57,298.48,20.735,1.35254
1405548000,1299.13,1324.56,1298.74,1319.58,1958.12,302.64,21.163,1.35264
1405634400,1319.58,1320.03,1304.45,1310.63,1978.22,301.76,20.855,1.35235
1405893600,1310.6,1318.26,1307.26,1311.04,1973.63,304.8,20.893,1.35238
1405980000,1311.04,1315.74,1301.92,1307.73,1983.53,303.6,20.955,1.34658
1406066400,1307.73,1311.13,1302.99,1304.17,1987.01,305.28,20.893,1.34638
1406152800,1304.17,1304.72,1287.55,1292.85,1987.98,302.56,20.337,1.34637
1406239200,1292.85,1308.44,1290.81,1306.86,1978.34,302.16,20.711,1.34287
1406498400,1305.81,1309.06,1301.23,1304.13,1978.91,301.12,20.575,1.34396
1406584800,1304.13,1312.08,1296.05,1299.24,1969.95,299.12,20.572,1.34086
1406671200,1299.24,1303.56,1291.62,1295.53,1970.07,295.36,20.58,1.33968
1406757600,1295.53,1297.19,1280.8,1282.94,1930.67,290.52,20.359,1.33906
1406844000,1282.94,1297,1280.27,1293.56,1925.15,289.52,20.305,1.34246
1407103200,1293.94,1295.24,1285.99,1288.44,1938.99,291.84,20.172,1.34218
1407189600,1288.44,1293.85,1282.37,1288.37,1920.21,289.28,19.77,1.33763
1407276000,1288.37,1309.26,1287.93,1305.92,1920.24,287.6,20.035,1.33825
1407362400,1305.92,1314.34,1301.87,1311.15,1909.57,289.28,19.949,1.33633
1407448800,1311.15,1322.52,1305.33,1309.28,1931.59,288.96,19.87,1.34105
1407708000,1309.55,1311.17,1305.06,1307.69,1936.92,288.96,20.01,1.3385
1407794400,1307.69,1317.7,1305.56,1308.6,1933.75,287.92,19.919,1.33694
1407880800,1308.6,1314.89,1304.77,1311.54,1946.72,288.16,19.832,1.33644
1407967200,1311.54,1319.27,1308.64,1312.86,1955.18,280.88,19.875,1.3365
1408053600,1312.86,1315.03,1292.5,1304.48,1955.06,283.52,19.55,1.33963
1408312800,1301.63,1303.57,1295.48,1297.96,1971.74,280.48,19.61,1.33636
1408399200,1297.96,1302.26,1293.77,1294.68,1981.6,277.68,19.438,1.33201
1408485600,1294.68,1297.85,1287.74,1290.14,1986.51,278.88,19.466,1.32592
1408572000,1290.14,1290.41,1272.76,1277.56,1992.37,280.72,19.453,1.3281
1408658400,1277.56,1282.81,1274.04,1280.82,1988.4,279.68,19.405,1.32409
1408917600,1277.35,1280.74,1274.35,1276.06,1997.92,278.96,19.361,1.31923
1409004000,1276.06,1290.75,1275.73,1280.94,2000.02,280.32,19.383,1.31675
1409090400,1280.94,1287.24,1280.6,1283.32,2000.12,280.24,19.472,1.3193
1409176800,1283.32,1296.39,1282.92,1290.31,1996.74,282.56,19.524,1.31823
1409263200,1290.31,1291.25,1283.3,1286.97,2003.37,286.08,19.43,1.31403
1409522400,1286.6,1289.78,1284.69,1286.33,2003.37,286.08,19.463,1.31284
1409608800,1286.33,1286.5,1262.31,1266.76,2002.28,278.32,19.206,1.3133
1409695200,1266.76,1271.25,1261.15,1269.12,2000.72,284.4,19.177,1.31503
1409781600,1269.12,1277.16,1257.18,1258.88,1997.65,282.4,19.035,1.2944
1409868000,1258.88,1273.63,1258.27,1268.82,2007.71,279.2,19.16,1.29511
1410127200,1266.81,1271.65,1251.37,1256.02,2001.54,277.6,19.023,1.28947
1410213600,1256.02,1258.03,1247.42,1254.86,1988.44,276.96,19.029,1.29374
1410300000,1254.86,1257.62,1243.7,1248.82,1995.69,274.08,18.946,1.2917
1410386400,1248.82,1250,1234.87,1240.32,1997.45,277.52,18.672,1.29244
1410472800,1240.32,1240.58,1227.45,1229.41,1985.54,275.04,18.612,1.29523
1410732000,1228.16,1238.36,1227.69,1233.31,1984.13,276.48,18.649,1.29402
1410818400,1233.31,1241.84,1231.66,1234.97,1998.98,282,18.709,1.29602
1410904800,1234.97,1239.35,1216.04,1219.69,2001.57,280.08,18.511,1.28651
1410991200,1219.69,1227.75,1215.72,1224.77,2011.36,276.96,18.513,1.29227
1411077600,1224.77,1228.48,1213.58,1215.43,2010.4,276.56,17.8,1.28312
1411336800,1215.97,1220.32,1208.05,1214.87,1994.29,273.52,17.728,1.28494
1411423200,1214.87,1235.36,1214.13,1221.79,1982.77,275.52,17.757,1.28467
1411509600,1221.79,1225.96,1214.99,1215.69,1998.3,280,17.665,1.27803
1411596000,1215.69,1224.36,1206.84,1222.53,1965.99,278.64,17.543,1.27506
1411682400,1222.53,1231.18,1212.21,1218.06,1982.85,281.28,17.621,1.2686
1411941600,1216.62,1223.2,1214.8,1216.39,1977.8,284.16,17.477,1.26852
1412028000,1216.39,1220.01,1204.34,1207.87,1972.29,275.28,16.952,1.26304
1412114400,1207.87,1219.29,1204.53,1215.12,1946.16,273.2,17.218,1.26231
1412200800,1215.12,1222.33,1208.58,1213.27,1946.17,274.96,17.073,1.26687
1412287200,1213.27,1213.44,1189.9,1190.92,1967.9,270.16,16.81,1.25136
1412546400,1186.21,1208.95,1182.95,1206.57,1964.82,272.32,17.335,1.26552
1412632800,1206.57,1213.35,1202.84,1209.99,1935.1,267.52,17.208,1.2669
1412719200,1209.99,1224.01,1204.84,1219.67,1968.89,264,17.38,1.27341
1412805600,1219.67,1233.26,1218.91,1223.36,1928.21,256.88,17.321,1.26909
1412892000,1223.36,1225.37,1217.29,1222.83,1906.13,257.44,17.37,1.26172
1413151200,1230.87,1237.67,1224.94,1235.26,1874.74,255.92,17.473,1.27519
1413237600,1235.26,1238.06,1228.69,1229.15,1877.7,246.8,17.318,1.26586
1413324000,1229.15,1249.58,1221.74,1240.08,1862.49,245.36,17.451,1.2838
1413410400,1240.08,1245.08,1235.52,1238.39,1862.76,248.8,17.373,1.28092
1413496800,1238.39,1241.58,1231.57,1237.98,1886.76,250,17.255,1.27608
1413756000,1234.49,1248.53,1234.49,1245.69,1904.01,249.12,17.39,1.28
1413842400,1245.69,1255.1,1245.21,1248.45,1941.28,250.4,17.511,1.27161
1413928800,1248.45,1249.23,1240.35,1242.42,1927.11,244.4,17.182,1.26499
1414015200,1242.42,1244.46,1226.22,1231.28,1950.82,248.48,17.177,1.26463
1414101600,1231.28,1234.09,1228.68,1230.71,1964.58,247.04,17.18,1.26696
1414360800,1227.91,1231.88,1225.25,1226.06,1961.63,245.12,17.117,1.26984
1414447200,1226.06,1235.43,1222.38,1228.89,1985.05,246.56,17.238,1.27345
1414533600,1228.89,1230.43,1208.16,1212.46,1982.3,249.84,17.114,1.2632
1414620000,1212.46,1215.53,1195.83,1200.08,1994.65,246.08,16.505,1.26133
1414706400,1200.08,1202.64,1161.13,1172.55,2018.05,245.04,16.126,1.25342
1414969200,1166.19,1173.7,1161.51,1165.04,2017.81,238.08,16.105,1.24821
1415055600,1165.04,1174.8,1163.8,1168.83,2012.1,234.4,16.031,1.25462
1415142000,1168.83,1169.23,1137.64,1143.38,2023.57,239.6,15.384,1.24858
1415228400,1143.38,1149.44,1138.04,1140.43,2031.21,236.8,15.366,1.2375
1415314800,1140.43,1178.6,1131.09,1177.7,2031.92,238.08,15.755,1.24591
1415574000,1170.4,1177.13,1147.24,1155.27,2038.26,234.72,15.652,1.24206
1415660400,1155.27,1173.16,1146.03,1161.64,2039.68,235.36,15.708,1.24754
1415746800,1161.64,1170.01,1157.18,1158.87,2038.25,233.12,15.63,1.24382
1415833200,1158.87,1167.84,1153.72,1160.75,2039.33,226.32,15.615,1.24765
1415919600,1160.75,1193.48,1146.8,1188.49,2039.82,230.64,16.277,1.25265
1416178800,1182.05,1194.12,1181.38,1186.13,2041.32,229.432,16.142,1.245
1416265200,1186.13,1204.57,1183.34,1194.93,2051.8,225.6,16.148,1.2536
1416351600,1194.93,1202.1,1175.04,1182.04,2048.72,226,16.123,1.25539
1416438000,1182.04,1196.97,1176.71,1193.03,2052.75,229.84,16.233,1.25388
1416524400,1193.03,1207.67,1186.74,1201.2,2063.5,232.8,16.413,1.23888
1416783600,1201.45,1203.59,1192.68,1197.08,2069.41,229.92,16.492,1.24421
1416870000,1197.08,1202.79,1190.33,1201.13,2067.03,224.24,16.668,1.24744
1416956400,1201.13,1201.53,1194.78,1197.56,2072.83,223.2,16.517,1.25059
1417042800,1197.56,1199.56,1185.57,1189.34,2072.83,223.2,16.235,1.24679
1417129200,1189.34,1190.78,1165.18,1166.85,2067.56,204.64,15.425,1.24461
1417388400,1150.93,1221,1146.67,1205.83,2053.44,210.52,16.347,1.24696
1417474800,1205.83,1210.53,1191.94,1197.64,2066.55,204.64,16.441,1.23832
1417561200,1197.64,1214.96,1194.48,1207.98,2074.33,204.64,16.392,1.23109
1417647600,1207.98,1213.22,1201.18,1204.29,2071.92,202.72,16.438,1.23785
1417734000,1204.29,1207.46,1186.17,1191.98,2075.37,199.68,16.275,1.22881
1417993200,1189.15,1208.76,1188.5,1202.93,2060.31,191.28,16.35,1.2317
1418079600,1202.93,1238.12,1199.29,1229.06,2059.82,193.6,17.058,1.2374
1418166000,1229.06,1238.1,1224.56,1229.48,2026.14,186.24,17.075,1.24482
1418252400,1229.48,1232.63,1215.83,1226.53,2035.33,181.44,17.093,1.24112
1418338800,1226.53,1227.27,1214.28,1222.29,2002.33,175.44,17.005,1.24576
1418598000,1221.76,1224.05,1190.56,1198.53,1989.63,168.48,16.249,1.24373
1418684400,1198.53,1223.42,1187.44,1197.64,1972.74,170.4,15.752,1.25106
1418770800,1197.64,1202.85,1183.62,1190.27,2012.89,170.72,15.74,1.23422
1418857200,1190.27,1213.77,1189.08,1196.57,2061.23,165.92,15.855,1.22863
1418943600,1196.57,1201.19,1193.58,1195.44,2070.65,175.68,16.051,1.22285
1419202800,1195.49,1203.28,1170.67,1173.84,2078.54,167.36,15.588,1.22299
1419289200,1173.84,1184.83,1172.5,1178.28,2082.17,172.48,15.736,1.21726
1419375600,1178.28,1181.02,1172.78,1174.95,2081.88,168.4,15.744,1.22015
1419462000,1174.95,1178.91,1174.84,1176.97,2081.88,168.4,15.787,1.22015
1419548400,1176.97,1199.05,1176.5,1195.73,2088.77,166.24,16.022,1.21775
1419807600,1193.76,1197.36,1178.76,1181.68,2090.57,162.4,15.772,1.21527
1419894000,1181.68,1210.66,1180.64,1199.39,2080.35,162.344,16.229,1.21553
1419980400,1199.39,1203.72,1179.63,1184.08,2058.9,162.88,15.624,1.20999
1420066800,1184.08,1187.48,1183.99,1186.71,2058.9,162.88,15.814,1.20999
1420153200,1186.71,1194.93,1167.02,1188.43,2058.2,159.12,15.713,1.20043
1420412400,1183.85,1207.32,1182.85,1203.2,2020.58,150.32,16.142,1.19329
1420498800,1203.2,1222.96,1201.55,1216.07,2002.61,144.4,16.44,1.18894
1420585200,1216.07,1218.52,1208.9,1212.3,2025.9,146.952,16.548,1.18393
1420671600,1212.3,1216.51,1204.58,1208.06,2062.14,148.4,16.357,1.17927
1420758000,1208.06,1223.85,1207.09,1222.9,2044.81,146.24,16.465,1.1841
1421017200,1225.47,1235.77,1217.48,1231.23,2028.26,139.28,16.56,1.18336
1421103600,1231.23,1244.08,1227.16,1232.96,2023.03,140.96,17.048,1.1773
1421190000,1232.96,1244.26,1224.93,1230.86,2011.27,146.16,16.847,1.17891
1421276400,1230.86,1266.58,1225.92,1261.83,1992.67,139.6,17.005,1.16317
1421362800,1261.83,1281.88,1254.9,1280.3,2019.42,146.64,17.775,1.15659
1421622000,1278.61,1279.07,1271.97,1275.5,2019.42,146.64,17.664,1.16061
1421708400,1275.5,1296.97,1273.94,1292.01,2022.55,139.84,17.904,1.15494
1421794800,1292.01,1305.2,1284.51,1291.84,2032.12,142.16,18.091,1.16101
1421881200,1291.84,1307.59,1279.49,1300.8,2063.15,139.28,18.298,1.1366
1421967600,1300.8,1301.81,1284.27,1294.08,2051.82,136,18.268,1.12151
1422226800,1296.81,1299.1,1275.77,1279.82,2057.09,134.96,17.918,1.12387
1422313200,1279.82,1297.42,1272.22,1293.35,2029.55,137.68,18.046,1.13797
1422399600,1293.35,1293.56,1279.69,1284.89,2002.16,132.48,17.962,1.12876
1422486000,1284.89,1285.75,1252.01,1260.64,2021.25,133.44,16.974,1.13201
1422572400,1260.64,1284.67,1257.07,1283.39,1994.99,142.56,17.226,1.12896
1422831600,1280.61,1283.21,1266.2,1274.54,2020.85,148.96,17.195,1.13409
1422918000,1274.54,1285.64,1255.39,1261.39,2050.03,156.96,17.276,1.1479
1423004400,1261.39,1273.91,1256.59,1272.35,2041.51,146.24,17.395,1.13448
1423090800,1272.35,1273.62,1256.31,1265.28,2062.52,152.24,17.246,1.14768
1423177200,1265.28,1268.64,1228.22,1233.76,2055.47,155.76,16.7,1.1319
1423436400,1237.87,1243.46,1235.04,1238.62,2046.74,158.16,17,1.13242
1423522800,1238.62,1245.76,1230.89,1233.4,2068.59,151.52,16.9,1.13211
1423609200,1233.4,1238.58,1216.45,1220.45,2068.53,148.08,16.823,1.13367
1423695600,1220.45,1232.82,1219.02,1223.52,2088.48,153.44,16.867,1.14029
1423782000,1223.52,1234.72,1222.72,1229.42,2096.99,156.96,17.335,1.1396
1424041200,1228.88,1236.58,1228.64,1231.77,2096.99,156.96,17.275,1.13548
1424127600,1231.77,1233.85,1203.67,1209.31,2100.34,158.32,16.492,1.14116
1424214000,1209.31,1214.09,1197.52,1213.08,2099.68,154.08,16.524,1.13968
1424300400,1213.08,1222.83,1205.34,1208.8,2097.45,152.8,16.406,1.13681
1424386800,1208.8,1215.19,1198.24,1201.58,2110.3,149.2,16.215,1.13771
1424646000,1202.26,1210.22,1190.23,1203.04,2109.66,144.88,16.336,1.13346
1424732400,1203.04,1204.9,1190.18,1204.78,2115.48,144.32,16.411,1.134
1424818800,1204.78,1211.75,1200.98,1205.5,2113.86,149.2,16.534,1.13613
1424905200,1205.5,1219.84,1203.53,1210.04,2110.74,144.24,16.591,1.11978
1424991600,1210.04,1219.21,1204.38,1213.06,2104.5,144.8,16.565,1.11924
1425250800,1213.99,1223.12,1204.55,1206.83,2117.39,146.56,16.415,1.11834
1425337200,1206.83,1214.65,1195.28,1204.55,2107.78,147.92,16.315,1.11763
1425423600,1204.55,1208.85,1198.17,1202.12,2098.53,152.08,16.221,1.10786
1425510000,1202.12,1209.33,1196.38,1200.05,2101.04,149.68,16.215,1.10292
1425596400,1200.05,1200.59,1163.66,1167.04,2071.26,145.92,15.875,1.08467
1425852000,1169.59,1175.25,1165.72,1166.54,2079.43,146.8,15.72,1.0852
1425938400,1166.54,1170.38,1155.16,1163.84,2044.16,143.28,15.662,1.06979
1426024800,1163.84,1165.08,1147.45,1155.45,2040.24,142.16,15.499,1.05473
1426111200,1155.45,1166.45,1148.56,1154.02,2065.95,139.52,15.598,1.06346
1426197600,1154.02,1161.65,1151.3,1158.17,2053.4,134.4008,15.62,1.04862
1426456800,1156.81,1164.01,1150.28,1156.31,2081.19,130.8,15.641,1.05684
1426543200,1156.31,1159.67,1142.65,1149.65,2074.28,127.68,15.538,1.05971
1426629600,1149.65,1175.65,1145.85,1171.55,2099.5,134.08,15.959,1.08644
1426716000,1171.55,1177.74,1159.45,1171.91,2089.27,128.64,16.142,1.06598
1426802400,1171.91,1187.79,1168.67,1182.43,2108.1,131.44,16.7,1.08044
1427061600,1186.35,1191.45,1179.25,1189.51,2104.42,134.24,16.97,1.09457
1427148000,1189.51,1194.87,1185.27,1191.65,2091.5,134.32,16.909,1.09242
1427234400,1191.65,1199.56,1186.55,1194.85,2061.05,138.88,16.921,1.09701
1427320800,1194.85,1219.51,1194.37,1203.15,2056.15,145.68,17.062,1.0884
1427407200,1203.15,1206.09,1192.48,1198.48,2061.02,137.12,16.923,1.08883
1427666400,1197.14,1198.2,1182.33,1185.86,2086.24,137.84,16.715,1.08332
1427752800,1185.86,1190.62,1178.39,1183.55,2067.89,134.72,16.625,1.07314
1427839200,1183.55,1208.42,1180.73,1203.82,2059.69,140.64,16.951,1.07629
1427925600,1203.82,1207.22,1194.9,1202.37,2066.96,140.48,16.75,1.08799
1428012000,1202.37,1211.2,1202,1208.62,2066.96,140.48,17.023,1.09671
1428271200,1217.73,1224.08,1213.83,1214.59,2080.62,147.44,16.955,1.09219
1428357600,1214.59,1214.73,1207.4,1208.86,2076.33,152.48,16.823,1.08149
1428444000,1208.86,1212.22,1197.44,1201.12,2081.9,144.56,16.47,1.07805
1428530400,1201.12,1202.48,1192.48,1194.36,2091.18,144.24,16.185,1.06594
1428616800,1194.36,1210.63,1193.09,1206.78,2102.06,147.28,16.43,1.05977
1428876000,1207.89,1209.38,1196.26,1199.11,2092.43,148,16.275,1.05671
1428962400,1199.11,1201.35,1183.88,1193.82,2095.84,150.56,16.179,1.06548
1429048800,1193.82,1204.92,1188.81,1204.71,2106.63,157.68,16.362,1.0684
1429135200,1204.71,1208.97,1194.62,1199,2104.99,159.52,16.285,1.07615
1429221600,1199,1207.71,1197.28,1203.04,2081.18,158.72,16.245,1.08083
1429480800,1206.41,1209.05,1191.27,1195.97,2100.4,159.12,15.949,1.07377
1429567200,1195.97,1204.14,1193.04,1201.75,2097.29,155.6,16.01,1.07358
1429653600,1201.75,1204.71,1184.98,1188.9,2107.96,154.88,15.823,1.07254
1429740000,1188.9,1197.87,1184.22,1193.71,2112.93,158.08,15.876,1.0824
1429826400,1193.71,1195.9,1174.85,1179.05,2117.69,157.36,15.715,1.08616
1430085600,1179.84,1207.08,1178.49,1199.77,2108.92,156.16,16.329,1.08906
1430172000,1199.77,1214.93,1199.18,1211.62,2114.76,156.8,16.585,1.09812
1430258400,1211.62,1213.95,1201.31,1204.54,2106.85,160.96,16.544,1.11284
1430344800,1204.54,1207.12,1176.95,1184.35,2085.51,164.08,16.102,1.1224
1430431200,1184.35,1185.12,1169.53,1178.05,2108.29,163.2,16.125,1.12161
1430690400,1178.46,1192.71,1177.75,1188.32,2114.49,162.24,16.449,1.11473
1430776800,1188.32,1199.68,1185.64,1195.18,2089.46,166.08,16.585,1.11854
1430863200,1195.18,1197.54,1188.14,1190.25,2080.15,166.56,16.486,1.13466
1430949600,1190.25,1191.24,1178.79,1184.17,2088,161.6,16.314,1.12664
1431036000,1184.17,1193.47,1181.62,1187.87,2116.1,163.36,16.42,1.12037
1431295200,1189.82,1191.57,1178.87,1183.7,2105.33,163.04,16.281,1.11551
1431381600,1183.7,1197.04,1180.73,1192.31,2099.12,165.92,16.519,1.12133
1431468000,1192.31,1218.76,1191.17,1213.54,2098.48,164.88,17.107,1.13545
1431554400,1213.54,1227.03,1212.24,1220.97,2121.1,164.24,17.483,1.14102
1431640800,1220.97,1226.05,1210.92,1223.69,2122.73,164.16,17.468,1.1441
1431900000,1223.72,1232.26,1221.52,1224.13,2129.2,163.52,17.679,1.13152
1431986400,1224.13,1224.59,1205.64,1209.31,2127.83,157.04,17.107,1.11498
1432072800,1209.31,1213.35,1203.21,1209.89,2125.85,158.72,17.093,1.10961
1432159200,1209.89,1212.66,1201.41,1205.83,2130.82,164,17.151,1.11124
1432245600,1205.83,1214.75,1201.44,1205.8,2126.06,162,17.08,1.10138
1432504800,1203.9,1209.2,1202.77,1206.74,2126.06,162,17.093,1.09772
1432591200,1206.74,1206.92,1185.46,1188.29,2104.2,157.52,16.745,1.08732
1432677600,1188.29,1190.81,1183.58,1187.42,2123.48,155.84,16.67,1.0904
1432764000,1187.42,1192.05,1180.4,1188.74,2120.79,156.48,16.718,1.09477
1432850400,1188.74,1193.72,1185.52,1190.23,2107.39,162.48,16.72,1.09847
1433109600,1191.21,1204.15,1184.47,1188.95,2111.73,162.88,16.74,1.09259
1433196000,1188.95,1196.26,1185.87,1193.54,2109.6,165.44,16.77,1.11513
1433282400,1193.54,1195.28,1179.38,1185.52,2114.07,161.36,16.496,1.12752
1433368800,1185.52,1186.12,1172.8,1177.67,2095.84,157.28,16.165,1.12382
1433455200,1177.67,1178.37,1162.63,1171.35,2092.83,159.2,16.085,1.11193
1433714400,1171.18,1177.53,1169.45,1173.42,2079.28,157.68,15.952,1.12913
1433800800,1173.42,1182.84,1173.09,1177.19,2080.15,161.68,15.984,1.12827
1433887200,1177.19,1192.22,1175.17,1186.21,2105.2,165.12,16.025,1.13241
1433973600,1186.21,1187.83,1175.57,1181.59,2108.86,163.92,16.015,1.12577
1434060000,1181.59,1184.26,1176.66,1181.35,2094.11,162.16,15.941,1.12572
1434319200,1183.88,1190.39,1172.73,1185.92,2084.43,161.2,16.071,1.12838
1434405600,1185.92,1187.75,1175.98,1182.06,2096.29,162.08,16,1.1248
1434492000,1182.06,1189.04,1174.51,1184.91,2100.44,161.68,16.084,1.13381
1434578400,1184.91,1205.61,1183.97,1200.38,2121.24,162.88,16.179,1.13588
1434664800,1200.38,1204.09,1198.26,1199.95,2109.99,160.16,16.1,1.13445
1434924000,1198.89,1199.97,1182.06,1185.73,2122.85,161.28,16.166,1.13406
1435010400,1185.73,1188.03,1176.16,1178.65,2124.2,163.76,15.831,1.11675
1435096800,1178.65,1180.2,1170.69,1175.32,2108.58,161.68,15.899,1.12055
1435183200,1175.32,1177.97,1171.55,1174.32,2102.31,159.84,15.879,1.12054
1435269600,1174.32,1178.54,1168.53,1175.07,2101.49,159.84,15.781,1.11699
1435528800,1185.45,1186.99,1173.81,1179.06,2057.64,156.08,15.738,1.12364
1435615200,1179.06,1180.4,1166.72,1171.99,2063.11,159.04,15.672,1.11417
1435701600,1171.99,1174.99,1167.48,1168.17,2077.42,152.8,15.555,1.10529
1435788000,1168.17,1169.44,1156.98,1165.87,2076.78,151.44,15.662,1.10843
1435874400,1165.87,1170.14,1165.36,1168.35,2076.78,151.44,15.66,1.1096
1436133600,1173.11,1174.34,1162.82,1169.37,2068.76,141.84,15.699,1.10563
1436220000,1169.37,1169.8,1147.85,1154.42,2081.34,142.08,15.084,1.10112
1436306400,1154.42,1164.57,1147.11,1156.73,2046.68,139.04,15.1,1.10769
1436392800,1156.73,1167.64,1155.91,1158.03,2051.31,141.68,15.403,1.10373
1436479200,1158.03,1165.34,1157.72,1163.26,2076.62,141.36,15.564,1.11509
1436738400,1162.43,1164.16,1151.06,1156.49,2099.6,140.08,15.462,1.10042
1436824800,1156.49,1159.69,1152.83,1156.09,2108.95,141.76,15.348,1.10089
1436911200,1156.09,1156.42,1143.08,1147.97,2107.4,137.84,15.046,1.09484
1436997600,1147.97,1148.73,1142.22,1144.54,2124.29,136.4,14.999,1.08748
1437084000,1144.54,1145.65,1131.06,1134.31,2126.64,135.92,14.878,1.08405
1437343200,1132.12,1132.85,1084.38,1099.28,2128.28,133.52,14.661,1.08253
1437429600,1099.28,1109.75,1098.19,1099.54,2119.21,135.28,14.814,1.09354
1437516000,1099.54,1102.62,1086.97,1094.05,2114.15,130.72,14.775,1.09288
1437602400,1094.05,1105.63,1087.17,1090.82,2102.15,129.12,14.643,1.09841
1437688800,1090.82,1101.46,1077.15,1098.91,2079.65,128.24,14.66,1.09805
1437948000,1097.24,1104.92,1088.29,1094.2,2067.64,125.2,14.565,1.10882
1438034400,1094.2,1098.91,1091.52,1095.8,2093.25,126.8,14.691,1.10602
1438120800,1095.8,1101.88,1090.35,1097.45,2108.57,129.92,14.844,1.09839
1438207200,1097.45,1098.57,1082.44,1088.97,2108.63,128.8,14.723,1.09318
1438293600,1088.97,1103.36,1079.94,1094.95,2103.84,124.72,14.755,1.09834
1438552800,1093.15,1097.64,1083.78,1084.19,2098.04,120.8,14.47,1.09503
1438639200,1084.19,1094.58,1080.91,1085.67,2093.32,121.76,14.546,1.08814
1438725600,1085.67,1092.44,1082.85,1084.92,2099.84,120.24,14.589,1.09058
1438812000,1084.92,1093.9,1083.39,1089.22,2083.56,118.96,14.654,1.0925
1438898400,1089.22,1099.42,1082.71,1093.75,2077.57,116.48,14.8,1.0956
1439157600,1091.76,1108.81,1089.59,1105.7,2104.18,119.12,15.287,1.10188
1439244000,1105.7,1119.3,1093.73,1108.56,2084.07,115.92,15.319,1.10423
1439330400,1108.56,1125.51,1101.71,1123.97,2086.05,115.52,15.528,1.11584
1439416800,1123.97,1126.63,1113.5,1114.33,2083.39,112.72,15.401,1.11496
1439503200,1114.33,1120.94,1111.7,1114.57,2091.54,111.92,15.24,1.11136
1439762400,1114.26,1122.7,1113.83,1116.97,2102.44,111.12,15.31,1.10775
1439848800,1116.97,1121.08,1109.54,1117.57,2096.92,112.4,14.873,1.10232
1439935200,1117.57,1134.53,1116.16,1133.64,2079.61,107.44,15.306,1.11203
1440021600,1133.64,1155.64,1133.2,1155.63,2035.73,106.96,15.531,1.12413
1440108000,1155.63,1168.13,1148.85,1160.2,1970.89,105.84,15.295,1.13646
1440367200,1162.93,1169.94,1145.61,1153.61,1893.21,99.92,14.806,1.16193
1440453600,1153.61,1156.48,1134.52,1146.09,1867.61,101.84,14.726,1.14987
1440540000,1146.09,1146.25,1117.58,1124.32,1940.51,102.16,14.136,1.13141
1440626400,1124.32,1129.21,1118.16,1126.7,1987.66,111.6,14.532,1.12472
1440712800,1126.7,1140.73,1123.71,1133.15,1988.87,119.04,14.553,1.11916
1440972000,1132.35,1136.58,1125.62,1134.72,1972.18,127.12,14.611,1.12114
1441058400,1134.72,1147.72,1134.3,1139.31,1913.85,118.48,14.586,1.1314
1441144800,1139.31,1142.38,1131.98,1132.99,1948.86,120.72,14.663,1.1227
1441231200,1132.99,1134.23,1121.7,1125.62,1951.13,122.72,14.663,1.11232
1441317600,1125.62,1132.39,1116.54,1121.18,1921.22,120.64,14.663,1.11474
1441576800,1120.59,1124.7,1116.04,1120.6,1921.22,120.64,14.663,1.11703
1441663200,1120.6,1126.55,1118.53,1122.66,1969.41,120.16,14.663,1.12026
1441749600,1122.66,1125.3,1101.18,1107.74,1942.04,116.08,14.663,1.12072
1441836000,1107.74,1114.96,1103.7,1111.59,1952.29,119.44,14.663,1.128
1441922400,1111.59,1112.76,1098.7,1107.25,1961.05,117.2,14.663,1.13347
1442181600,1104.76,1110.36,1103.44,1109.06,1953.03,115.12,14.663,1.13169
1442268000,1109.06,1109.21,1102.44,1105.06,1978.09,116.56,14.663,1.12694
1442354400,1105.06,1124.06,1103.88,1119.68,1995.31,122.88,14.663,1.12903
1442440800,1119.68,1134.74,1115.22,1130.89,1990.2,121.84,14.663,1.14348
1442527200,1130.89,1141.59,1127.46,1138.55,1958.03,116.96,14.663,1.12989
1442786400,1137.29,1139.77,1129.5,1132.21,1966.97,120.4,14.663,1.11903
1442872800,1123.2,1127.1,1122.1,1124.8,1942.74,119.36,14.663,1.11207
1442959200,1124.8,1134.3,1122,1130.3,1938.76,115.52,14.663,1.11858
1443045600,1130.3,1156.8,1127.4,1154.1,1932.24,116.72,14.663,1.12304
1443132000,1154.1,1154.1,1140.9,1146,1931.34,117.76,14.663,1.12071
1443391200,1146,1148.4,1128.2,1131.9,1881.77,115.04,14.663,1.12447
1443477600,1131.9,1134.9,1124.3,1127.4,1884.09,116.88,14.663,1.12484
1443564000,1127.4,1128.3,1111.8,1114.9,1920.03,117.44,14.515,1.11769
1443650400,1114.9,1119.3,1111.1,1113.8,1923.82,116.64,14.54,1.11952
1443736800,1113.8,1141.4,1104.7,1137.7,1951.36,118.16,15.234,1.12147
1443996000,1137.7,1142,1130.3,1135.7,1987.05,120,15.65,1.1188
1444082400,1135.7,1151.3,1135.1,1147.2,1979.92,125.92,15.895,1.12719
1444168800,1147.2,1153.8,1142,1145.6,1995.83,124.56,16.058,1.12377
1444255200,1145.6,1151.4,1136.7,1139,2013.43,128.32,15.695,1.12763
1444341600,1139,1159.8,1138.7,1157.3,2014.89,127.92,15.831,1.13612
1444600800,1157.3,1169.1,1155,1163.8,2017.46,122.48,15.83,1.13585
1444687200,1163.8,1168.9,1151.9,1168.9,2003.69,120.48,15.915,1.13791
1444773600,1168.9,1189.9,1162.9,1184.1,1994.24,120.4,16.13,1.14738
1444860000,1184.1,1191.7,1174.3,1183,2023.86,121.04,16.125,1.13857
1444946400,1183,1184.5,1174.4,1176.2,2033.11,121.76,16.052,1.13502
1445205600,1176.2,1178.3,1168.7,1170.8,2033.66,118.64,15.85,1.1327
1445292000,1170.8,1181,1167.5,1176,2030.77,117.84,15.915,1.13459
1445378400,1176,1179.4,1163.8,1167.2,2018.94,115.44,15.71,1.13388
1445464800,1167.2,1171.9,1162.8,1166.1,2052.51,116.08,15.843,1.11086
1445551200,1166.1,1179.5,1159.1,1164.5,2075.15,114.16,15.858,1.10086
1445810400,1164.5,1169.8,1162.3,1163.1,2071.18,112.08,15.855,1.1058
1445896800,1163.1,1168.8,1160.8,1166.9,2065.89,110.56,15.88,1.10501
1445983200,1166.9,1183,1152.4,1156.2,2090.35,117.52,15.945,1.09233
1446069600,1156.2,1162.78,1144.825,1145.975,2089.41,117.04,15.595,1.09775
1446156000,1145.975,1150.165,1139.15,1142.015,2079.36,118.48,15.53,1.09934
1446418800,1142.015,1143.09,1132.73,1133.875,2104.05,118,15.423,1.10158
1446505200,1133.875,1138.5,1114.5,1117.825,2109.79,122.24,15.285,1.09643
1446591600,1117.825,1123.025,1106.52,1107.875,2102.31,118.8,15.09,1.08657
1446678000,1107.875,1111.75,1103.105,1103.975,2099.93,115.84,14.983,1.0884
1446764400,1103.975,1110.55,1085.56,1088.375,2099.2,113.84,14.76,1.07413
1447023600,1088.375,1095.835,1088.375,1092.375,2078.58,112.64,14.573,1.0751
1447110000,1092.375,1095.205,1085.485,1089.775,2081.72,112.72,14.435,1.07245
1447196400,1089.775,1094.475,1084.25,1086.4,2075,110.08,14.33,1.07422
1447282800,1086.4,1089.745,1074.27,1085.25,2045.97,106.8,14.305,1.08139
1447369200,1085.25,1088.73,1079.83,1082.265,2023.04,104.48,14.249,1.07516
1447628400,1082.265,1098.215,1081.475,1082.875,2053.19,107.12,14.25,1.06864
1447714800,1082.875,1085.725,1065.635,1070.35,2050.44,104.08,14.19,1.06424
1447801200,1070.35,1075.555,1063.925,1070.65,2083.58,104.4,14.185,1.06592
1447887600,1070.65,1087.545,1069.62,1082.175,2081.24,103.68,14.265,1.07341
1447974000,1082.175,1088.19,1075.95,1077.8,2089.17,103.44,14.192,1.06426
1448233200,1077.8,1077.8,1066.71,1069.225,2086.59,104.16,14.14,1.06364
1448319600,1069.225,1081.205,1069.055,1075.575,2089.14,106.56,14.2,1.06431
1448406000,1075.575,1080.925,1067.91,1071.35,2088.87,107.12,14.198,1.06244
1448492400,1071.35,1074.99,1069.81,1072.1,2088.87,107.12,14.285,1.06105
1448578800,1072.1,1073.93,1052.875,1057.75,2090.11,104.24,14.088,1.05938
1448838000,1057.75,1069.815,1053.295,1064.675,2080.41,103.44,14.08,1.05647
1448924400,1064.675,1074.77,1063.38,1069.275,2102.63,103.6,14.195,1.06326
1449010800,1069.275,1071.635,1050.715,1053.675,2079.51,99.84,14.005,1.06144
1449097200,1053.675,1065.535,1046.39,1062,2049.62,102.16,14.118,1.09399
1449183600,1062,1088.915,1058.27,1086.835,2091.69,99.68,14.548,1.08739
1449442800,1086.835,1086.835,1066.445,1071.5,2077.07,93.76,14.253,1.08375
1449529200,1071.5,1079.24,1067.775,1074.9,2063.59,93.44,14.175,1.08919
1449615600,1074.9,1085.51,1069.405,1072.85,2047.62,92.48,14.16,1.10248
1449702000,1072.85,1076.625,1069.5,1071.65,2052.23,90.96,14.128,1.09409
1449788400,1071.65,1079.64,1062.55,1076.36,2012.37,88.56,13.937,1.09801
1450047600,1076.36,1077.645,1058.86,1060.125,2021.94,89.28,13.673,1.09921
1450134000,1060.125,1068.78,1058.45,1061.175,2043.41,91.2,13.78,1.09304
1450220400,1061.175,1078.485,1061.025,1072.45,2073.07,87.92,14.175,1.09124
1450306800,1072.45,1073.425,1047.8,1051.2,2041.89,85.92,13.718,1.08259
1450393200,1051.2,1071.655,1050.995,1066.325,2005.55,85.28,14.088,1.08678
1450652400,1066.325,1081.82,1064.025,1078.2,2021.15,85.28,14.243,1.09148
1450738800,1078.2,1080.83,1071.94,1072.425,2038.97,86.16,14.26,1.09567
1450825200,1072.425,1075.625,1068.395,1070.325,2064.29,90.08,14.305,1.09114
1450911600,1070.325,1077.1,1070.25,1076.11,2060.99,90.4,14.379,1.09644
1451257200,1076.11,1077.095,1066.605,1069.35,2056.5,87.44,13.94,1.09677
1451343600,1069.35,1075.42,1067.615,1069.1,2078.36,90.08,13.96,1.092
1451430000,1069.1,1072.355,1059.505,1061.375,2063.36,87.44,13.893,1.0932
1451516400,1061.375,1063.645,1058.095,1061.375,2043.94,88,13.853,1.08582
1451862000,1061.375,1083.58,1061.375,1074.7,2012.66,87.84,13.875,1.08313
1451948400,1074.7,1082.12,1072.76,1077.575,2016.71,85.28,13.978,1.0748
1452034800,1077.575,1095.305,1075.13,1093.675,1990.26,80.88,14.01,1.07812
1452121200,1093.675,1110.24,1091.475,1108.975,1943.09,79.2,14.3,1.09317
1452207600,1108.975,1113.24,1092.75,1104.275,1922.03,78.4,13.942,1.09246
1452466800,1104.275,1108.68,1093.75,1094.325,1923.67,74,13.875,1.08594
1452553200,1094.325,1099.335,1083.565,1086.35,1938.68,73.36,13.788,1.08582
1452639600,1086.35,1095.615,1079.935,1093.575,1890.28,72.72,14.155,1.08771
1452726000,1093.575,1095.435,1071.535,1078.475,1921.84,73.84,13.845,1.08655
1452812400,1078.475,1097.46,1076.385,1088.8,1880.33,70.32,13.93,1.09143
1453071600,1088.8,1093.415,1087.685,1089.025,1880.33,70.32,13.94,1.08924
1453158000,1089.025,1094.685,1082.725,1087.375,1881.33,67.92,14.015,1.0907
1453244400,1087.375,1109.73,1087.35,1100.775,1859.33,65.92,14.145,1.08894
1453330800,1100.775,1104.685,1092.575,1101.125,1868.99,68.48,14.085,1.08744
1453417200,1101.125,1102.93,1094.155,1098.075,1906.9,74.16,14.03,1.07962
1453676400,1098.075,1109.04,1097.35,1107.925,1877.08,68.32,14.235,1.08495
1453762800,1107.925,1123.035,1107.13,1119.8,1903.63,71.76,14.5,1.08704
1453849200,1119.8,1128.15,1114.965,1124.975,1882.95,73.44,14.478,1.08928
1453935600,1124.975,1125.98,1111.605,1115.155,1893.36,77.6,14.248,1.094
1454022000,1115.155,1118.52,1108.495,1118.15,1940.24,77.2,14.265,1.08305
1454281200,1118.15,1129.875,1115.52,1128.425,1939.38,72.16,14.35,1.08881
1454367600,1128.425,1131.12,1122.4,1129.15,1903.03,68.56,14.305,1.0919
1454454000,1129.15,1145.61,1124.515,1142.55,1912.53,74.72,14.675,1.11049
1454540400,1142.55,1157.475,1139.4,1155.55,1915.45,72.96,14.853,1.12084
1454626800,1155.55,1174.65,1145.355,1173.8,1880.05,71.28,15.008,1.11586
1454886000,1173.8,1201,1164.405,1189.125,1853.44,69.12,15.303,1.11931
1454972400,1189.125,1199.019,1185.825,1189.075,1852.21,65.44,15.248,1.12934
1455058800,1189.075,1197.885,1181.62,1197.125,1851.86,63.68,15.275,1.1292
1455145200,1197.125,1263.48,1196.095,1246.8,1829.08,63.9384,15.75,1.13233
1455231600,1246.8,1248.36,1232.5,1237.9,1864.78,66.64,15.753,1.12555
1455490800,1237.9,1237.9,1202.2,1209.7,1864.78,66.64,15.33,1.11551
1455577200,1209.7,1217.1,1191,1200.3,1895.58,66.48,15.223,1.11437
1455663600,1200.3,1213.8,1195.8,1208.4,1926.82,70.24,15.275,1.11278
1455750000,1208.4,1240,1200.9,1230.9,1917.83,69.28,15.39,1.11072
1455836400,1230.9,1234.6,1220.1,1226.5,1917.78,68.4,15.355,1.11295
1456095600,1226.5,1226.5,1202,1208.9,1945.5,71.28,15.18,1.10298
1456182000,1208.9,1228.4,1207.3,1225.6,1921.27,67.84,15.298,1.10196
1456268400,1225.6,1253.4,1221.9,1228.9,1929.8,68.72,15.24,1.10138
1456354800,1228.9,1243.2,1221.3,1233,1951.7,70.4,15.155,1.1018
1456441200,1233,1240.5,1211.6,1222.5,1948.05,70.24,14.705,1.09312
1456700400,1222.5,1241.2,1215.9,1238.5,1932.23,72,14.903,1.08728
1456786800,1238.5,1248.6,1227.2,1232.2,1978.35,73.2,14.828,1.08678
1456873200,1232.2,1244.2,1224.8,1239.9,1986.45,74.4,14.945,1.08682
1456959600,1239.9,1268.5,1237.5,1264.3,1993.4,74,15.22,1.09569
1457046000,1264.3,1279.9,1250,1259.3,1999.99,77.2,15.513,1.10046
1457305200,1259.3,1273.3,1256.9,1267.2,2001.76,80.88,15.635,1.10141
1457391600,1267.2,1278.1,1260.4,1261.5,1979.26,77.2,15.355,1.10108
1457478000,1261.5,1265,1243.1,1253.3,1989.26,81.2,15.3,1.09989
1457564400,1253.3,1273.5,1237.1,1272.2,1989.57,80.32,15.6,1.11778
1457650800,1272.2,1284.4,1248.4,1250.8,2022.19,81.52,15.49,1.11522
1457906400,1250.8,1261.2,1229.4,1235.2,2019.64,79.04,15.348,1.11027
1457992800,1235.2,1238.2,1225.8,1232.4,2015.93,77.6,15.285,1.11089
1458079200,1232.4,1264,1226.8,1262.6,2027.22,81.44,15.615,1.12246
1458165600,1262.6,1271,1254.5,1258,2040.59,84.4,15.905,1.13186
1458252000,1258,1267,1248,1255.3,2049.58,83.84,15.805,1.12701
1458511200,1255.3,1256.1,1240.7,1243.8,2051.6,84.72,15.838,1.12418
1458597600,1243.8,1260.3,1242.6,1248.4,2049.8,84.32,15.88,1.12166
1458684000,1248.4,1249.6,1215.4,1219.9,2036.71,80.88,15.248,1.11811
1458770400,1219.9,1223.9,1212.2,1216.9,2035.94,80.48,15.198,1.11748
1458856800,1216.9,1217.1,1216.9,1217.1,2035.94,80.48,15.195,1.11663
1459116000,1217.1,1223.2,1208.1,1221.7,2037.05,80.08,15.245,1.11962
1459202400,1221.7,1243,1215.4,1242.2,2055.01,78.4,15.358,1.12904
1459288800,1242.2,1244.2,1223.3,1225.1,2063.95,77.84,15.225,1.13383
1459375200,1225.1,1240.5,1223.9,1232.6,2059.74,77.6,15.435,1.138
1459461600,1232.6,1235.4,1209.1,1222.7,2072.78,74.6336,15.043,1.13916
1459720800,1222.7,1222.7,1214.7,1215.7,2066.13,72.64,14.928,1.13916
1459807200,1215.7,1237,1214.9,1231.3,2045.17,73.04,15.145,1.13844
1459893600,1231.3,1232.4,1216.5,1222.4,2066.66,76.8,15.075,1.1399
1459980000,1222.4,1243.3,1222.4,1240.4,2041.91,76.08,15.225,1.13777
1460066400,1240.4,1242.8,1229.7,1239.5,2047.6,80.24,15.358,1.13991
1460325600,1239.5,1258.9,1239.5,1257.9,2041.99,82.24,15.925,1.14081
1460412000,1257.9,1262.7,1251.3,1255.4,2061.72,85.12,16.195,1.13861
1460498400,1255.4,1256.8,1239.9,1242.5,2082.42,84.08,16.21,1.12743
1460584800,1242.5,1244.2,1224,1227.9,2082.78,83.84,16.165,1.12682
1460671200,1227.9,1236,1225.4,1234.1,2080.73,82,16.23,1.12829
1460930400,1234.1,1241.7,1230.1,1232.6,2094.34,81.36,16.223,1.13133
1461016800,1232.6,1256.7,1227.8,1250.3,2100.8,83.52,16.935,1.1358
1461103200,1250.3,1258.1,1242.5,1244.3,2102.4,86.08,16.965,1.12966
1461189600,1244.3,1270.4,1242.9,1248.1,2091.48,85.76,17.005,1.12875
1461276000,1248.1,1252.7,1227.5,1232.7,2091.58,86.08,16.973,1.12222
1461535200,1232.7,1242.4,1230.2,1238,2087.79,84.4,16.998,1.12678
1461621600,1238,1245,1231.4,1243.4,2091.7,86.48,17.16,1.12972
1461708000,1243.4,1252.8,1239.7,1245.8,2095.15,89.12,17.23,1.1322
1461794400,1245.8,1269.8,1237.8,1266.1,2075.81,89.76,17.55,1.13524
1461880800,1266.1,1296.9,1265.2,1292.9,2065.3,90.4,17.84,1.14503
1462140000,1292.9,1303.8,1287.7,1291.6,2081.43,88.4,17.545,1.15343
1462226400,1291.6,1301.9,1282.3,1286.5,2063.37,85.92,17.425,1.14961
1462312800,1286.5,1289.9,1271.9,1279.6,2051.12,86.32,17.38,1.14876
1462399200,1279.6,1286.5,1269,1277.8,2050.63,87.2,17.34,1.14054
1462485600,1277.8,1295.7,1274.6,1287.8,2057.14,87.68,17.475,1.14049
1462744800,1287.8,1289,1261.4,1264.1,2058.69,85.44,17.03,1.1383
1462831200,1264.1,1269.7,1257,1265.9,2084.39,87.92,17.115,1.13725
1462917600,1265.9,1279.1,1264.9,1277.3,2064.46,90.72,17.415,1.14264
1463004000,1277.3,1281,1261.8,1263.9,2064.11,91.6,16.985,1.13769
1463090400,1263.9,1276.4,1263,1273.2,2046.61,90.96,17.11,1.13084
1463349600,1273.2,1288.8,1270.6,1274.2,2066.66,94.08,17.15,1.13203
1463436000,1274.2,1282.4,1269.2,1278.9,2047.21,95.36,17.253,1.13138
1463522400,1278.9,1282.2,1255.2,1258.7,2047.63,93.6,16.92,1.12166
1463608800,1258.7,1261.4,1244,1254.7,2040.04,94.32,16.488,1.12029
1463695200,1254.7,1260.3,1248.9,1252.3,2052.32,94,16.53,1.12238
1463954400,1252.3,1256.2,1243.3,1249,2048.04,93.28,16.385,1.12204
1464040800,1249,1252.3,1226.5,1227.2,2076.06,94.56,16.223,1.11413
1464127200,1227.2,1230.3,1217.9,1224.3,2090.54,96.24,16.31,1.11545
1464213600,1224.3,1234.3,1218.4,1219.8,2090.1,95.6,16.325,1.11939
1464300000,1219.8,1223.7,1206.9,1213,2099.06,95.84,16.23,1.11134
1464559200,1213,1213.6,1199.8,1205.4,2099.06,95.84,15.995,1.11379
1464645600,1205.4,1218.3,1205.2,1215.2,2096.96,94.96,16.01,1.11322
1464732000,1215.2,1220.5,1206.1,1213.1,2099.33,95.44,15.963,1.11885
1464818400,1213.1,1217.8,1209.9,1211.1,2105.26,94.88,15.995,1.11513
1464904800,1211.1,1244.9,1207.1,1244.4,2099.13,94.56,16.408,1.13669
1465164000,1244.4,1248.8,1240,1245.2,2109.41,96.32,16.48,1.13548
1465250400,1245.2,1246.7,1234.9,1243.8,2112.13,97.76,16.39,1.1358
1465336800,1243.8,1264.5,1243.2,1262.5,2119.12,99.44,17.05,1.13952
1465423200,1262.5,1271.8,1256.9,1269.6,2115.48,98,17.275,1.13166
1465509600,1269.6,1278.3,1264.7,1273.8,2096.07,94.96,17.335,1.12502
1465768800,1273.8,1287.3,1272.6,1283.9,2079.06,94.08,17.455,1.12925
1465855200,1283.9,1289.9,1276.2,1285.6,2075.32,93.84,17.385,1.12078
1465941600,1285.6,1297,1278.6,1291.8,2071.5,91.76,17.52,1.12599
1466028000,1291.8,1315.7,1277.5,1278.5,2077.99,89.12,17.193,1.12249
1466114400,1278.5,1299.7,1276.8,1298.8,2071.22,93.28,17.49,1.12762
1466373600,1298.8,1298.8,1278.1,1289.8,2083.25,95.28,17.495,1.13139
1466460000,1289.8,1294.3,1264.7,1268.2,2088.9,95.12,17.285,1.1242
1466546400,1268.2,1270.8,1261.3,1266.1,2085.45,93.92,17.255,1.12965
1466632800,1266.1,1272.2,1254.7,1256.9,2113.32,95.84,17.285,1.13856
1466719200,1256.9,1358.5,1248.4,1315.6,2037.41,91.2,17.75,1.11111
1466978400,1315.6,1335.6,1315.6,1324.5,2000.54,89.52,17.738,1.10249
1467064800,1324.5,1326.3,1305.7,1311.9,2036.09,91.76,17.785,1.10649
1467151200,1311.9,1327.9,1310.7,1319.2,2070.77,94.32,18.3,1.11249
1467237600,1319.2,1324.3,1313,1322.3,2098.86,92.56,18.715,1.11071
1467324000,1322.3,1344.6,1320.7,1341.9,2102.95,94.24,19.76,1.11361
1467583200,1341.9,1357.5,1336.1,1351,2102.95,94.24,20.325,1.11552
1467669600,1351,1357.8,1338.3,1356.5,2088.55,89.44,19.94,1.10762
1467756000,1356.5,1375.3,1355.3,1363.9,2099.73,90.64,20.1,1.11003
1467842400,1363.9,1370.8,1350.9,1360.4,2097.9,86.56,19.685,1.10623
1467928800,1360.4,1370.5,1335.5,1364.1,2129.9,86.64,20.325,1.105
1468188000,1364.1,1375.2,1350.9,1355.5,2137.16,85.2,20.295,1.1058
1468274400,1355.5,1357.8,1330.4,1333.2,2152.14,89.52,20.167,1.10605
1468360800,1333.2,1345.4,1327.7,1342.7,2152.43,86,20.35,1.10901
1468447200,1342.7,1347.2,1320.3,1335.3,2163.75,86.96,20.315,1.11198
1468533600,1335.3,1338.9,1322.7,1337.2,2161.74,87.92,20.23,1.10352
1468792800,1337.2,1337.3,1323.6,1328.9,2166.89,86.56,20.053,1.10755
1468879200,1328.9,1335.1,1325.7,1332,2163.78,85.6,19.905,1.10209
1468965600,1332,1338.5,1312.7,1315.9,2173.02,85.84,19.4,1.10149
1469052000,1315.9,1334,1310.9,1331.2,2165.17,83.92,19.785,1.10263
1469138400,1331.2,1333.9,1319.8,1321.7,2175.03,83.36,19.65,1.09766
1469397600,1321.7,1323.9,1312.2,1315.4,2168.48,81.04,19.545,1.09952
1469484000,1315.4,1324.6,1313.9,1320.4,2169.18,80.64,19.65,1.09863
1469570400,1320.4,1342.5,1315.9,1339.7,2166.58,79.2,20.355,1.10585
1469656800,1339.7,1345.7,1332.6,1335.9,2170.06,77.36,20.175,1.10768
1469743200,1335.9,1355.1,1328.7,1351,2173.6,78.08,20.335,1.11751
1470002400,1351,1355,1346.4,1353.2,2170.84,75.28,20.45,1.11622
1470088800,1353.2,1367.4,1347.2,1363.6,2157.03,74.64,20.63,1.12233
1470175200,1363.6,1366.6,1354.3,1358.2,2163.79,77.52,20.41,1.11491
1470261600,1358.2,1365.1,1349.3,1361.1,2164.25,78.72,20.355,1.11294
1470348000,1361.1,1364.8,1334.9,1336,2182.87,78.88,19.715,1.10876
1470607200,1336,1338.4,1330,1335.4,2180.89,80.8,19.74,1.10883
1470693600,1335.4,1342.7,1330.7,1340.7,2181.74,80.56,19.86,1.11171
1470780000,1340.7,1357.3,1340,1346.6,2175.49,78.16,20.155,1.11776
1470866400,1346.6,1353.5,1335.9,1338.8,2185.79,81.68,19.978,1.11371
1470952800,1338.8,1356.4,1333.3,1336.4,2184.05,84,19.73,1.11626
1471212000,1336.4,1343.9,1335.8,1339.4,2190.15,86.08,19.82,1.11837
1471298400,1339.4,1358.2,1339.4,1345.9,2178.15,87.36,19.785,1.12785
1471384800,1345.9,1351.8,1335.8,1348.7,2182.22,87.92,19.7,1.1289
1471471200,1348.7,1356.2,1346.2,1352.2,2187.02,90.4,19.76,1.13537
1471557600,1352.2,1353,1337.9,1341.8,2183.87,90.72,19.318,1.13259
1471816800,1341.8,1341.8,1331.9,1339.1,2182.64,87.76,18.915,1.13199
1471903200,1339.1,1344.8,1335.4,1337.5,2186.9,88.7264,18.818,1.13054
1471989600,1337.5,1340.2,1323.8,1324.2,2175.44,86.56,18.558,1.1264
1472076000,1324.2,1327.2,1318.2,1321.9,2172.47,87.6,18.553,1.12845
1472162400,1321.9,1342.4,1318.5,1321.4,2169.04,87.6,18.658,1.11969
1472421600,1321.4,1325.2,1315.1,1323.4,2180.38,86.8,18.868,1.11888
1472508000,1323.4,1325.6,1309.4,1311.1,2176.12,85.84,18.61,1.11427
1472594400,1311.1,1316.2,1304.4,1309,2170.95,82.88,18.665,1.11581
1472680800,1309,1315.2,1302.6,1313.7,2170.86,80.48,18.89,1.1197
1472767200,1313.7,1330.1,1305.1,1325.1,2179.98,81.92,19.438,1.11545
1473026400,1325.1,1328.7,1321.9,1326.9,2179.98,81.92,19.515,1.11473
1473112800,1326.9,1352.7,1325,1349.9,2186.48,83.12,20.05,1.12556
1473199200,1349.9,1352.7,1342.8,1345.3,2186.16,84.16,19.8,1.12397
1473285600,1345.3,1349.5,1335.5,1338.3,2181.3,87.68,19.615,1.12601
1473372000,1338.3,1339.7,1327.7,1328,2127.81,84.72,19.06,1.12333
1473631200,1328,1330.4,1320.5,1327.6,2159.04,85.12,19.11,1.12351
1473717600,1327.6,1332.1,1315.8,1319.2,2127.02,82.96,18.873,1.12199
1473804000,1319.2,1326.3,1313.6,1323,2125.77,80.72,18.955,1.12497
1473890400,1323,1329.1,1309.5,1314.8,2147.26,81.12,18.978,1.12434
1473976800,1314.8,1318.2,1306.3,1310.2,2139.16,80,18.785,1.11572
1474236000,1310.2,1318.5,1309.5,1313.1,2139.12,79.84,19.163,1.1175
1474322400,1313.1,1318,1312.1,1314.8,2139.76,80.56,19.245,1.11508
1474408800,1314.8,1337.2,1307.7,1335.2,2163.12,83.2,19.83,1.11887
1474495200,1335.2,1343.7,1331.3,1337.3,2177.18,84.24,19.868,1.12082
1474581600,1337.3,1340.7,1333.9,1337.6,2164.69,81.52,19.703,1.1225
1474840800,1337.6,1342.2,1332.8,1338,2146.1,83.44,19.455,1.12539
1474927200,1338,1339.7,1324.6,1327.4,2159.93,81.2,19.153,1.12155
1475013600,1327.4,1328.1,1318.1,1321.6,2171.37,85.2,19.19,1.12175
1475100000,1321.6,1325.9,1316.2,1320.3,2151.13,86.96,19.105,1.12228
1475186400,1320.3,1328.2,1313.4,1315.9,2168.27,87.44,19.183,1.12416
1475445600,1315.9,1319.7,1309.5,1311.8,2161.2,88.8,18.82,1.12114
1475532000,1311.8,1313.2,1267,1268.3,2150.49,88.72,17.805,1.1204
1475618400,1268.3,1277.2,1262.3,1266.9,2159.73,90.8,17.74,1.12053
1475704800,1266.9,1269.5,1250,1254.4,2160.77,92.08,17.325,1.1151
1475791200,1254.4,1265.5,1241.5,1257.3,2153.74,90.64,17.555,1.12004
1476050400,1257.3,1265,1256.5,1259.6,2163.66,93.36,17.638,1.11386
1476136800,1259.6,1262.3,1252.7,1252.7,2136.73,92.64,17.45,1.10539
1476223200,1252.7,1259,1249.9,1255.2,2139.18,91.44,17.48,1.10068
1476309600,1255.2,1262.5,1253.1,1258.2,2132.55,91.92,17.495,1.10561
1476396000,1258.2,1259.5,1246.2,1251,2132.98,91.52,17.415,1.09716
1476655200,1251,1257.3,1250.4,1255.7,2126.5,90.96,17.468,1.09996
1476741600,1255.7,1264.9,1255.2,1262.4,2139.6,91.6,17.62,1.09807
1476828000,1262.4,1273.4,1260.4,1269.3,2144.29,93.28,17.688,1.09739
1476914400,1269.3,1274.8,1264.9,1265.7,2141.34,91.44,17.543,1.09294
1477000800,1265.7,1268.1,1261.2,1266.1,2141.16,91.84,17.535,1.08837
1477260000,1266.1,1272,1260.4,1264.4,2151.33,91.44,17.59,1.08819
1477346400,1264.4,1276.8,1262.2,1273.9,2143.16,89.92,17.765,1.08888
1477432800,1273.9,1276.6,1264.8,1267.1,2139.43,88.72,17.625,1.09087
1477519200,1267.1,1272.8,1265.2,1268.3,2133.04,89.68,17.62,1.08968
1477605600,1268.3,1284.2,1261.7,1275.5,2126.41,88.08,17.75,1.0985
1477864800,1275.5,1279.6,1271.3,1277.1,2126.15,84.24,17.895,1.09808
1477951200,1277.1,1292,1275.7,1288,2111.72,84.56,18.365,1.10554
1478037600,1288,1308.1,1287.5,1296.9,2097.94,82.24,18.48,1.10975
1478124000,1296.9,1306.8,1285.8,1302.6,2088.66,80.64,18.355,1.11053
1478210400,1302.6,1307.2,1294.9,1304.7,2085.18,79.84,18.43,1.11408
1478473200,1304.7,1304.7,1278.3,1281.7,2131.52,81.28,18.177,1.10405
1478559600,1281.7,1290.7,1273,1275.5,2139.56,80.8,18.375,1.10259
1478646000,1275.5,1337.5,1268.3,1278,2163.26,82.24,18.495,1.09098
1478732400,1278,1292.4,1252.4,1258.9,2167.48,80.32,18.61,1.08932
1478818800,1258.9,1265.5,1219.2,1227.4,2164.45,78.16,17.395,1.08556
1479078000,1227.4,1231.4,1211.7,1221.3,2164.2,78.96,16.938,1.0737
1479164400,1221.3,1231.6,1219,1228.8,2180.39,82.72,17.075,1.07225
1479250800,1228.8,1233.2,1221.6,1225.3,2176.94,81.84,16.993,1.06912
1479337200,1225.3,1231.5,1211.1,1216.4,2187.12,81.04,16.68,1.06261
1479423600,1216.4,1219.1,1203,1208.1,2181.9,82.56,16.558,1.05886
1479682800,1208.1,1217.8,1205.7,1214.2,2198.18,86.16,16.593,1.06298
1479769200,1214.2,1221.1,1206.2,1212.3,2202.94,85.04,16.655,1.0627
1479855600,1212.3,1215.1,1181.9,1188.3,2204.72,85.36,16.37,1.05533
1479942000,1188.3,1190.9,1180.5,1184.1,2204.72,85.36,16.318,1.05527
1480028400,1184.1,1193.4,1171.1,1183.5,2213.35,82.64,16.523,1.05871
1480287600,1183.5,1197.7,1183,1194.1,2201.72,83.52,16.609,1.06142
1480374000,1194.1,1195.1,1181.2,1188.3,2204.66,80.48,16.63,1.06496
1480460400,1188.3,1195,1170.7,1173.3,2198.81,87.44,16.515,1.05882
1480546800,1173.3,1176.8,1160.8,1171.7,2191.08,90.64,16.515,1.06611
1480633200,1171.7,1178.3,1166.8,1177.4,2191.95,91.84,16.743,1.06665
1480892400,1177.4,1188.2,1157.3,1170.4,2204.71,90.8,16.75,1.07639
1480978800,1170.4,1175.4,1166.9,1169.9,2212.23,90.32,16.728,1.07184
1481065200,1169.9,1180.3,1165.7,1173.8,2241.35,88.72,17.113,1.0753
1481151600,1173.8,1178.8,1169.3,1170.7,2246.19,90.48,17.02,1.06148
1481238000,1170.7,1172.1,1156.4,1160,2259.53,91.52,16.85,1.05608
1481497200,1160,1165.9,1151.4,1162.2,2256.96,92.96,17.075,1.06345
1481583600,1162.2,1165.1,1154.7,1158.4,2271.72,93.84,16.915,1.06258
1481670000,1158.4,1165.6,1139.2,1143,2253.28,90.56,16.84,1.05356
1481756400,1143,1144.5,1122.9,1128.4,2262.03,90.88,15.975,1.04138
1481842800,1128.4,1141.3,1126.8,1134.8,2258.07,92.4,16.098,1.04514
1482102000,1134.8,1142.4,1133.8,1137.9,2262.53,92,15.963,1.04026
1482188400,1137.9,1139.9,1125.9,1132.4,2270.76,92.96,16.093,1.03881
1482274800,1132.4,1137.3,1129.5,1131.5,2265.18,91.52,15.935,1.0424
1482361200,1131.5,1134.2,1127.9,1128.5,2260.96,91.68,15.793,1.04366
1482447600,1128.5,1135.9,1128.3,1132,2263.79,92.48,15.744,1.04554
1482793200,1132,1151,1131.8,1139,2268.88,93.84,15.975,1.04573
1482879600,1139,1144.6,1136.6,1141.5,2249.92,94,16.005,1.04134
1482966000,1141.5,1159.6,1141.5,1158.1,2249.26,93.76,16.165,1.04895
1483052400,1158.1,1163.3,1149.8,1150.3,2238.83,93.76,15.943,1.05163
1483398000,1150.3,1164.4,1146.2,1158.9,2257.83,91.52,16.3,1.04058
1483484400,1158.9,1168,1156.3,1163.7,2270.75,92.64,16.43,1.04893
1483570800,1163.7,1185,1163.1,1180.3,2269,93.6,16.6,1.06068
1483657200,1180.3,1183,1171,1172.9,2276.98,93.44,16.483,1.05309
1483916400,1172.9,1186.2,1172.2,1181,2268.9,90.48,16.57,1.05742
1484002800,1181,1190.7,1180.3,1187.7,2268.9,88.56,16.79,1.05543
1484089200,1187.7,1198.4,1177.3,1191.6,2275.32,90.96,16.74,1.05826
1484175600,1191.6,1207.1,1190.8,1195.4,2270.44,92.32,16.785,1.06126
1484262000,1195.4,1201.2,1188,1197.3,2274.64,91.28,16.813,1.06432
1484521200,1197.3,1208.7,1196.9,1203,2274.64,91.28,16.813,1.06009
1484607600,1203,1218.9,1202.8,1217.1,2267.89,91.44,17.195,1.07135
1484694000,1217.1,1217.9,1202.5,1204.2,2271.89,89.28,17.065,1.06299
1484780400,1204.2,1206.8,1196,1204.8,2263.69,89.36,17.01,1.06642
1484866800,1204.8,1215,1198.7,1210.2,2271.31,91.12,17.078,1.0701
1485126000,1210.2,1219.6,1209.4,1218.2,2265.2,90.56,17.233,1.07655
1485212400,1218.2,1220.3,1206.7,1209,2280.07,90.96,17.1,1.07314
1485298800,1209,1212.3,1193.4,1200.6,2298.37,90.48,16.995,1.0748
1485385200,1200.6,1202.7,1184.5,1188.6,2296.68,92.24,16.8,1.06821
1485471600,1188.6,1191.72,1180.7,1191.39,2294.69,91.2,17.133,1.06987
1485730800,1191.39,1199.5,1188.38,1195.43,2280.9,90.24,17.12,1.06947
1485817200,1195.43,1215.41,1193.87,1210.68,2278.87,90.56,17.555,1.07977
1485903600,1210.68,1213.34,1198.28,1209.83,2279.55,91.84,17.54,1.07687
1485990000,1209.83,1225.37,1206.6,1215.86,2280.85,92.08,17.478,1.07583
1486076400,1215.86,1221.44,1207.18,1220.34,2297.42,92.32,17.508,1.07844
1486335600,1220.34,1235.68,1218.56,1235.44,2292.56,91.04,17.73,1.07501
1486422000,1235.44,1235.89,1227.85,1233.94,2293.08,89.52,17.703,1.06835
1486508400,1233.94,1244.81,1230.15,1241.41,2294.67,89.84,17.78,1.06986
1486594800,1241.41,1244.57,1225.71,1228.47,2307.87,90.8,17.658,1.06549
1486681200,1228.47,1237.22,1221.74,1233.71,2316.1,92,17.95,1.06412
1486940400,1233.71,1233.71,1219.43,1225.42,2328.25,90.56,17.825,1.05984
1487026800,1225.42,1234.61,1221.99,1228.07,2337.58,91.04,17.955,1.05777
1487113200,1228.07,1233.71,1216.76,1233.71,2349.25,90.88,17.99,1.06007
1487199600,1233.71,1242.47,1224.45,1239.09,2347.22,91.28,18.105,1.06733
1487286000,1239.09,1243.89,1234.41,1235.01,2351.16,91.12,17.995,1.06147
1487545200,1235.01,1239.09,1232.55,1237.67,2351.16,91.12,18.068,1.06132
1487631600,1237.67,1238.93,1226.19,1235.7,2365.38,92.32,17.975,1.05365
1487718000,1235.7,1241.01,1231.28,1237.55,2362.82,90.88,18.025,1.05579
1487804400,1237.55,1251.16,1235.75,1249.59,2363.81,92.24,18.195,1.0582
1487890800,1249.59,1260.23,1247.82,1257.25,2367.34,91.68,18.378,1.05631
1488150000,1257.25,1263.94,1251.03,1253,2369.75,91.76,18.27,1.05871
1488236400,1253,1258.49,1247.72,1248.37,2363.64,91.6,18.318,1.05763
1488322800,1248.37,1250.68,1237.02,1249.62,2395.96,91.2,18.415,1.05473
1488409200,1249.62,1250.22,1231.07,1234.47,2381.92,89.36,17.77,1.05069
1488495600,1234.47,1236.37,1223.01,1234.03,2383.12,90.32,17.985,1.06239
1488754800,1234.03,1236.93,1224.97,1225.39,2375.31,90.24,17.785,1.05817
1488841200,1225.39,1227.28,1214.24,1215.93,2368.39,90.16,17.5,1.05665
1488927600,1215.93,1218.65,1206.73,1208.4,2362.98,85.36,17.24,1.05407
1489014000,1208.4,1209.07,1199.39,1200.9,2364.87,84.24,16.955,1.0577
1489100400,1200.9,1206.46,1195.09,1204.92,2372.6,82.32,17.014,1.06691
1489356000,1204.92,1211.28,1202.52,1204.02,2373.47,82.24,16.985,1.06534
1489442400,1204.02,1207.74,1197.37,1198.97,2365.45,81.52,16.875,1.06041
1489528800,1198.97,1222.13,1197.6,1219.64,2385.26,83.04,17.35,1.07342
1489615200,1219.64,1233.85,1208.6,1226.45,2381.38,82.88,17.32,1.07658
1489701600,1226.45,1231.76,1224.57,1229.21,2378.25,82.64,17.4,1.07379
1489960800,1229.21,1235.63,1227.76,1234.22,2373.47,82.204,17.43,1.07396
1490047200,1234.22,1247.63,1226.96,1244.68,2344.02,80.88,17.545,1.08109
1490133600,1244.68,1251.4,1244.06,1248.8,2348.45,80.96,17.545,1.07969
1490220000,1248.8,1253.29,1242.8,1245.15,2345.96,80.08,17.58,1.07834
1490306400,1245.15,1251.99,1241.07,1243.69,2343.98,80.72,17.768,1.08
1490565600,1243.69,1261.11,1243.69,1254.35,2341.59,80.32,18.105,1.08647
1490652000,1254.35,1258.49,1247.76,1251.94,2358.57,81.2,18.2,1.08135
1490738400,1251.94,1254.78,1247.4,1253.44,2361.13,82.96,18.245,1.07661
1490824800,1253.44,1253.95,1242.32,1242.71,2368.06,84.56,18.115,1.06749
1490911200,1242.71,1250.69,1239.81,1249.54,2362.72,85.12,18.265,1.06518
1491170400,1249.54,1253.79,1244.55,1253.39,2358.84,84.4,18.263,1.06688
1491256800,1253.39,1261.35,1253.35,1256.19,2360.16,85.68,18.315,1.06737
1491343200,1256.19,1257.42,1243.81,1255.68,2352.95,85.44,18.313,1.06633
1491429600,1255.68,1259.05,1248.5,1251.82,2357.49,86.88,18.27,1.06444
1491516000,1251.82,1271.18,1250.59,1254.2,2355.54,87.68,17.991,1.0589
1491775200,1254.2,1257.2,1247.2,1254.71,2357.16,89.12,17.945,1.05959
1491861600,1254.71,1275.24,1253.18,1274.74,2353.78,89.36,18.335,1.06045
1491948000,1274.74,1286.88,1272.01,1286.69,2344.93,88.88,18.5,1.06647
1492034400,1286.69,1288.68,1281.91,1287.74,2328.95,89.04,18.54,1.0614
1492380000,1287.74,1295.59,1281.47,1283.97,2349.01,88.48,18.42,1.06432
1492466400,1283.97,1292.4,1279,1289.6,2342.19,88.32,18.3,1.07307
1492552800,1289.6,1290.85,1274.25,1280.24,2338.17,84.96,18.145,1.07114
1492639200,1280.24,1283.51,1276.79,1281.85,2355.84,84.32,18.04,1.07171
1492725600,1281.85,1288.33,1278.57,1284.07,2348.69,82.56,17.943,1.07274
1492984800,1284.07,1284.07,1265.59,1276.23,2374.15,82,17.945,1.08672
1493071200,1276.23,1278.24,1261.71,1264.37,2388.61,82.88,17.603,1.09257
1493157600,1264.37,1270.71,1260.14,1269.17,2387.45,82.08,17.503,1.09036
1493244000,1269.17,1269.71,1261.34,1264.37,2388.77,81.92,17.27,1.08731
1493330400,1264.37,1268.62,1263.15,1268.24,2384.2,81.92,17.213,1.08946
1493589600,1268.24,1271.24,1254.19,1256.74,2388.33,81.2,16.858,1.08989
1493676000,1256.74,1257.86,1251.96,1256.88,2391.17,79.36,16.845,1.09299
1493762400,1256.88,1257.03,1236.03,1238.18,2388.13,79.44,16.46,1.0886
1493848800,1238.18,1241.37,1225.83,1228.12,2389.52,75.68,16.317,1.09846
1493935200,1228.12,1235.68,1226.22,1228.49,2399.29,77.28,16.34,1.09979
1494194400,1228.49,1236.62,1224.99,1226.2,2399.38,77.36,16.23,1.09234
1494280800,1226.2,1228.68,1214.39,1221.46,2396.92,76.56,16.19,1.08744
1494367200,1221.46,1225.74,1217.66,1219.22,2399.63,78.88,16.195,1.08676
1494453600,1219.22,1227.75,1217.09,1225,2394.44,79.52,16.35,1.08612
1494540000,1225,1231.85,1224.55,1228.81,2390.9,79.6,16.468,1.09333
1494799200,1228.81,1237.39,1227.07,1230.67,2402.32,81.36,16.64,1.09754
1494885600,1230.67,1239.21,1230.42,1236.97,2400.67,80.88,16.855,1.10828
1494972000,1236.97,1261.37,1236.61,1261.13,2357.03,81.52,16.91,1.11589
1495058400,1261.13,1265.13,1246.1,1247.11,2365.72,82.08,16.57,1.11028
1495144800,1247.11,1256.51,1246.38,1255.87,2381.73,83.84,16.87,1.12066
1495404000,1255.87,1262.65,1251.89,1260.53,2394.02,84.32,17.155,1.12376
1495490400,1260.53,1263.88,1250.78,1251.15,2398.42,85.12,17.065,1.11834
1495576800,1251.15,1258.99,1247.98,1258.76,2404.39,84.8,17.23,1.1219
1495663200,1258.76,1259.76,1253.92,1255.63,2415.07,80.32,17.155,1.12104
1495749600,1255.63,1269.56,1253.2,1266.82,2415.82,82.24,17.348,1.11836
1496008800,1266.82,1269.18,1265.14,1267.08,2415.82,82.24,17.4,1.11646
1496095200,1267.08,1270.55,1259.47,1263.08,2412.91,81.92,17.405,1.11862
1496181600,1263.08,1274.2,1259.68,1268.9,2411.8,79.68,17.333,1.12438
1496268000,1268.9,1270.41,1261.6,1265.93,2430.06,79.28,17.29,1.12125
1496354400,1265.93,1279.63,1259.13,1279.1,2439.07,78.88,17.558,1.12816
1496613600,1279.1,1283.53,1277.85,1279.56,2436.1,78.4,17.555,1.12545
1496700000,1279.56,1296.17,1279.56,1294.16,2429.33,79.76,17.705,1.12774
1496786400,1294.16,1295.06,1282.74,1287.14,2433.14,75.68,17.585,1.12568
1496872800,1287.14,1289.02,1271.42,1278.08,2433.79,75.44,17.435,1.1214
1496959200,1278.08,1282.26,1264.69,1266.59,2431.77,75.92,17.2,1.11962
1497218400,1266.59,1270.46,1263.69,1265.97,2429.39,76.16,16.965,1.12029
1497304800,1265.97,1269.03,1259.17,1266.61,2440.35,76.8,16.835,1.12107
1497391200,1266.61,1281.16,1257.27,1260.71,2437.92,73.84,16.895,1.12178
1497477600,1260.71,1266.74,1251.55,1254.07,2432.46,73.44,16.74,1.11467
1497564000,1254.07,1257.22,1251.93,1253.95,2433.15,73.92,16.695,1.11972
1497823200,1253.95,1255.78,1243.13,1243.95,2453.46,72.96,16.5,1.11485
1497909600,1243.95,1248.17,1241.38,1243.11,2437.03,71.6,16.475,1.11341
1497996000,1243.11,1247.91,1240.88,1246.47,2435.61,69.68,16.46,1.11686
1498082400,1246.47,1254.85,1245.53,1250.47,2434.5,70.24,16.558,1.11521
1498168800,1250.47,1258.94,1249.91,1256.69,2438.3,70.88,16.715,1.11936
1498428000,1256.69,1258.21,1236.17,1244.77,2439.07,71.44,16.615,1.11819
1498514400,1244.77,1253.24,1241.47,1247.24,2419.38,72.8,16.68,1.13391
1498600800,1247.24,1255.01,1246.59,1249.29,2440.69,73.6,16.808,1.13778
1498687200,1249.29,1253.29,1239.86,1245.51,2419.7,73.68,16.625,1.14406
1498773600,1245.51,1248.34,1239.28,1241.68,2423.41,76,16.633,1.14268
1499032800,1241.68,1242.85,1218.69,1220.08,2429.01,76.96,16.14,1.13644
1499119200,1220.08,1226.62,1220.08,1223.49,2429.01,76.96,16.095,1.13463
1499205600,1223.49,1228.93,1217.53,1226.95,2432.54,74,16.1,1.1352
1499292000,1226.95,1229.33,1222.6,1225.26,2409.75,74.48,16.05,1.1423
1499378400,1225.26,1228.51,1207.41,1213.29,2425.18,72.8,15.613,1.14047
1499637600,1213.29,1215.72,1204.92,1214.44,2427.43,73.04,15.67,1.13993
1499724000,1214.44,1217.71,1208.27,1217.71,2425.53,74.16,15.86,1.14675
1499810400,1217.71,1225.78,1213.5,1220.48,2443.25,74.64,15.915,1.14118
1499896800,1220.48,1224.51,1216.63,1217.51,2447.83,75.76,15.695,1.13978
1499983200,1217.51,1232.97,1214.89,1229.12,2459.27,76.72,16.003,1.14718
1500242400,1229.12,1236.1,1228.35,1234.05,2459.14,75.6,16.115,1.14784
1500328800,1234.05,1244.65,1232.9,1242.37,2460.61,76.32,16.29,1.15544
1500415200,1242.37,1244.13,1236.02,1241.28,2473.83,77.52,16.28,1.1515
1500501600,1241.28,1247.64,1235.38,1244.54,2473.45,76.88,16.33,1.163
1500588000,1244.54,1255.8,1243.46,1254.87,2472.54,74.72,16.515,1.16615
1500847200,1254.87,1258.91,1252.03,1255.35,2469.91,76,16.485,1.16421
1500933600,1255.35,1257.83,1249.18,1250.08,2477.13,78.48,16.495,1.16472
1501020000,1250.08,1263.6,1243.86,1260.45,2477.83,79.68,16.65,1.17341
1501106400,1260.45,1265.35,1254.61,1258.98,2475.42,80.48,16.58,1.16765
1501192800,1258.98,1270.97,1257.49,1269.53,2472.1,81.36,16.76,1.1752
1501452000,1269.53,1271.16,1265.86,1269.45,2470.3,82.24,16.83,1.18418
1501538400,1269.45,1274.18,1262.76,1268.85,2476.35,80.72,16.705,1.18016
1501624800,1268.85,1272.93,1262.95,1266.72,2477.57,81.12,16.58,1.18558
1501711200,1266.72,1270.92,1256.9,1268.42,2472.16,80.16,16.655,1.18699
1501797600,1268.42,1270.22,1254.26,1258.78,2476.83,81.04,16.275,1.17723
1502056800,1258.78,1259.99,1255.84,1257.83,2480.91,80.8,16.28,1.17955
1502143200,1257.83,1265.34,1251.64,1260.92,2474.92,80.48,16.46,1.17525
1502229600,1260.92,1278.78,1259.95,1277.32,2474.02,81.2,16.95,1.17591
1502316000,1277.32,1287.88,1274.76,1286.29,2438.21,79.28,17.128,1.17719
1502402400,1286.29,1292.15,1281.37,1289.34,2441.32,79.92,17.12,1.18217
1502661600,1289.34,1289.9,1278.7,1282.19,2465.84,77.76,17.083,1.17795
1502748000,1282.19,1282.19,1267.37,1271.51,2464.61,78,16.63,1.1735
1502834400,1271.51,1283.89,1267.89,1283.2,2468.11,76.56,17.13,1.17672
1502920800,1283.2,1290.21,1281.53,1288.03,2430.01,76.96,17.04,1.17231
1503007200,1288.03,1300.9,1283.65,1283.87,2425.55,79.76,16.97,1.17597
1503266400,1283.87,1293.7,1280.65,1291.86,2428.37,77.68,17.015,1.18143
1503352800,1291.86,1292.6,1282.07,1285.08,2452.51,78.16,16.995,1.1762
1503439200,1285.08,1291.42,1282.86,1290.88,2444.04,79.04,17.09,1.18072
1503525600,1290.88,1291.26,1284.59,1286.4,2438.97,77.68,16.985,1.17994
1503612000,1286.4,1294.5,1275.53,1291.37,2443.05,78,17.065,1.19242
1503871200,1291.37,1312.09,1291.37,1310.07,2444.24,76.24,17.445,1.19786
1503957600,1310.07,1326.07,1305.11,1309.32,2446.3,75.68,17.4,1.19724
1504044000,1309.32,1313.75,1305.28,1308.65,2457.59,75.04,17.425,1.18835
1504130400,1308.65,1323.73,1298.36,1321.41,2471.65,77.04,17.575,1.19097
1504216800,1321.41,1328.94,1316.54,1325.02,2476.55,77.36,17.725,1.18605
1504476000,1325.02,1339.89,1325.02,1333.97,2476.55,77.36,17.876,1.18961
1504562400,1333.97,1344.43,1326.48,1339.66,2457.85,79.36,17.89,1.19141
1504648800,1339.66,1342.55,1331.78,1334.31,2465.54,80.32,17.883,1.19171
1504735200,1334.31,1349.96,1332.66,1349.26,2465.1,80.24,18.12,1.20229
1504821600,1349.26,1357.61,1342.86,1346.46,2461.43,77.84,17.97,1.20359
1505080800,1346.46,1346.46,1326.51,1327.44,2488.11,78.56,17.798,1.19529
1505167200,1327.44,1332.25,1322.71,1331.82,2496.48,78.96,17.905,1.19667
1505253600,1331.82,1334.98,1320.78,1323.16,2498.37,80.56,17.77,1.18857
1505340000,1323.16,1330.78,1315.72,1329.69,2495.62,81.04,17.795,1.19189
1505426400,1329.69,1334.42,1319.47,1320.27,2500.23,81.6,17.58,1.19438
1505685600,1320.27,1320.27,1304.71,1307.7,2503.87,81.36,17.223,1.19538
1505772000,1307.7,1311.74,1305.22,1311.04,2506.65,80.88,17.318,1.19944
1505858400,1311.04,1316.12,1296.16,1301.15,2508.24,81.92,17.178,1.18928
1505944800,1301.15,1301.8,1288.22,1291.25,2500.6,82,16.965,1.19416
1506031200,1291.25,1298.8,1291.25,1297.4,2502.22,81.92,16.995,1.19503
1506290400,1297.4,1312.07,1289.78,1310.73,2496.66,84.4,17.183,1.18482
1506376800,1310.73,1313.74,1292.26,1294.16,2496.84,83.92,16.818,1.1793
1506463200,1294.16,1296.28,1281.55,1282.88,2507.04,84.16,16.77,1.17448
1506549600,1282.88,1288.86,1277.8,1287.26,2510.06,83.44,16.875,1.17863
1506636000,1287.26,1290.42,1276.18,1279.98,2519.36,83.44,16.66,1.18145
1506895200,1279.98,1280.01,1269.66,1270.92,2529.12,81.68,16.585,1.17327
1506981600,1270.92,1274.77,1268.4,1271.7,2534.58,81.44,16.64,1.17442
1507068000,1271.7,1282.29,1270.69,1274.92,2537.74,80.64,16.59,1.17593
1507154400,1274.92,1279.08,1266.55,1268.43,2552.07,82,16.6,1.1711
1507240800,1268.43,1276.78,1260.71,1276.47,2549.33,79.76,16.83,1.17287
1507500000,1276.47,1285.59,1275.4,1284.09,2544.73,80,16.965,1.17405
1507586400,1284.09,1294.29,1282.22,1287.92,2550.64,82.24,17.12,1.18081
1507672800,1287.92,1293.6,1284.65,1291.61,2555.24,82.88,17.158,1.18587
1507759200,1291.61,1297.57,1289.74,1293.74,2550.93,81.84,17.25,1.183
1507845600,1293.74,1303.86,1291.03,1303.73,2553.17,82.96,17.413,1.18218
1508104800,1303.73,1306.11,1290.63,1295.11,2557.64,83.68,17.225,1.17962
1508191200,1295.11,1296.38,1281.49,1285.18,2559.36,83.92,17.03,1.17663
1508277600,1285.18,1288.97,1277.07,1280.97,2561.26,83.84,17.005,1.17876
1508364000,1280.97,1290.51,1276.79,1290.08,2562.1,82.8,17.255,1.1852
1508450400,1290.08,1291.16,1278.03,1280.54,2575.21,83.44,17.03,1.17836
1508709600,1280.54,1283.36,1272.64,1282.26,2564.98,83.36,17.078,1.17492
1508796000,1282.26,1283.74,1273.8,1276.81,2569.13,84.32,16.95,1.17613
1508882400,1276.81,1280.12,1271.05,1277.43,2557.15,83.84,16.95,1.18128
1508968800,1277.43,1282.6,1265.84,1267.15,2560.4,84.56,16.795,1.16504
1509055200,1267.15,1274.16,1263.62,1273.81,2581.07,86.72,16.863,1.16089
1509314400,1273.81,1278.9,1269.05,1276.32,2572.83,86.96,16.855,1.1651
1509400800,1276.32,1278.2,1267.76,1270.97,2575.26,87.44,16.72,1.1646
1509487200,1270.97,1280.95,1268.06,1274.65,2579.36,87.2,17.135,1.16189
1509573600,1274.65,1284.19,1273.43,1276.03,2579.85,87.92,17.12,1.16585
1509660000,1276.03,1280.28,1265.55,1269.9,2587.84,89.44,16.84,1.16078
1509922800,1269.9,1283.01,1266.18,1282,2591.13,92.08,17.225,1.16099
1510009200,1282,1282,1271.97,1275.4,2590.64,91.92,16.943,1.15866
1510095600,1275.4,1287.32,1275.4,1281.33,2594.38,91.28,17.038,1.15953
1510182000,1281.33,1288.57,1280.03,1285.11,2584.62,91.68,16.995,1.16418
1510268400,1285.11,1287.17,1273.48,1275.64,2582.3,91.36,16.89,1.16646
1510527600,1275.64,1279.85,1274.33,1278.18,2584.84,91.04,17.05,1.16671
1510614000,1278.18,1283.68,1270.11,1280.37,2578.87,89.04,17.025,1.17978
1510700400,1280.37,1289.6,1276.76,1278.18,2564.62,88.72,16.995,1.17914
1510786800,1278.18,1281.8,1275.16,1278.75,2585.64,88.56,17.09,1.17703
1510873200,1278.75,1297.01,1278.36,1294.07,2578.85,90.8,17.305,1.17899
1511132400,1294.07,1294.93,1274.65,1276.91,2582.14,90.24,16.923,1.17327
1511218800,1276.91,1284.81,1276.38,1280.49,2599.03,91.2,16.97,1.17382
1511305200,1280.49,1294.74,1279.16,1291.92,2597.08,92.8,17.15,1.18222
1511391600,1291.92,1293.65,1287.16,1291.18,2597.08,92.8,17.103,1.18503
1511478000,1291.18,1293.28,1285.78,1288.61,2602.42,94.32,17.03,1.19321
1511737200,1288.61,1299.3,1287.15,1294.43,2601.42,92.72,17.05,1.18984
1511823600,1294.43,1297.5,1290.71,1294.01,2627.04,92.64,16.87,1.18404
1511910000,1294.01,1296.76,1282.1,1283.71,2626.07,91.76,16.54,1.18472
1511996400,1283.71,1285.37,1270.44,1275,2647.58,91.76,16.435,1.19041
1512082800,1275,1289.36,1271.7,1280.49,2642.22,93.36,16.45,1.18957
1512342000,1280.49,1280.49,1271.13,1276.04,2639.44,91.92,16.315,1.18658
1512428400,1276.04,1277.15,1261.09,1265.99,2629.57,92.32,16.105,1.18262
1512514800,1265.99,1269.34,1262.61,1263.37,2629.27,89.6,15.963,1.17956
1512601200,1263.37,1264.54,1244.03,1247.3,2636.98,90.64,15.725,1.17728
1512687600,1247.3,1252.44,1242.85,1248.47,2651.5,91.92,15.865,1.17727
1512946800,1248.47,1251.59,1240.8,1242.1,2659.99,92.8,15.715,1.17691
1513033200,1242.1,1246.3,1236.57,1244.59,2664.11,91.52,15.735,1.17418
1513119600,1244.59,1257.19,1240.36,1255.48,2662.85,90.64,16.075,1.18259
1513206000,1255.48,1259.17,1250.53,1252.92,2652.01,91.44,15.895,1.17779
1513292400,1252.92,1261.89,1252.86,1255.32,2675.81,91.68,16.065,1.17496
1513551600,1255.32,1264.05,1252.85,1262.32,2690.16,91.52,16.15,1.17817
1513638000,1262.32,1265.39,1259.33,1261.66,2681.47,92.08,16.14,1.18399
1513724400,1261.66,1268,1261.45,1265.51,2679.25,92.88,16.185,1.18713
1513810800,1265.51,1269.07,1262.95,1266.53,2684.57,93.12,16.122,1.1874
1513897200,1266.53,1276.24,1265.05,1274.41,2683.34,93.28,16.365,1.18624
1514242800,1274.41,1283.93,1273.48,1282.96,2680.5,95.6,16.545,1.18584
1514329200,1282.96,1289.06,1281.36,1287.14,2682.62,95.36,16.685,1.18882
1514415600,1287.14,1295.2,1287.06,1294.89,2687.54,95.76,16.86,1.19426
1514502000,1294.89,1307.66,1293.92,1303.19,2673.61,96.08,16.955,1.20038
1514847600,1303.19,1319.01,1302.44,1317.63,2695.81,96.56,17.185,1.20587
1514934000,1317.63,1321.6,1307.51,1313.15,2713.06,98.72,17.133,1.20145
1515020400,1313.15,1326.08,1305.98,1322.67,2723.99,98.96,17.228,1.20683
1515106800,1322.67,1323.53,1313.79,1319.38,2743.15,98.48,17.215,1.20293
1515366000,1319.38,1322.22,1314.9,1320.45,2747.71,99.04,17.13,1.19673
1515452400,1320.45,1320.45,1308.95,1312.7,2751.29,100.56,16.975,1.1937
1515538800,1312.7,1327.84,1308.25,1316.94,2748.23,101.44,16.975,1.19476
1515625200,1316.94,1323.99,1315.79,1322.41,2767.56,101.6,16.995,1.20321
1515711600,1322.41,1339.43,1321.64,1337.89,2786.24,102.96,17.25,1.2201
1515970800,1337.89,1344.73,1336.08,1340.59,2786.24,102.96,17.358,1.22638
1516057200,1340.59,1342.38,1331.98,1338.43,2776.42,102.08,17.195,1.22603
1516143600,1338.43,1344.09,1326.39,1327.05,2802.56,102.24,16.995,1.21858
1516230000,1327.05,1333.15,1324.31,1327.01,2798.03,102.08,16.953,1.22382
1516316400,1327.01,1338.09,1325.96,1331.88,2810.3,101.76,17.025,1.22214
1516575600,1331.88,1335.77,1328.5,1333.93,2832.97,102.24,17.015,1.22621
1516662000,1333.93,1341.85,1331.43,1341.29,2839.13,103.76,17.055,1.22984
1516748400,1341.29,1362.13,1339.61,1358.51,2837.54,105.76,17.56,1.24082
1516834800,1358.51,1366.16,1342.24,1348.05,2839.25,104.48,17.3,1.23949
1516921200,1348.05,1357.15,1344.64,1351.61,2872.87,105.92,17.4,1.24327
1517180400,1351.61,1352.5,1337.72,1340.39,2853.53,104.88,17.16,1.23825
1517266800,1340.39,1349,1334.51,1338.66,2822.43,103.2,17.135,1.24025
1517353200,1338.66,1347.64,1332.75,1345.04,2823.81,103.84,17.345,1.24135
1517439600,1345.04,1351.07,1337.36,1348.65,2821.98,105.92,17.243,1.25101
1517526000,1348.65,1350.16,1327.46,1333.04,2762.13,104.32,16.598,1.24562
1517785200,1333.04,1341.69,1329.07,1339.47,2648.94,102.16,16.744,1.23669
1517871600,1339.47,1346.17,1320.27,1324.16,2695.14,101.6,16.638,1.2377
1517958000,1324.16,1332.39,1311.47,1318.43,2681.66,98.96,16.383,1.2264
1518044400,1318.43,1322.26,1307.17,1318.59,2581,96.72,16.42,1.22469
1518130800,1318.59,1322.75,1311.15,1316.2,2619.55,94.88,16.355,1.22515
1518390000,1316.2,1327.14,1314.34,1322.66,2656,95.12,16.55,1.22916
1518476400,1322.66,1331.16,1321.66,1329.53,2662.94,94.96,16.58,1.23516
1518562800,1329.53,1355.91,1317.48,1350.6,2698.63,97.44,16.865,1.24502
1518649200,1350.6,1357.24,1348.66,1353.58,2731.2,98.64,16.863,1.25062
1518735600,1353.58,1361.82,1344.87,1347.21,2732.22,99.04,16.65,1.24063
1518994800,1347.21,1351.47,1345.91,1346.65,2732.22,99.04,16.66,1.24075
1519081200,1346.65,1348.33,1328.51,1329.2,2716.26,99.12,16.45,1.23379
1519167600,1329.2,1336.32,1322.5,1324.72,2701.33,98.32,16.515,1.22833
1519254000,1324.72,1332.38,1321.05,1332.17,2703.96,100.72,16.625,1.23306
1519340400,1332.17,1332.27,1325.9,1328.92,2747.3,102.16,16.523,1.22954
1519599600,1328.92,1341.1,1326.79,1333.42,2779.6,102.88,16.673,1.23175
1519686000,1333.42,1336.8,1313.52,1318.36,2744.28,101.2,16.433,1.22332
1519772400,1318.36,1322.59,1315.71,1318.31,2713.83,98.96,16.418,1.21939
1519858800,1318.31,1321.17,1302.87,1316.99,2677.67,98.8,16.475,1.22667
1519945200,1316.99,1325.5,1315.31,1322.74,2691.25,98.96,16.52,1.23175
1520204400,1322.74,1327.87,1317.6,1320.17,2720.94,100.72,16.425,1.2336
1520290800,1320.17,1338.58,1320.09,1334.67,2728.12,100.56,16.755,1.24045
1520377200,1334.67,1340.6,1322.25,1325.53,2726.8,98.8,16.498,1.24113
1520463600,1325.53,1329.11,1319.08,1322.04,2738.97,97.2,16.495,1.23115
1520550000,1322.04,1325.26,1312.98,1323.37,2786.57,99.76,16.588,1.23069
1520805600,1323.37,1324.4,1315.13,1323,2783.02,98.96,16.53,1.23332
1520892000,1323,1328.34,1314.1,1326.39,2765.31,97.92,16.59,1.23896
1520978400,1326.39,1330.11,1321.5,1324.82,2749.48,98.24,16.543,1.23675
1521064800,1324.82,1327.97,1314.94,1316.21,2747.33,98.72,16.403,1.23048
1521151200,1316.21,1321.8,1309.7,1314.34,2752.01,100.4,16.345,1.22893
1521410400,1314.34,1319.7,1307.88,1316.79,2712.92,100.4,16.322,1.23353
1521496800,1316.79,1318.35,1307.19,1311.38,2716.94,102.48,16.197,1.22414
1521583200,1311.38,1336.74,1309.94,1332.43,2711.93,105.44,16.565,1.2338
1521669600,1332.43,1334.96,1324.81,1329.02,2643.69,103.6,16.388,1.2302
1521756000,1329.02,1350.32,1329.02,1347.15,2588.26,106.24,16.56,1.23526
1522015200,1347.15,1355.99,1343.53,1353.35,2658.55,105.68,16.703,1.24443
1522101600,1353.35,1356.97,1339.89,1345.13,2612.62,104.64,16.528,1.24028
1522188000,1345.13,1347.12,1323.55,1325.06,2605,104.32,16.29,1.23088
1522274400,1325.06,1328.42,1321.23,1325.54,2640.87,104.72,16.375,1.23005
1522620000,1325.54,1344.99,1324.89,1341.33,2581.88,101.92,16.603,1.23019
1522706400,1341.33,1342.56,1329,1332.98,2614.45,102.48,16.418,1.22703
1522792800,1332.98,1348.25,1331.59,1333.26,2644.69,102.56,16.317,1.22782
1522879200,1333.26,1335.03,1322.77,1326.66,2662.84,102.64,16.395,1.22405
1522965600,1326.66,1335.54,1319.82,1333.57,2604.47,100.08,16.393,1.22812
1523224800,1333.57,1338.07,1326.95,1336.26,2613.16,102.16,16.495,1.23208
1523311200,1336.26,1342.69,1331.16,1339.47,2656.87,106,16.578,1.2356
1523397600,1339.47,1365.4,1339.13,1353.43,2642.19,107.6,16.68,1.23671
1523484000,1353.43,1353.43,1333.8,1335.46,2663.99,108.16,16.465,1.23265
1523570400,1335.46,1347.24,1332.82,1345.22,2656.3,108.4,16.66,1.23305
1523829600,1345.22,1350.54,1340.3,1346.12,2677.84,107.04,16.67,1.23795
1523916000,1346.12,1349.44,1337.7,1347.43,2706.39,107.28,16.783,1.23698
1524002400,1347.43,1355.8,1342.31,1349.51,2708.64,111.04,17.2,1.23739
1524088800,1349.51,1354.76,1340.96,1345.7,2693.13,110.16,17.25,1.23457
1524175200,1345.7,1346.59,1335.02,1335.68,2670.14,110,17.12,1.2288
1524434400,1335.68,1335.68,1322.15,1324.91,2670.29,111.36,16.62,1.22088
1524520800,1324.91,1332.8,1322.13,1330.46,2634.56,109.44,16.725,1.22322
1524607200,1330.46,1332.19,1318.8,1323.11,2639.4,109.76,16.563,1.2161
1524693600,1323.11,1326.66,1315.31,1316.92,2666.94,110.16,16.525,1.21034
1524780000,1316.92,1325.41,1315.48,1323.42,2669.91,109.84,16.523,1.21305
1525039200,1323.42,1325.03,1310.22,1315.4,2648.05,110.4,16.325,1.20776
1525125600,1315.4,1316.46,1301.84,1303.93,2654.8,108.88,16.165,1.19925
1525212000,1303.93,1313.79,1303.74,1305.02,2635.67,109.36,16.38,1.19509
1525298400,1305.02,1318.17,1304.6,1312.2,2629.73,110.56,16.44,1.19883
1525384800,1312.2,1315.64,1308.02,1315.07,2663.42,112.72,16.535,1.19595
1525644000,1315.07,1319.04,1310.26,1314.17,2672.63,112.8,16.478,1.19221
1525730400,1314.17,1317.96,1306.14,1314.51,2671.92,112.48,16.483,1.18644
1525816800,1314.51,1317.5,1304.29,1312.75,2697.79,114.96,16.495,1.18506
1525903200,1312.75,1322.93,1310.84,1321.4,2723.07,115.28,16.715,1.19152
1525989600,1321.4,1326.02,1317.39,1318.32,2727.72,114,16.665,1.19424
1526248800,1318.32,1322.41,1313.06,1313.41,2730.13,115.04,16.515,1.19269
1526335200,1313.41,1314.93,1288.77,1290.56,2711.45,115.2,16.27,1.18377
1526421600,1290.56,1296.97,1286.48,1290.69,2722.46,115.68,16.378,1.18076
1526508000,1290.69,1294.46,1285.02,1290.71,2720.13,115.92,16.435,1.17944
1526594400,1290.71,1294.31,1286.16,1292.49,2712.97,115.44,16.455,1.17707
1526853600,1292.49,1293.19,1282.17,1292.54,2733.01,117.36,16.518,1.17916
1526940000,1292.54,1296.41,1287.99,1291.28,2724.44,116.48,16.545,1.17788
1527026400,1291.28,1298.97,1287.79,1293.42,2733.29,116.08,16.45,1.16962
1527112800,1293.42,1306.68,1292.84,1304.73,2727.76,114.32,16.673,1.17196
1527199200,1304.73,1307.8,1299.95,1301.62,2721.33,109.44,16.505,1.16469
1527458400,1301.62,1301.62,1295.57,1298.45,2721.33,109.44,16.475,1.16246
1527544800,1298.45,1306.6,1292.18,1299.09,2689.86,108.08,16.4,1.15398
1527631200,1299.09,1304.49,1295.97,1301.31,2724.01,110.64,16.505,1.16658
1527717600,1301.31,1306.75,1297.15,1298.58,2705.27,108.4,16.42,1.16931
1527804000,1298.58,1300.65,1289.31,1293.16,2734.62,106,16.395,1.16602
1528063200,1293.16,1298.13,1290.37,1292.02,2746.87,104.96,16.425,1.16987
1528149600,1292.02,1300.61,1289.89,1296.29,2748.8,105.76,16.49,1.17178
1528236000,1296.29,1301.84,1293.85,1296.49,2772.35,105.28,16.683,1.17741
1528322400,1296.49,1303.56,1294.92,1297.23,2770.37,106.8,16.71,1.17998
1528408800,1297.23,1300.65,1292.7,1299.42,2779.03,106.16,16.78,1.17694
1528668000,1299.42,1302.31,1294.12,1300.39,2782,106.88,16.933,1.1784
1528754400,1300.39,1300.7,1292.7,1296.04,2786.85,107.2,16.855,1.17453
1528840800,1296.04,1301.26,1292.03,1299.49,2775.63,107.76,17.038,1.17917
1528927200,1299.49,1309.37,1297.63,1302.31,2782.49,108.16,17.17,1.15681
1529013600,1302.31,1303.21,1275.5,1278.94,2779.66,104.4,16.55,1.1606
1529272800,1278.94,1282.47,1277.04,1278.37,2773.75,106.32,16.475,1.16228
1529359200,1278.37,1284.11,1270.51,1274.7,2762.59,105.12,16.308,1.15899
1529445600,1274.7,1276.46,1267.65,1267.82,2767.32,106.24,16.285,1.1571
1529532000,1267.82,1270.21,1261.14,1267.28,2749.76,106.48,16.325,1.16037
1529618400,1267.28,1271.5,1266.71,1268.96,2754.88,112.16,16.435,1.16544
1529877600,1268.96,1272.64,1264.55,1265.57,2717.07,110.16,16.328,1.17038
1529964000,1265.57,1267.75,1254.81,1259.09,2723.06,114.16,16.29,1.16475
1530050400,1259.09,1260.17,1250.86,1252.14,2699.63,117.2,16.063,1.1554
1530136800,1252.14,1254.31,1246.04,1248.33,2716.31,118.88,16.01,1.15687
1530223200,1248.33,1255.72,1246.2,1253.01,2718.37,120.48,16.105,1.1685
1530482400,1253.01,1254.33,1239.76,1242.13,2726.71,119.68,15.855,1.16393
1530568800,1242.13,1256.93,1237.94,1252.94,2713.22,119.36,16.02,1.16575
1530655200,1252.94,1261.23,1252.24,1255.45,2713.22,119.36,16.08,1.16568
1530741600,1255.45,1259.82,1251.35,1257.87,2736.61,118.24,16.055,1.16905
1530828000,1257.87,1259.13,1252.89,1255.03,2759.82,119.68,16.035,1.17473
1531087200,1255.03,1265.96,1254.93,1257.64,2784.17,120.24,16.11,1.17508
1531173600,1257.64,1260.37,1247.47,1255.53,2793.84,120.56,16.055,1.17443
1531260000,1255.53,1257.01,1241.59,1242.21,2774.02,114.48,15.805,1.16735
1531346400,1242.21,1248.6,1241.38,1247.08,2798.29,115.12,15.94,1.16708
1531432800,1247.08,1248.16,1236.28,1241.57,2801.31,115.76,15.806,1.16851
1531692000,1241.57,1245.59,1238.38,1240.93,2798.43,111.52,15.795,1.17113
1531778400,1240.93,1245.12,1226.15,1227.52,2809.55,111.6,15.57,1.16613
1531864800,1227.52,1229.22,1221.18,1227.51,2815.62,112.8,15.56,1.16383
1531951200,1227.51,1229.71,1211.61,1222.92,2804.49,113.04,15.308,1.16418
1532037600,1222.92,1232.31,1215.74,1232.01,2801.83,113.2,15.515,1.17248
1532296800,1232.01,1235.22,1222.32,1224.57,2806.98,112.72,15.385,1.1692
1532383200,1224.57,1229.57,1218.22,1224.46,2820.4,113.84,15.468,1.16901
1532469600,1224.46,1234.21,1223.33,1231.57,2846.07,115.36,15.613,1.17285
1532556000,1231.57,1235.23,1222.48,1222.71,2837.44,115.76,15.385,1.16428
1532642400,1222.71,1227.46,1217.57,1223.05,2818.82,114.56,15.495,1.16592
1532901600,1223.05,1225.13,1219.1,1221.5,2802.6,116.32,15.485,1.17061
1532988000,1221.5,1228.72,1214.01,1223.89,2816.29,114.24,15.515,1.16911
1533074400,1223.89,1224.92,1215.83,1215.95,2813.36,112.72,15.395,1.166
1533160800,1215.95,1221.15,1207.16,1207.9,2827.22,114.88,15.31,1.15853
1533247200,1207.9,1220.13,1204.56,1213.51,2840.35,114.16,15.41,1.15678
1533506400,1213.51,1217.91,1206.44,1207.49,2850.4,114.48,15.283,1.15535
1533592800,1207.49,1216.22,1207.45,1211.05,2858.45,114.88,15.38,1.15988
1533679200,1211.05,1215.89,1206.6,1213.79,2857.7,111.2,15.425,1.16103
1533765600,1213.79,1217.37,1210.83,1212.38,2853.58,111.04,15.438,1.1527
1533852000,1212.38,1217.18,1205.84,1211.59,2833.28,112.64,15.31,1.1413
1534111200,1211.59,1213.93,1191.7,1193.62,2821.93,112.08,15,1.14106
1534197600,1193.62,1198.77,1192.15,1194.09,2839.96,111.92,15.056,1.1344
1534284000,1194.09,1194.74,1173.21,1174.86,2818.37,108.08,14.44,1.1345
1534370400,1174.86,1182.12,1160.25,1174.2,2840.69,109.04,14.648,1.13768
1534456800,1174.2,1185.17,1171.98,1185.11,2850.13,109.52,14.808,1.14396
1534716000,1185.11,1190.95,1182.9,1190.44,2857.05,110.08,14.758,1.14817
1534802400,1190.44,1197.13,1187.76,1196.11,2862.96,110.64,14.788,1.15705
1534888800,1196.11,1201.64,1192.68,1195.53,2861.82,114.16,14.74,1.15969
1534975200,1195.53,1196.71,1183.94,1185.55,2856.98,114.16,14.5,1.15393
1535061600,1185.55,1208.56,1183.2,1205.98,2874.69,115.44,14.815,1.16229
1535320800,1205.98,1212.51,1203.19,1211.51,2896.74,116,14.905,1.16779
1535407200,1211.51,1214.35,1199.69,1201.11,2897.52,115.44,14.71,1.16947
1535493600,1201.11,1207.37,1200.95,1206.56,2914.04,117.28,14.755,1.17076
1535580000,1206.56,1207.92,1196.36,1199.85,2901.13,118,14.549,1.1671
1535666400,1199.85,1208.91,1198.36,1201.16,2901.52,117.68,14.535,1.16023
1535925600,1201.16,1203.93,1195.78,1201.11,2901.52,117.68,14.51,1.16198
1536012000,1201.11,1202.06,1189.68,1191.39,2896.72,116.64,14.16,1.15818
1536098400,1191.39,1198.43,1191,1196.6,2888.6,115.92,14.216,1.16302
1536184800,1196.6,1207.06,1195.87,1200.21,2878.05,114.4,14.155,1.16235
1536271200,1200.21,1203.6,1193.53,1196.09,2871.68,114.24,14.18,1.15533
1536530400,1196.09,1198.56,1191.61,1195.92,2877.13,113.68,14.18,1.15935
1536616800,1195.92,1199.47,1187.8,1198.66,2887.89,116.8,14.14,1.16063
1536703200,1198.66,1208.56,1192.76,1205.94,2888.92,118.24,14.25,1.16264
1536789600,1205.94,1212.72,1200.26,1201.56,2904.18,115.92,14.18,1.16902
1536876000,1201.56,1208.65,1192.88,1193.78,2904.98,116,14.05,1.16245
1537135200,1193.78,1204.88,1192.9,1201.43,2888.8,115.76,14.175,1.16835
1537221600,1201.43,1203.59,1195.92,1198.45,2904.31,117.52,14.15,1.16664
1537308000,1198.45,1206.27,1197.8,1204.1,2907.95,119.52,14.245,1.16727
1537394400,1204.1,1208.53,1200.92,1207.11,2930.75,118.4,14.32,1.17768
1537480800,1207.11,1211.14,1191.89,1199.57,2929.67,119.68,14.3,1.17492
1537740000,1199.57,1204.19,1194.49,1199.06,2919.37,122,14.255,1.17481
1537826400,1199.06,1203.41,1197.13,1201.28,2915.56,122.16,14.46,1.17666
1537912800,1201.28,1202.53,1190.58,1194.52,2905.97,120.88,14.325,1.17395
1537999200,1194.52,1198.63,1181.97,1182.69,2914,122.08,14.245,1.16408
1538085600,1182.69,1193.82,1180.82,1191.99,2913.98,124.16,14.65,1.16041
1538344800,1191.99,1192.55,1184.66,1188.9,2924.59,127.6,14.48,1.15784
1538431200,1188.9,1208.3,1188.55,1203.25,2923.43,126.96,14.68,1.15462
1538517600,1203.25,1208.4,1196.67,1197.42,2925.51,128.64,14.63,1.14778
1538604000,1197.42,1206.87,1196.1,1199.8,2901.61,125.92,14.595,1.15145
1538690400,1199.8,1205.9,1197.32,1202.78,2885.57,125.52,14.635,1.15169
1538949600,1202.78,1204.19,1182.8,1188.02,2884.43,125.44,14.365,1.14916
1539036000,1188.02,1191.96,1183.32,1189.7,2880.34,126.56,14.385,1.14904
1539122400,1189.7,1194.83,1185.38,1194.62,2785.68,123.04,14.3,1.15206
1539208800,1194.62,1226.41,1191.36,1224.27,2728.37,119.6,14.585,1.15935
1539295200,1224.27,1224.31,1215.94,1217.94,2767.13,120.96,14.598,1.15599
1539554400,1217.94,1233.33,1217.28,1227.08,2750.79,121.04,14.695,1.15795
1539640800,1227.08,1232.49,1223.42,1224.96,2809.92,121.52,14.665,1.15745
1539727200,1224.96,1229.55,1220.69,1222.41,2809.21,118.56,14.63,1.15009
1539813600,1222.41,1230.22,1218.78,1225.8,2768.78,116.48,14.58,1.1453
1539900000,1225.8,1230.88,1223.21,1226.8,2767.78,117.76,14.648,1.15244
1540159200,1226.8,1229.68,1220.18,1222.05,2755.88,117.92,14.565,1.14648
1540245600,1222.05,1239.85,1221.78,1230.33,2740.69,112.32,14.735,1.14712
1540332000,1230.33,1234.21,1225.68,1233.31,2656.1,112.4,14.685,1.1392
1540418400,1233.31,1239.24,1228.17,1232.26,2705.57,113.68,14.653,1.13751
1540504800,1232.26,1243.49,1230.13,1233.41,2658.69,114.64,14.773,1.14024
1540764000,1233.41,1235.47,1224.37,1229.62,2641.25,112.88,14.46,1.13728
1540850400,1229.62,1230.69,1219.92,1223.08,2682.63,112.24,14.491,1.13443
1540936800,1223.08,1223.46,1212.03,1214.65,2711.74,110.32,14.25,1.13116
1541023200,1214.65,1237.46,1214.64,1233.27,2740.37,107.68,14.74,1.14086
1541109600,1233.27,1236.5,1229.82,1233.11,2723.06,106.48,14.743,1.13884
1541372400,1233.11,1235.2,1226.96,1231.56,2738.31,106.4,14.645,1.14073
1541458800,1231.56,1235.97,1223.57,1227.09,2755.45,105.44,14.535,1.14273
1541545200,1227.09,1236.84,1223.08,1226.65,2813.89,104.48,14.57,1.14258
1541631600,1226.65,1227.21,1220.16,1224,2806.83,102.72,14.435,1.13634
1541718000,1224,1224.01,1206.79,1209.82,2781.01,101.6,14.16,1.13359
1541977200,1209.82,1211.53,1200.36,1200.48,2726.22,99.84,13.995,1.12183
1542063600,1200.48,1205.32,1196.39,1202.17,2722.18,93.52,14,1.12899
1542150000,1202.17,1216.63,1197.75,1210.97,2701.58,95.6,14.14,1.13096
1542236400,1210.97,1216.53,1207.24,1213.22,2730.2,95.84,14.293,1.13278
1542322800,1213.22,1225.37,1213.22,1221.28,2736.27,96.56,14.405,1.14192
1542582000,1221.28,1225.28,1218.11,1224.05,2690.73,97.12,14.43,1.14539
1542668400,1224.05,1228.85,1219.99,1221.74,2641.89,90.16,14.32,1.13706
1542754800,1221.74,1230.13,1219.82,1226.02,2649.93,92.16,14.495,1.13836
1542841200,1226.02,1229.13,1224.94,1227.22,2649.93,92.16,14.49,1.14031
1542927600,1227.22,1228.61,1220.43,1223.1,2632.56,86.64,14.282,1.13359
1543186800,1223.1,1228.14,1221.76,1222.5,2673.45,87.52,14.24,1.13275
1543273200,1222.5,1225.33,1211.98,1215.05,2682.17,87.6,14.145,1.12881
1543359600,1215.05,1226.78,1211.28,1220.97,2743.79,85.28,14.325,1.13664
1543446000,1220.97,1229.03,1220.49,1224.47,2737.76,86.96,14.31,1.13936
1543532400,1224.47,1225.64,1216.75,1222.48,2760.17,85.84,14.18,1.13169
1543791600,1222.48,1234.95,1221.38,1230.72,2790.37,90.16,14.39,1.1354
1543878000,1230.72,1242.01,1230.59,1238.54,2700.06,89.44,14.53,1.13431
1543964400,1238.54,1239.4,1233.41,1237.55,2700.06,89.44,14.5,1.13445
1544050800,1237.55,1244.37,1234.82,1237.82,2695.95,87.52,14.475,1.1374
1544137200,1237.82,1250.12,1237.38,1248.59,2633.08,88.88,14.63,1.1383
1544396400,1248.59,1250.63,1241.69,1244.53,2637.72,86,14.535,1.1357
1544482800,1244.53,1249.6,1241.11,1243.11,2636.78,87.6,14.565,1.13166
1544569200,1243.11,1247.34,1242.07,1245.61,2651.07,86.56,14.74,1.13685
1544655600,1245.61,1246.8,1240.21,1241.95,2650.54,89.68,14.745,1.13615
1544742000,1241.95,1243.1,1232.99,1238.55,2599.95,86.56,14.575,1.13062
1545001200,1238.55,1248.07,1235.85,1245.83,2545.94,83.6,14.66,1.13477
1545087600,1245.83,1250.46,1245.14,1249.4,2546.16,78.32,14.64,1.13607
1545174000,1249.4,1258.1,1241.76,1243.09,2506.96,80.16,14.595,1.13762
1545260400,1243.09,1266.55,1242.8,1259.79,2467.42,77.76,14.765,1.1446
1545346800,1259.79,1262.83,1254.01,1255.55,2416.62,76.56,14.635,1.13725
1545606000,1255.55,1270.13,1255.55,1269.49,2351.1,74.32,14.776,1.14067
1545778800,1269.49,1279.17,1264.44,1267.05,2467.7,79.2,15.035,1.13527
1545865200,1267.05,1279.01,1266.74,1275.44,2488.83,76.96,15.235,1.14307
1545951600,1275.44,1282.22,1274.35,1280.97,2485.74,76.24,15.385,1.14447
1546210800,1280.97,1284.12,1277.55,1282.36,2506.85,77.28,15.482,1.14642
1546383600,1282.36,1288.82,1278.79,1284.53,2510.03,78.8,15.523,1.1344
1546470000,1284.53,1295.01,1284.53,1294.21,2447.89,79.6,15.74,1.13935
1546556400,1294.21,1298.61,1276.71,1284.78,2531.94,81.44,15.703,1.13957
1546815600,1284.78,1295.16,1282.73,1288.91,2549.69,82.32,15.65,1.14742
1546902000,1288.91,1290.31,1279.45,1285.44,2574.41,84,15.655,1.14413
1546988400,1285.44,1293.95,1280.18,1293.46,2584.96,88.4,15.755,1.15426
1547074800,1293.46,1297.15,1286.22,1286.63,2596.64,88.8,15.565,1.15
1547161200,1286.63,1295.22,1286.63,1287.41,2596.26,87.2,15.6,1.14685
1547420400,1287.41,1295.91,1287.41,1291.64,2582.61,85.52,15.653,1.14686
1547506800,1291.64,1294.71,1286.83,1289.5,2610.3,88,15.578,1.14129
1547593200,1289.5,1295.06,1287.94,1293.89,2616.1,88.48,15.593,1.13916
1547679600,1293.89,1295.41,1288.8,1292,2635.96,88.24,15.528,1.13884
1547766000,1292,1292.59,1280.71,1281.72,2670.71,90.48,15.338,1.13642
1548025200,1281.72,1283.61,1276.84,1280.35,2670.71,90.48,15.274,1.13652
1548111600,1280.35,1285.53,1277.51,1284.96,2632.9,88.96,15.339,1.13602
1548198000,1284.96,1286.61,1278.73,1282.75,2638.7,88.4,15.366,1.1381
1548284400,1282.75,1284.85,1276.89,1281.33,2642.33,89.36,15.32,1.13041
1548370800,1281.33,1304.03,1280.03,1303.41,2664.76,90,15.748,1.14072
1548630000,1303.41,1304.51,1297.73,1303.23,2643.85,87.6,15.744,1.14285
1548716400,1303.23,1312.06,1302.8,1311.67,2640,89.28,15.84,1.14328
1548802800,1311.67,1323.46,1309.08,1319.74,2681.05,91.2,16.063,1.14795
1548889200,1319.74,1326.33,1317.53,1321.5,2704.1,90.8,16.069,1.14477
1548975600,1321.5,1323.59,1316.19,1318.51,2706.53,93.04,15.9,1.14548
1549234800,1318.51,1319.15,1308.7,1312.21,2724.87,92,15.866,1.14376
1549321200,1312.21,1316.93,1310.81,1315.16,2737.7,90.32,15.85,1.14063
1549407600,1315.16,1315.89,1305.78,1306.55,2731.61,90.56,15.675,1.13622
1549494000,1306.55,1312.01,1302.85,1310.28,2706.05,88.56,15.742,1.13413
1549580400,1310.28,1315.71,1307.85,1313.89,2707.88,88.64,15.833,1.13193
1549839600,1313.89,1314.94,1303.74,1308.01,2709.8,88.08,15.704,1.12759
1549926000,1308.01,1314.82,1306.57,1310.73,2744.73,89.28,15.709,1.13253
1550012400,1310.73,1318.26,1305.13,1306.72,2753.03,90.72,15.572,1.12606
1550098800,1306.72,1314.46,1302.49,1312.79,2745.73,91.84,15.622,1.12955
1550185200,1312.79,1322.65,1311.47,1321.05,2775.6,93.68,15.787,1.1294
1550444400,1321.05,1327.7,1320.69,1326.54,2775.6,93.68,15.807,1.13104
1550530800,1326.54,1341.93,1322.95,1340.9,2779.76,94.24,15.994,1.13403
1550617200,1340.9,1346.77,1336.95,1338.42,2784.7,95.44,16.046,1.13376
1550703600,1338.42,1341.59,1321.14,1323.67,2774.88,95.04,15.812,1.1336
1550790000,1323.67,1333.19,1321.61,1327.66,2792.67,95.6,15.898,1.13325
1551049200,1327.66,1332.63,1325.16,1327.54,2796.11,92.56,15.894,1.13575
1551135600,1327.54,1330.25,1323.57,1328.94,2793.9,93.04,15.937,1.1389
1551222000,1328.94,1329.96,1316.96,1320.1,2792.38,95.12,15.744,1.13694
1551308400,1320.1,1327.36,1312.67,1313.51,2784.49,95.6,15.61,1.13708
1551394800,1313.51,1315.28,1290.27,1293.89,2803.69,93.28,15.212,1.1364
1551654000,1293.89,1297.11,1282.93,1286.68,2792.81,94.4,15.085,1.13399
1551740400,1286.68,1289.62,1281.27,1287.85,2789.65,94.56,15.127,1.1308
1551826800,1287.85,1291.01,1283.67,1286.3,2771.45,94,15.076,1.13069
1551913200,1286.3,1289.11,1280.91,1285.7,2748.93,94.48,15.024,1.11938
1551999600,1285.7,1300.82,1285.24,1298.34,2743.07,93.84,15.331,1.12325
1552255200,1298.34,1299.16,1290.55,1293.45,2783.3,94.88,15.318,1.12448
1552341600,1293.45,1302.26,1292.11,1301.42,2791.52,95.12,15.44,1.12874
1552428000,1301.42,1311.34,1300.68,1309.31,2810.92,97.52,15.447,1.1327
1552514400,1309.31,1310.42,1292.91,1296.2,2808.48,97.76,15.192,1.13036
1552600800,1296.2,1306.48,1294.08,1302.7,2822.48,97.6,15.303,1.13295
1552860000,1302.7,1306.79,1298.31,1303.31,2832.94,98.48,15.349,1.13373
1552946400,1303.31,1310.98,1302.42,1306.84,2832.57,98.24,15.375,1.13513
1553032800,1306.84,1317.1,1298.72,1312.19,2824.23,100,15.48,1.14134
1553119200,1312.19,1320.44,1303.35,1309.19,2854.88,99.52,15.467,1.13743
1553205600,1309.19,1315.01,1306.92,1313.13,2800.71,97.84,15.44,1.13006
1553464800,1313.13,1324.55,1311.07,1321.91,2798.36,98,15.54,1.13124
1553551200,1321.91,1323.38,1312.78,1315.57,2818.46,99.76,15.445,1.1266
1553637600,1315.57,1319.36,1308.13,1309.61,2805.37,98.72,15.295,1.12438
1553724000,1309.61,1312.43,1288.63,1290.34,2815.44,98.8,15.016,1.1222
1553810400,1290.34,1299.84,1286.79,1292.17,2834.4,100,15.153,1.12178
1554069600,1292.17,1297.11,1286.53,1287.65,2867.19,102.56,15.117,1.12128
1554156000,1287.65,1292.7,1285.36,1292.52,2867.24,104.08,15.109,1.12047
1554242400,1292.52,1294.63,1287.85,1289.79,2873.4,103.92,15.135,1.12324
1554328800,1289.79,1294.47,1280.98,1291.75,2879.39,103.36,15.124,1.12203
1554415200,1291.75,1293.69,1284.46,1292.29,2892.74,105.2,15.12,1.12146
1554674400,1292.29,1303.78,1291.51,1297.46,2895.77,107.2,15.241,1.12625
1554760800,1297.46,1306.27,1296.68,1304.09,2878.2,106.64,15.221,1.12624
1554847200,1304.09,1310.66,1301.03,1308,2888.21,107.28,15.224,1.12738
1554933600,1308,1309.29,1289.68,1292.64,2888.32,106.16,14.98,1.12532
1555020000,1292.64,1295.88,1290.12,1293.22,2907.41,106.4,15,1.1299
1555279200,1293.22,1293.22,1282.57,1287.9,2905.58,105.92,15,1.13039
1555365600,1287.9,1288.84,1273.01,1276.82,2907.06,106.96,14.99,1.12808
1555452000,1276.82,1279.84,1272.65,1273.79,2900.45,106.24,15.002,1.12965
1555538400,1273.79,1277.74,1271.23,1275.29,2905.03,106.56,15.004,1.12303
1555884000,1275.29,1279.86,1273.9,1274.84,2907.97,109.36,15.013,1.12573
1555970400,1274.84,1276.59,1266.35,1272.43,2933.68,110.32,14.844,1.12275
1556056800,1272.43,1278.58,1268.82,1275.63,2927.25,109.44,14.945,1.11544
1556143200,1275.63,1282.67,1273.43,1277.22,2926.17,108.24,14.942,1.11312
1556229600,1277.22,1288.76,1274.31,1286.34,2939.88,104.72,15.08,1.11524
1556488800,1286.34,1286.75,1278.15,1279.78,2943.03,105.84,14.915,1.11854
1556575200,1279.78,1286.26,1279.78,1283.55,2945.83,106.32,14.958,1.12152
1556661600,1283.55,1287.34,1272.99,1276.81,2923.73,105.76,14.679,1.11959
1556748000,1276.81,1278.07,1266.34,1270.58,2917.52,102.56,14.627,1.11722
1556834400,1270.58,1282.62,1268.6,1278.97,2945.64,102.96,14.935,1.12019
1557093600,1278.97,1285.84,1277.13,1280.86,2932.47,104.56,14.885,1.11994
1557180000,1280.86,1286.15,1278.28,1284.53,2884.05,101.84,14.909,1.11914
1557266400,1284.53,1291.54,1279.43,1280.83,2879.42,103.12,14.84,1.11917
1557352800,1280.83,1288.27,1279.71,1283.93,2870.72,102.48,14.762,1.12147
1557439200,1283.93,1289.47,1283.2,1286.01,2881.4,102.72,14.776,1.12354
1557698400,1286.01,1301.36,1282.08,1299.87,2811.87,101.44,14.764,1.12219
1557784800,1299.87,1303.41,1293.81,1297.01,2834.41,102.96,14.79,1.1204
1557871200,1297.01,1300.95,1293.09,1296.4,2850.96,103.76,14.797,1.12009
1557957600,1296.4,1298.84,1284.13,1286.68,2876.32,105.12,14.557,1.11754
1558044000,1286.68,1289,1274.89,1277.7,2859.53,104.64,14.413,1.11576
1558303200,1277.7,1279.06,1273.74,1277.76,2840.23,105.2,14.465,1.11661
1558389600,1277.76,1278.01,1269.55,1274.71,2864.36,105.04,14.457,1.11609
1558476000,1274.71,1277.36,1272.55,1273.52,2856.27,101.92,14.447,1.11504
1558562400,1273.52,1287.39,1272.9,1283.39,2822.24,96.72,14.593,1.11817
1558648800,1283.39,1285.31,1280.85,1284.88,2826.06,97.84,14.567,1.12035
1558908000,1284.88,1287.47,1283.88,1285.11,2826.06,97.84,14.591,1.11939
1558994400,1285.11,1286.66,1276.22,1278.93,2802.39,97.84,14.362,1.11603
1559080800,1278.93,1285.59,1278.93,1279.74,2783.02,97.92,14.41,1.11312
1559167200,1279.74,1289.27,1275.07,1288.4,2788.86,94.08,14.522,1.11293
1559253600,1288.4,1307.02,1288.02,1302.91,2752.06,88.8,14.625,1.11686
1559512800,1302.91,1328.04,1302.91,1325.23,2744.45,87.92,14.781,1.12411
1559599200,1325.23,1329.12,1320.03,1325.6,2803.27,89.28,14.81,1.12518
1559685600,1325.6,1344.19,1324.63,1330.41,2826.15,86.16,14.803,1.12209
1559772000,1330.41,1339.89,1327.32,1335.39,2843.49,88.48,14.898,1.12756
1559858400,1335.39,1348.34,1330.34,1340.59,2873.34,89.84,15.018,1.13356
1560117600,1340.59,1340.59,1325.15,1327.99,2886.73,88.88,14.704,1.13116
1560204000,1327.99,1329.97,1319.96,1327.12,2885.72,88.88,14.761,1.13261
1560290400,1327.12,1338.48,1326.07,1333.58,2879.84,85.12,14.783,1.12872
1560376800,1333.58,1343.21,1332.47,1342.12,2891.64,87.04,14.902,1.12764
1560463200,1342.12,1358.27,1337.95,1343.79,2886.98,87.52,14.877,1.12087
1560722400,1343.79,1343.79,1333.06,1339.92,2889.67,86.48,14.843,1.12182
1560808800,1339.92,1354.7,1338.72,1346.63,2917.75,90,15.025,1.11941
1560895200,1346.63,1362.68,1341.44,1360.4,2926.46,90.64,15.147,1.12264
1560981600,1360.4,1393.96,1357.78,1388.46,2954.18,94.8,15.43,1.12931
1561068000,1388.46,1411.9,1382.61,1400.35,2950.46,95.76,15.346,1.13672
1561327200,1400.35,1421.54,1399.87,1419.81,2945.35,96.08,15.437,1.1398
1561413600,1419.81,1439.43,1411.98,1424.56,2917.38,96,15.364,1.13667
1561500000,1424.56,1424.56,1401.6,1409.02,2913.78,98.32,15.269,1.13687
1561586400,1409.02,1412.22,1398.7,1409.85,2924.92,98.32,15.269,1.13695
1561672800,1409.85,1424.71,1405.81,1409.5,2941.76,96.32,15.308,1.13727
1561932000,1409.5,1409.5,1381.9,1383.23,2964.33,98.24,15.151,1.12854
1562018400,1383.23,1421.08,1383.23,1418.64,2973.01,93.6,15.305,1.12846
1562104800,1418.64,1437.84,1412.13,1418.68,2995.82,94.16,15.246,1.12781
1562191200,1418.68,1421.76,1410.3,1415.41,2995.82,94.16,15.283,1.12846
1562277600,1415.41,1424.29,1386.83,1398.98,2990.41,95.6,14.999,1.1226
1562536800,1398.98,1407.67,1391.83,1395.55,2975.95,95.44,15.037,1.12142
1562623200,1395.55,1400.05,1385.85,1396.76,2979.63,96.32,15.11,1.12079
1562709600,1396.76,1419,1390.01,1418.76,2993.07,100.24,15.239,1.12511
1562796000,1418.76,1427.19,1401.12,1403.86,2999.91,100.4,15.121,1.12541
1562882400,1403.86,1417.68,1403.23,1417.68,3013.77,100.16,15.224,1.12702
1563141600,1417.68,1419.87,1407.81,1413.96,3014.3,98.4,15.37,1.12578
1563228000,1413.96,1418.34,1401.06,1406.22,3004.04,96.56,15.539,1.12105
1563314400,1406.22,1427.67,1400.16,1426.54,2984.42,94,15.986,1.12243
1563400800,1426.54,1448.16,1414.69,1446.04,2995.11,92.48,16.341,1.12767
1563487200,1446.04,1453.06,1420.32,1425.45,2976.61,93.36,16.207,1.12206
1563746400,1425.45,1430.1,1422.34,1424.86,2985.03,93.44,16.356,1.12092
1563832800,1424.86,1430.17,1414.32,1417.44,3005.47,94.48,16.401,1.11521
1563919200,1417.44,1429.53,1416.43,1425.84,3019.56,92.72,16.602,1.11402
1564005600,1425.84,1433.86,1411.2,1414.49,3003.67,92.8,16.413,1.11469
1564092000,1414.49,1424.91,1413.65,1418.69,3025.86,93.2,16.39,1.11291
1564351200,1418.69,1428.74,1414.93,1426.88,3020.97,94.56,16.457,1.11453
1564437600,1426.88,1433.26,1422.4,1430.92,3013.18,96.64,16.571,1.11552
1564524000,1430.92,1434.47,1410.63,1413.77,2980.38,96.32,16.262,1.10762
1564610400,1413.77,1446.08,1400.58,1445.33,2953.56,90.48,16.317,1.10852
1564696800,1445.33,1449.24,1430.42,1442.64,2932.05,91.84,16.206,1.11086
1564956000,1442.64,1469.83,1436.86,1463.9,2844.74,90.96,16.398,1.12031
1565042400,1463.9,1474.96,1456.47,1474.31,2881.77,89.12,16.446,1.11997
1565128800,1474.31,1510.41,1472.34,1501.36,2883.98,86.72,17.107,1.11993
1565215200,1501.36,1509.63,1490.12,1501.85,2938.09,87.68,16.932,1.118
1565301600,1501.85,1509.17,1494.91,1500.65,2918.65,90.24,16.975,1.12003
1565560800,1500.65,1519.93,1487.48,1511.38,2883.09,90.88,17.065,1.12135
1565647200,1511.38,1535.11,1480.02,1501.28,2926.32,94.96,16.967,1.11713
1565733600,1501.28,1524.07,1493.93,1516.48,2840.6,91.52,17.212,1.11384
1565820000,1516.48,1527.11,1508.08,1523.14,2847.6,90.8,17.269,1.11073
1565906400,1523.14,1528.11,1503.77,1512.72,2888.68,91.2,17.115,1.10903
1566165600,1512.72,1513.06,1493.32,1495.82,2923.65,93.28,16.873,1.10781
1566252000,1495.82,1508.67,1493.05,1507.32,2900.51,93.04,17.164,1.10997
1566338400,1507.32,1508.12,1496.65,1502.67,2924.43,92.88,17.119,1.10845
1566424800,1502.67,1504.7,1492.55,1498.26,2922.95,92.24,17.045,1.10798
1566511200,1498.26,1530.31,1493.61,1526.88,2847.11,89.52,17.415,1.11442
1566770400,1526.88,1555.21,1525.17,1527.28,2878.38,89.44,17.664,1.1101
1566856800,1527.28,1544.72,1525.74,1542.76,2869.16,91.36,18.194,1.10902
1566943200,1542.76,1546.96,1531.98,1538.97,2887.94,93.12,18.354,1.10776
1567029600,1538.97,1550.44,1519.84,1527.72,2924.58,94.24,18.273,1.10566
1567116000,1527.72,1533.21,1517.1,1518.12,2926.46,91.68,18.34,1.09901
1567375200,1518.12,1534.22,1518.12,1529.15,2926.46,91.68,18.469,1.097
1567461600,1529.15,1549.8,1521.73,1547.24,2906.27,89.76,19.266,1.09741
1567548000,1547.24,1557.11,1533.94,1552.53,2937.78,93.68,19.597,1.10351
1567634400,1552.53,1553.09,1506.41,1519.14,2976,93.6,18.652,1.10346
1567720800,1519.14,1527.95,1502.71,1510.35,2978.71,94.16,18.163,1.10284
1567980000,1510.35,1515.58,1497.67,1499.1,2978.43,96.64,18.01,1.10472
1568066400,1499.1,1501.03,1484.57,1485.63,2979.39,95.84,18.002,1.10436
1568152800,1485.63,1498.32,1485.32,1497.36,3000.93,93.44,18.118,1.10107
1568239200,1497.36,1524.29,1489.32,1499.26,3009.57,91.76,18.099,1.10637
1568325600,1499.26,1509.07,1485.87,1488.66,3007.39,91.52,17.438,1.1074
1568584800,1488.66,1512.2,1488.66,1498.43,2997.96,102.64,17.854,1.10016
1568671200,1498.43,1507.16,1493.54,1501.4,3005.7,98.32,18.011,1.10727
1568757600,1501.4,1511.68,1483.34,1494.09,3006.73,96.8,17.745,1.10298
1568844000,1494.09,1504.58,1489.06,1499.04,3006.79,97.52,17.789,1.10411
1568930400,1499.04,1519.95,1498.05,1516.91,2992.07,97.6,17.969,1.10182
1569189600,1516.91,1526.88,1511.26,1522.16,2991.78,97.68,18.644,1.09931
1569276000,1522.16,1535.76,1515.67,1531.88,2966.6,95.2,18.608,1.10201
1569362400,1531.88,1535.22,1500.51,1503.85,2984.87,94.4,17.912,1.09424
1569448800,1503.85,1512.38,1500.35,1504.62,2977.62,94.4,17.83,1.09211
1569535200,1504.62,1507.47,1486.94,1498.03,2961.79,93.28,17.556,1.09406
1569794400,1498.03,1500.59,1464.57,1472.5,2976.74,90.72,17.004,1.08994
1569880800,1472.5,1487.35,1459.14,1479.22,2940.25,89.52,17.243,1.09334
1569967200,1479.22,1505.14,1474.58,1499.49,2887.61,87.84,17.562,1.09593
1570053600,1499.49,1519.63,1495.86,1505.19,2910.63,87.44,17.554,1.09639
1570140000,1505.19,1515.8,1495.87,1506.2,2952.01,88.32,17.557,1.09784
1570399200,1506.2,1509.48,1488.1,1493.46,2938.79,88.32,17.434,1.09705
1570485600,1493.46,1509.86,1487.19,1505.58,2893.06,87.12,17.732,1.09565
1570572000,1505.58,1512.42,1499.96,1505.52,2919.4,87.92,17.738,1.09712
1570658400,1505.52,1517.12,1491.18,1494.09,2938.13,89.52,17.517,1.10054
1570744800,1494.09,1503.25,1474.05,1484.75,2970.27,91.36,17.553,1.10382
1571004000,1484.75,1497.2,1482.93,1493.18,2966.15,89.44,17.661,1.10283
1571090400,1493.18,1498.52,1477.26,1481.2,2995.68,88.48,17.417,1.10329
1571176800,1481.2,1491.66,1477.12,1489.97,2989.69,89.12,17.405,1.10717
1571263200,1489.97,1497.45,1483.53,1491.82,2997.95,90.24,17.545,1.11247
1571349600,1491.82,1494.19,1484.96,1490.96,2986.2,89.76,17.549,1.11729
1571608800,1490.96,1495.31,1481.75,1484.48,3006.72,89.68,17.559,1.11498
1571695200,1484.48,1489.04,1480.91,1487.85,2995.99,90.72,17.526,1.11251
1571781600,1487.85,1496.25,1487.8,1492.11,3004.52,93.2,17.553,1.11307
1571868000,1492.11,1504.18,1488.07,1503.84,3010.29,93.84,17.808,1.11042
1571954400,1503.84,1518.04,1500.68,1505.94,3022.55,94.64,18.04,1.10801
1572213600,1505.94,1508.27,1490.09,1492.58,3039.42,93.2,17.855,1.10996
1572300000,1492.58,1494.85,1483.7,1487.78,3036.89,92.64,17.81,1.11119
1572386400,1487.78,1496.68,1481.23,1495.71,3046.77,91.76,17.864,1.11508
1572472800,1495.71,1514.28,1493.82,1512.83,3037.56,90.4,18.101,1.11518
1572559200,1512.83,1516.4,1503.38,1514.52,3066.91,93.52,18.102,1.11656
1572822000,1514.52,1514.9,1504.47,1509.68,3078.27,94.48,18.063,1.1128
1572908400,1509.68,1509.73,1479.38,1483.72,3074.62,95.44,17.583,1.10745
1572994800,1483.72,1494.27,1482.48,1490.41,3076.78,94.48,17.64,1.1066
1573081200,1490.41,1492.28,1460.71,1468.59,3085.18,95.04,17.115,1.10502
1573167600,1468.59,1473.01,1456.3,1459.54,3093.08,95.92,16.845,1.10202
1573426800,1459.54,1466.5,1448.28,1455.84,3087.01,95.12,16.859,1.10331
1573513200,1455.84,1460.51,1445.71,1456.27,3091.84,94.96,16.772,1.1009
1573599600,1456.27,1467.14,1455.9,1463.57,3094.04,95.68,16.976,1.10071
1573686000,1463.57,1474.69,1461.22,1471.28,3096.63,95.28,17.024,1.10221
1573772400,1471.28,1471.54,1462.5,1467.69,3120.46,96.64,16.968,1.10515
1574031600,1467.69,1473.99,1456.43,1471.45,3122.03,95.2,17.044,1.10723
1574118000,1471.45,1475.43,1464.86,1472.51,3120.18,92.56,17.152,1.10782
1574204400,1472.51,1478.88,1466.02,1471.58,3108.46,95.2,17.149,1.10732
1574290800,1471.58,1475.71,1462.41,1464.41,3103.54,97.6,17.098,1.10583
1574377200,1464.41,1473.33,1461.3,1461.3,3110.29,96.88,17.026,1.10166
1574636400,1461.3,1462.19,1454.12,1455.26,3133.64,96.88,16.888,1.10146
1574722800,1455.26,1462.99,1450.15,1461.37,3140.52,97.52,17.072,1.10204
1574809200,1461.37,1462.17,1452.56,1454.56,3153.63,97.12,16.963,1.09996
1574895600,1454.56,1458.33,1454.35,1456.18,3153.63,97.12,16.953,1.10084
1574982000,1456.18,1466.64,1453.08,1463.91,3140.98,92.96,17.024,1.10208
1575241200,1463.91,1465.54,1454.02,1462.49,3113.87,93.36,16.913,1.10791
1575327600,1462.49,1481.88,1459.88,1477.63,3093.2,94.08,17.169,1.1082
1575414000,1477.63,1484.09,1471.52,1474.61,3112.76,97.52,16.857,1.10774
1575500400,1474.61,1480.42,1473,1475.99,3117.43,97.52,16.958,1.11041
1575586800,1475.99,1480.2,1458.77,1460.16,3145.91,98.56,16.575,1.10606
1575846000,1460.16,1465.47,1458.78,1461.62,3135.96,98.64,16.592,1.1064
1575932400,1461.62,1469.25,1460.09,1464.36,3132.52,99.12,16.649,1.10922
1576018800,1464.36,1478.99,1462.77,1474.71,3141.63,98.4,16.856,1.11298
1576105200,1474.71,1486.81,1464.07,1469.81,3168.57,98.96,16.927,1.113
1576191600,1469.81,1478.13,1461.87,1475.92,3168.8,99.92,16.893,1.11229
1576450800,1475.92,1479.92,1473.24,1476.12,3191.45,100.72,17.044,1.11438
1576537200,1476.12,1480.58,1474.27,1476.25,3192.52,101.76,17.016,1.11497
1576623600,1476.25,1479.38,1470.53,1475.48,3191.14,101.92,17.014,1.11136
1576710000,1475.48,1481.78,1473.32,1478.94,3205.37,102.24,17.057,1.11206
1576796400,1478.94,1481.08,1475.88,1478.37,3221.22,101.04,17.198,1.10763
1577055600,1478.37,1486.25,1477.61,1485.49,3224.01,101.6,17.449,1.10891
1577142000,1485.49,1500.57,1484.48,1499.01,3223.38,102.16,17.764,1.1088
1577314800,1499.01,1512.66,1497.49,1511.3,3239.91,103.12,17.891,1.10984
1577401200,1511.3,1515.41,1507.42,1511.18,3240.02,103.28,17.767,1.11755
1577660400,1511.18,1516.18,1510.84,1515.13,3221.29,103.12,17.92,1.11986
1577746800,1515.13,1525.38,1514.64,1517.37,3230.78,102.48,17.855,1.12128
1577833200,1517.37,1517.37,1517.35,1517.35,3230.78,102.48,17.855,1.12128
1577919600,1517.35,1531.45,1517.28,1529.04,3257.85,102.48,18.027,1.1172
1578006000,1529.04,1553.58,1528.04,1552.39,3234.85,105.44,18.059,1.11572
1578265200,1552.39,1588.96,1552.39,1565.95,3246.28,105.28,18.154,1.11975
1578351600,1565.95,1577.43,1555.37,1574.34,3237.18,105.04,18.399,1.11529
1578438000,1574.34,1611.49,1552.31,1556.45,3253.05,101.28,18.115,1.11056
1578524400,1556.45,1561.38,1540.28,1552.52,3274.7,99.92,17.912,1.1106
1578610800,1552.52,1563.19,1545.81,1562.22,3265.35,99.28,18.107,1.11172
1578870000,1562.22,1562.22,1546.66,1547.94,3288.13,97.6,17.922,1.11339
1578956400,1547.94,1548.97,1536.05,1546.43,3283.15,98.24,17.804,1.11282
1579042800,1546.43,1558.26,1546.42,1556.21,3289.29,97.44,18.004,1.11498
1579129200,1556.21,1558.17,1548.1,1552.43,3316.81,98.32,17.95,1.11369
1579215600,1552.43,1561.31,1549.44,1557.29,3329.62,98.64,18.03,1.10863
1579474800,1557.29,1562.86,1556.34,1560.66,3329.62,98.64,18.072,1.10946
1579561200,1560.66,1568.67,1546.38,1558.21,3320.79,97.92,17.842,1.10821
1579647600,1558.21,1559.3,1550.25,1558.68,3321.75,95.2,17.781,1.1093
1579734000,1558.68,1568.02,1551.96,1562.92,3325.54,93.28,17.806,1.10541
1579820400,1562.92,1575.87,1556.6,1571.81,3295.47,91.44,18.171,1.10257
1580079600,1571.81,1588.58,1571.81,1581.97,3243.63,88.8,18.1,1.10189
1580166000,1581.97,1583.12,1565.58,1567.24,3276.24,90,17.473,1.10224
1580252400,1567.24,1578.07,1563.47,1576.94,3273.4,89.28,17.566,1.10107
1580338800,1576.94,1586.05,1572.45,1574.31,3283.66,88.64,17.832,1.10315
1580425200,1574.31,1589.73,1571,1586.23,3225.52,86.72,18.014,1.10913
1580684400,1586.17,1592.2,1569.41,1576.8,3248.92,83.92,17.665,1.10596
1580770800,1576.8,1579.7,1549.09,1552.99,3297.59,83.52,17.662,1.10441
1580857200,1552.99,1562.48,1547.55,1556,3334.69,85.6,17.658,1.09991
1580943600,1556,1568.38,1552.56,1566.66,3345.78,85.92,17.817,1.09821
1581030000,1566.66,1574.12,1560.71,1570.3,3327.71,84.64,17.71,1.09463
1581289200,1570.39,1577.07,1568.08,1572.07,3352.09,83.36,17.769,1.09109
1581375600,1572.07,1574.15,1562.2,1567.8,3357.75,84,17.677,1.09155
1581462000,1567.8,1570.51,1562.05,1566.22,3379.45,86.48,17.487,1.08738
1581548400,1566.22,1578.4,1565.64,1576,3373.94,86.72,17.642,1.08415
1581634800,1576,1584.38,1573.12,1582.77,3380.16,87.6,17.73,1.08378
1581894000,1583.82,1583.85,1578.94,1581.21,3380.16,87.6,17.783,1.08354
1581980400,1581.21,1605.19,1581.21,1601.53,3370.29,87.6,18.203,1.07922
1582066800,1601.53,1613.02,1599.59,1611.69,3386.15,89.44,18.429,1.08059
1582153200,1611.69,1623.78,1603.98,1619.59,3373.23,90.24,18.419,1.07842
1582239600,1619.59,1648.5,1619.59,1643.41,3337.75,89.28,18.502,1.08486
1582498800,1643.32,1689.37,1643.32,1659.37,3225.89,85.92,18.633,1.08529
1582585200,1659.37,1664.04,1625.17,1635.06,3128.21,83.2,17.996,1.08814
1582671600,1635.06,1655.03,1624.94,1640.93,3116.39,81.52,18.003,1.08813
1582758000,1640.93,1660.45,1635.34,1645.07,2978.76,78.24,17.777,1.1
1582844400,1645.07,1649.61,1563.02,1585.97,2954.22,75.6,16.67,1.10274
1583103600,1585.97,1611.07,1575.51,1589.47,3090.23,79.36,16.733,1.11332
1583190000,1589.47,1649.41,1585.46,1641.06,3003.37,79.12,17.222,1.11727
1583276400,1641.06,1652.86,1631.95,1636.92,3130.12,78.88,17.25,1.11362
1583362800,1636.92,1674.7,1635.08,1672.24,3023.94,76.88,17.371,1.124
1583449200,1672.24,1692.17,1642.51,1673.63,2972.37,69.84,17.319,1.12881
1583704800,1673.63,1703.38,1657.62,1680.54,2746.56,52.16,17.071,1.14468
1583791200,1680.54,1680.67,1641.75,1649.4,2882.23,57.92,16.941,1.12808
1583877600,1649.4,1671.35,1633.05,1634.9,2741.38,55.52,16.78,1.12698
1583964000,1634.9,1650.3,1560.76,1576.09,2480.64,52.32,15.826,1.11859
1584050400,1576.09,1597.99,1504.83,1529.99,2711.02,55.68,14.715,1.1099
1584309600,1529.99,1575.66,1451.27,1514.32,2386.13,48.4,12.918,1.11839
1584396000,1514.32,1554.07,1465.79,1528.19,2529.19,45.68,12.611,1.09978
1584482400,1528.19,1546.42,1473.05,1486.12,2398.1,37.68,11.98,1.0914
1584568800,1486.12,1501.1,1464.2,1470.94,2409.39,42.96,12.124,1.06919
1584655200,1470.94,1516.44,1455.33,1498.68,2304.92,39.52,12.624,1.0697
1584914400,1498.68,1561.45,1482.72,1553.08,2237.4,39.04,13.277,1.07259
1585000800,1553.08,1638.6,1552.83,1629.03,2447.33,39.84,14.292,1.07885
1585087200,1629.03,1638.97,1594.69,1612.9,2475.56,40.64,14.462,1.08827
1585173600,1612.9,1645.15,1597.48,1629.66,2630.07,38.64,14.41,1.10307
1585260000,1629.66,1632.9,1614.48,1631.35,2541.47,35.76,14.492,1.11423
1585519200,1631.35,1632.69,1611.76,1622.4,2626.65,33.84,14.072,1.10453
1585605600,1622.4,1623.64,1574.39,1577.36,2584.59,33.68,13.979,1.10325
1585692000,1577.36,1601.3,1567.58,1594.9,2470.5,35.04,13.959,1.09643
1585778400,1594.9,1620.55,1582.96,1613.78,2526.9,40.88,14.484,1.0858
1585864800,1613.78,1626.26,1606.76,1623.01,2488.65,47.2,14.404,1.08135
1586124000,1623.01,1671.19,1609.17,1661,2663.68,43.84,15.01,1.07929
1586210400,1661,1673.62,1642.9,1650.8,2659.41,40.72,15.03,1.08918
1586296800,1650.8,1657.55,1640,1645.91,2749.98,42.96,14.95,1.08572
1586383200,1645.91,1690.44,1643.77,1683.29,2789.82,39.84,15.45,1.09294
1586728800,1683.29,1724.59,1674.5,1714.88,2761.63,39.44,15.41,1.09144
1586815200,1714.88,1747.87,1710.11,1727.82,2846.06,37.28,15.764,1.09814
1586901600,1727.82,1732.12,1707.97,1716.03,2783.36,35.44,15.486,1.09092
1586988000,1716.03,1738.9,1708.52,1718.05,2799.55,34.88,15.535,1.08393
1587074400,1718.05,1720.57,1680.56,1686.76,2874.56,33.68,15.179,1.08753
1587333600,1686.76,1703.26,1671.89,1695.94,2823.16,30,15.328,1.0862
1587420000,1695.94,1698.85,1661.15,1686.32,2736.56,22.48,14.876,1.0858
1587506400,1686.32,1718.85,1680.46,1713.33,2799.31,20.08,15.107,1.08232
1587592800,1713.33,1739.13,1707.5,1730.79,2797.8,21.12,15.251,1.07775
1587679200,1730.79,1736.56,1710.63,1729.8,2836.74,20.56,15.261,1.08225
1587938400,1729.8,1729.8,1706.07,1714.65,2878.48,17.52,15.204,1.08295
1588024800,1714.65,1717.24,1692.06,1708.28,2863.39,17.04,15.152,1.08194
1588111200,1708.28,1717.84,1697.88,1713.28,2939.51,18,15.313,1.0875
1588197600,1713.28,1722.07,1681.69,1686.53,2912.43,19.12,14.953,1.09552
1588284000,1686.53,1705.73,1670.74,1703.65,2830.71,18.86,14.988,1.09827
1588543200,1703.65,1714.18,1692.11,1701.97,2842.74,19.67,14.781,1.09079
1588629600,1701.97,1712.79,1688.89,1706.05,2868.44,21.51,15.018,1.08373
1588716000,1706.05,1708.28,1682.19,1685.42,2848.42,20.85,14.845,1.07941
1588802400,1685.42,1722.08,1683.35,1718.5,2881.19,20.47,15.362,1.08342
1588888800,1718.5,1723.78,1701.59,1702.68,2929.8,21.47,15.53,1.08426
1589148000,1702.68,1712.59,1691.78,1697.58,2930.32,21.17,15.498,1.08073
1589234400,1697.58,1711.12,1693.65,1699.94,2870.12,20.97,15.441,1.08481
1589320800,1699.94,1718.8,1699.29,1715.51,2820,20.6,15.584,1.08181
1589407200,1715.51,1736.57,1711.24,1731.45,2852.5,21.45,15.884,1.08048
1589493600,1731.45,1751.78,1728.68,1747.11,2863.7,22.39,16.64,1.08176
1589752800,1747.11,1765.5,1727.62,1732.65,2953.91,24.31,16.969,1.09145
1589839200,1732.65,1748.24,1726.31,1745.11,2922.94,24.44,17.349,1.09233
1589925600,1745.11,1754.16,1742.4,1748.09,2971.61,25.34,17.576,1.09795
1590012000,1748.09,1748.91,1717.35,1727.32,2948.51,26.6,17.115,1.09498
1590098400,1727.32,1740.68,1723.3,1735.3,2955.45,25.57,17.209,1.09024
1590357600,1735.3,1735.31,1721.03,1729.86,2955.45,25.57,17.107,1.08976
1590444000,1729.86,1735.77,1709.05,1710.8,2991.77,25.66,17.133,1.09823
1590530400,1710.8,1716.24,1693.85,1709.31,3036.13,25,17.276,1.10053
1590616800,1709.31,1727.72,1704.63,1722.74,3029.73,25.03,17.362,1.10771
1590703200,1722.74,1738.08,1712.79,1729.57,3044.31,25.88,17.877,1.11002
1590962400,1729.57,1744.78,1727.56,1739.73,3055.73,26.22,18.298,1.11347
1591048800,1739.73,1745.35,1721.68,1727.74,3080.82,27.07,18.074,1.11691
1591135200,1727.74,1732.27,1689.46,1696.54,3122.87,27.12,17.663,1.12332
1591221600,1696.54,1721.87,1696.54,1714.11,3112.35,27.5,17.706,1.13381
1591308000,1714.11,1716.57,1670.72,1685.45,3193.93,28.87,17.428,1.1292
1591567200,1685.45,1700.71,1677.67,1698.54,3232.39,28.37,17.779,1.12946
1591653600,1698.54,1720.97,1692.41,1715.25,3207.18,28.42,17.537,1.13396
1591740000,1715.25,1739.97,1707.91,1738.81,3190.14,28.43,18.115,1.13741
1591826400,1738.81,1744.93,1721.73,1727.6,3002.1,26.36,17.646,1.1299
1591912800,1727.6,1743.26,1722.31,1730.58,3041.31,26.43,17.492,1.12555
1592172000,1730.58,1734.19,1704.27,1725.11,3066.59,26.98,17.384,1.13226
1592258400,1725.11,1732.96,1716.64,1729.54,3124.74,27.64,17.455,1.12636
1592344800,1729.54,1730.29,1712.88,1726.8,3113.49,27.28,17.51,1.12443
1592431200,1726.8,1738.02,1717.64,1722.85,3115.34,27.89,17.373,1.12052
1592517600,1722.85,1745.27,1720,1744.51,3097.74,28.23,17.617,1.11773
1592776800,1744.51,1763.2,1742.84,1755.7,3117.86,28.98,17.713,1.12605
1592863200,1755.7,1771.16,1747.55,1768.45,3131.29,28.72,17.937,1.13082
1592949600,1768.45,1779.46,1760.81,1761.29,3050.33,27.25,17.494,1.12511
1593036000,1761.29,1769.04,1754.34,1763.62,3083.76,27.94,17.803,1.12176
1593122400,1763.62,1772.02,1747.6,1771.13,3009.05,27.36,17.801,1.12192
1593381600,1771.13,1775.77,1765.93,1772.95,3053.24,28.27,17.865,1.12417
1593468000,1772.95,1786.06,1764.75,1780.89,3100.29,28.06,18.214,1.12338
1593554400,1780.89,1789.23,1759.43,1769.92,3115.86,28.35,18.018,1.12515
1593640800,1769.92,1779.64,1757.7,1775.09,3130.01,28.75,17.947,1.12392
1593727200,1775.09,1777.37,1772.65,1775.67,3130.01,28.75,18.05,1.12488
1593986400,1775.67,1787.16,1770.28,1784.63,3179.72,28.96,18.272,1.13093
1594072800,1784.63,1797.47,1773.77,1795.07,3145.32,28.79,18.268,1.12736
1594159200,1795.07,1818.05,1791.71,1808.96,3169.94,29.18,18.74,1.133
1594245600,1808.96,1816.05,1795.85,1803.56,3152.05,28.41,18.604,1.1285
1594332000,1803.56,1810.62,1794.22,1798.76,3185.04,29.03,18.721,1.12995
1594591200,1798.76,1813.47,1798.06,1802.81,3155.22,28.5,19.075,1.13432
1594677600,1802.81,1811.04,1790.81,1809.23,3197.52,28.88,19.239,1.13997
1594764000,1809.23,1815.06,1802.48,1810.26,3226.56,29.29,19.42,1.14118
1594850400,1810.26,1813.49,1795.03,1797.2,3215.57,29.16,19.164,1.13837
1594936800,1797.2,1811.97,1795.93,1810.07,3224.73,29.1,19.339,1.14276
1595196000,1810.07,1820.53,1805.82,1817.49,3251.84,29.12,19.908,1.14477
1595282400,1817.49,1843.56,1815.88,1841.79,3257.3,29.72,21.309,1.1527
1595368800,1841.79,1872.26,1837.99,1871.42,3276.02,29.75,23.006,1.15701
1595455200,1871.42,1898.44,1863.81,1887.51,3235.66,29.41,22.598,1.15964
1595541600,1887.51,1906.59,1881.57,1905.8,3215.63,29.44,22.754,1.1656
1595800800,1905.8,1945.73,1900.05,1942.2,3239.41,29.72,24.589,1.17517
1595887200,1942.2,1981.29,1907.09,1958.47,3218.44,29.35,24.424,1.1716
1595973600,1958.47,1980.85,1941.69,1970.69,3258.44,29.57,24.312,1.17917
1596060000,1970.69,1971.85,1939.61,1956.72,3246.22,28.93,23.501,1.18473
1596146400,1956.72,1984.68,1953.34,1984.68,3271.12,29.07,24.485,1.17789
1596405600,1984.68,1991.04,1960.69,1976.97,3294.61,29.34,24.323,1.17622
1596492000,1976.97,2019.92,1965.73,2019.2,3306.51,29.78,26.007,1.18026
1596578400,2019.2,2055.82,2009.66,2038.12,3327.77,30.23,26.947,1.18631
1596664800,2038.12,2069.82,2034.75,2066.32,3349.16,30.18,28.914,1.18769
1596751200,2066.32,2075.11,2015.66,2034.99,3351.28,29.85,28.336,1.17873
1597010400,2034.99,2049.97,2019.23,2027.41,3360.47,30.16,29.126,1.17378
1597096800,2027.41,2030.11,1901.55,1911.79,3333.69,29.82,24.804,1.17401
1597183200,1911.79,1949.47,1863.36,1915.91,3380.35,30.56,25.507,1.17842
1597269600,1915.91,1966.37,1913.02,1953.72,3373.43,30.4,27.511,1.18135
1597356000,1953.72,1962.51,1932.32,1932.45,3372.85,30.33,25.743,1.18504
1597615200,1945.04,1990.78,1929.73,1985.46,3381.99,30.77,27.491,1.18704
1597701600,1985.46,2015.7,1976.2,2002.51,3389.78,30.6,27.675,1.19313
1597788000,2002.51,2006.72,1924.9,1929.04,3374.85,30.66,26.702,1.18384
1597874400,1929.04,1955.42,1924.84,1947.22,3385.51,30.52,27.241,1.18605
1597960800,1947.22,1956.03,1911.62,1940.49,3397.16,30.18,26.795,1.17543
1598220000,1940.49,1961.91,1923.86,1929,3431.28,30.35,26.617,1.17879
1598306400,1929,1937.66,1914.42,1928.18,3443.62,30.92,26.54,1.18345
1598392800,1928.18,1954.9,1902.84,1954.27,3478.73,30.93,27.502,1.183
1598479200,1954.27,1976.9,1910.15,1929.53,3484.55,30.67,26.996,1.18222
1598565600,1929.53,1973.9,1923.32,1962.93,3508.01,30.72,27.521,1.1904
1598824800,1962.93,1976.72,1954.44,1967.8,3500.31,30.58,28.14,1.19365
1598911200,1967.8,1992.43,1963.2,1970.38,3526.65,30.61,28.115,1.19118
1598997600,1970.38,1973.39,1932.77,1942.73,3580.84,29.86,27.449,1.18552
1599084000,1942.73,1951.11,1922,1930.88,3455.06,29.64,26.587,1.18517
1599170400,1930.88,1949.19,1916.59,1933.46,3426.96,28.51,26.817,1.18381
1599429600,1933.46,1941.45,1924.48,1928.46,3426.96,28.51,26.864,1.18157
1599516000,1928.46,1940.94,1906.7,1931.97,3331.84,26.75,26.664,1.17733
1599602400,1931.97,1950.9,1920.11,1946.7,3398.96,27.41,26.969,1.18031
1599688800,1946.7,1966.69,1941.43,1945.99,3339.19,26.79,26.884,1.18151
1599775200,1945.99,1954.81,1937.32,1941.55,3340.97,27.04,26.755,1.18466
1600034400,1941.55,1962.57,1937.27,1956.69,3383.54,26.94,27.134,1.18657
1600120800,1956.69,1972.24,1948.48,1954.15,3401.2,27.52,27.139,1.18466
1600207200,1954.15,1973.62,1950.01,1959.1,3385.49,28.7,27.163,1.1816
1600293600,1959.1,1961.04,1932.87,1944.01,3357.01,29.23,27.024,1.18483
1600380000,1944.01,1960.12,1943.82,1954.8,3319.47,29.06,26.779,1.18397
1600639200,1954.8,1955.75,1882.71,1912.38,3281.06,28.29,24.721,1.17711
1600725600,1912.38,1919.97,1894.73,1900.18,3315.57,28.17,24.386,1.17081
1600812000,1900.18,1905.43,1855.93,1863.45,3236.92,28.03,22.773,1.16603
1600898400,1863.45,1877.07,1848.78,1867.91,3246.59,28.5,23.144,1.16729
1600984800,1867.91,1875.27,1852.55,1861.7,3298.46,28.35,22.889,1.16324
1601244000,1861.7,1883.07,1849.15,1881.48,3351.6,28.69,23.68,1.1666
1601330400,1881.48,1899.11,1875.55,1898.09,3335.47,27.7,24.184,1.17431
1601416800,1898.09,1902.33,1881.46,1885.9,3363,28.29,23.24,1.17205
1601503200,1885.9,1912.03,1884.78,1906.15,3380.8,27.51,23.798,1.17483
1601589600,1906.15,1917.15,1889.97,1899.86,3348.44,26.35,23.722,1.17165
1601848800,1899.86,1918.8,1887.16,1913.35,3408.63,27.93,24.37,1.1783
1601935200,1913.35,1921.05,1874.89,1878.18,3360.95,28.39,23.063,1.17341
1602021600,1878.18,1898.05,1872.96,1887.29,3419.45,28.39,23.803,1.17629
1602108000,1887.29,1900.76,1881.98,1893.8,3446.83,29.14,23.841,1.17592
1602194400,1893.8,1930.59,1893.68,1930.47,3477.13,28.69,25.131,1.18297
1602453600,1930.47,1933.37,1918.33,1922.74,3534.22,28.07,25.094,1.18124
1602540000,1922.74,1925.55,1886.54,1891.36,3511.93,28.46,24.156,1.17459
1602626400,1891.36,1912.99,1882.56,1901.8,3488.67,28.98,24.27,1.17455
1602712800,1901.8,1909.01,1889.65,1908.71,3483.34,28.94,24.301,1.17078
1602799200,1908.71,1914.02,1897.96,1898.5,3483.81,28.72,24.17,1.17164
1603058400,1898.5,1918.56,1897.18,1904.2,3426.92,28.59,24.398,1.17693
1603144800,1904.2,1914.18,1894.86,1906.53,3443.12,29.05,24.629,1.18222
1603231200,1906.53,1931.45,1906.53,1924.46,3435.56,28.1,25.046,1.18613
1603317600,1924.46,1926.05,1894.71,1904.13,3453.49,28.51,24.731,1.18184
1603404000,1904.13,1914.29,1894.45,1903.33,3465.39,27.88,24.617,1.18627
1603663200,1903.33,1908.68,1891.41,1902.24,3400.97,27.11,24.3,1.18095
1603749600,1902.24,1911.48,1897.97,1908.03,3390.68,27.69,24.353,1.17956
1603836000,1908.03,1910.91,1869.48,1877.33,3271.03,26.31,23.386,1.17463
1603922400,1877.33,1885.05,1860.06,1867.88,3310.11,25.6,23.258,1.16742
1604008800,1867.88,1889.83,1864.53,1879.02,3269.96,25.25,23.655,1.16467
1604271600,1879.02,1896.07,1873.51,1895.24,3310.24,26.26,24.087,1.16406
1604358000,1895.24,1910.61,1887.1,1909.19,3369.02,26.72,24.236,1.17154
1604444400,1909.19,1916.46,1881.78,1902.98,3443.44,27.44,23.895,1.17239
1604530800,1902.98,1952.86,1902.59,1949.67,3510.45,27.16,25.351,1.18256
1604617200,1949.67,1960.44,1935.63,1945.73,3509.44,26.47,25.612,1.1873
1604876400,1945.73,1965.57,1850.6,1862.44,3550.5,28.07,24.049,1.1813
1604962800,1862.44,1890.45,1860.45,1878.74,3545.53,28.91,24.228,1.18149
1605049200,1878.74,1884.43,1856.45,1865.46,3572.66,29.04,24.284,1.17773
1605135600,1865.46,1883.87,1862.81,1876.83,3537.01,28.66,24.286,1.18062
1605222000,1876.83,1896.86,1874.08,1889.45,3585.15,28.13,24.661,1.18344
1605481200,1889.45,1899.08,1864.83,1888.96,3626.91,28.81,24.77,1.18518
1605567600,1888.96,1893.52,1877.07,1880.04,3609.53,28.87,24.478,1.18623
1605654000,1880.04,1884.87,1863.88,1872.21,3567.79,29,24.347,1.18534
1605740400,1872.21,1874.11,1852.77,1866.09,3581.87,29.09,24.061,1.18751
1605826800,1866.09,1879.86,1860.97,1879.73,3557.54,29.27,24.153,1.18574
1606086000,1879.73,1879.73,1831.08,1837.5,3577.59,29.52,23.598,1.18406
1606172400,1837.5,1839.05,1800.41,1807.94,3635.41,30.8,23.273,1.1892
1606258800,1807.94,1817.79,1801.79,1807.79,3629.65,31.37,23.351,1.19165
1606345200,1807.79,1818.32,1805.94,1810.48,3629.65,31.37,23.33,1.19136
1606431600,1810.48,1813.87,1774.43,1774.44,3638.35,31.22,22.34,1.1964
1606690800,1787.16,1790.01,1764.61,1777.12,3621.63,30.97,22.644,1.19264
1606777200,1777.12,1817.36,1775.82,1815.58,3662.45,30.62,23.983,1.2071
1606863600,1815.58,1832.54,1807.59,1830.73,3669.01,30.97,24.158,1.21153
1606950000,1830.73,1844,1823.8,1841.07,3666.72,31.25,24.065,1.21435
1607036400,1841.07,1848.24,1829.31,1835.86,3699.12,31.56,24.188,1.21222
1607295600,1835.86,1868.61,1822.27,1862.75,3691.96,31.4,24.49,1.21101
1607382000,1862.75,1875.36,1860.34,1870.26,3702.25,31.41,24.524,1.21036
1607468400,1870.26,1870.8,1825.59,1839.72,3672.82,31.34,23.955,1.20814
1607554800,1839.72,1850.03,1828.75,1836.66,3668.1,32.11,23.959,1.21375
1607641200,1836.66,1847.77,1824.19,1840.13,3663.46,31.94,23.94,1.2113
1607900400,1840.13,1840.13,1819.39,1827.17,3647.49,32.17,23.836,1.21439
1607986800,1827.17,1855.45,1825.59,1853.53,3694.62,32.54,24.505,1.21509
1608073200,1853.53,1865.74,1844.88,1864.49,3701.17,32.74,25.339,1.21996
1608159600,1864.49,1896.28,1862.1,1885.56,3722.48,33.16,26.045,1.22683
1608246000,1885.56,1889.71,1877.53,1881.24,3709.41,33.48,25.815,1.22524
1608505200,1881.24,1906.85,1855.28,1876.77,3694.92,32.64,26.17,1.22437
1608591600,1876.77,1884.3,1859,1860.01,3687.26,32.09,25.206,1.21632
1608678000,1860.01,1878.65,1857.17,1873.28,3690.01,32.75,25.536,1.2187
1608764400,1873.28,1883.55,1869.64,1879.52,3703.06,32.92,25.81,1.21872
1609110000,1879.52,1900.31,1869.34,1873.4,3735.36,32.59,26.226,1.22159
1609196400,1873.4,1886.51,1871.84,1878.21,3727.05,32.78,26.216,1.22494
1609282800,1878.21,1894.61,1876.19,1894.54,3732.05,32.91,26.666,1.22973
1609369200,1894.54,1901.07,1885.58,1898.75,3756.08,33.01,26.394,1.22147
1609714800,1898.75,1944.53,1898.75,1942.9,3700.66,32.38,27.258,1.22474
1609801200,1942.9,1953,1934.43,1950.11,3726.87,33.94,27.545,1.22978
1609887600,1950.11,1959.34,1900.97,1918.49,3748.15,34.11,27.33,1.23266
1609974000,1918.49,1927.73,1907.03,1914.41,3803.8,34.53,27.136,1.22718
1610060400,1914.41,1917.52,1828.43,1849.29,3824.69,35.43,25.433,1.22175
1610319600,1849.29,1856.78,1817.23,1843.61,3799.62,35.26,24.877,1.21511
1610406000,1843.61,1863.64,1836.72,1854.91,3801.2,35.9,25.579,1.22075
1610492400,1854.91,1863.14,1842.04,1845.12,3809.85,35.8,25.226,1.21578
1610578800,1845.12,1857.62,1828.76,1846.36,3795.55,36.24,25.511,1.21555
1610665200,1846.36,1856.95,1823.44,1828.68,3768.26,35.34,24.765,1.2076
1610924400,1828.68,1840.89,1802.69,1837.74,3768.26,35.34,24.971,1.20776
1611010800,1837.74,1845.6,1833.13,1840.22,3798.92,35.75,25.218,1.21286
1611097200,1840.22,1871.99,1832.57,1871.77,3851.86,35.79,25.862,1.21059
1611183600,1871.77,1875.14,1858.49,1869.84,3853.08,35.76,25.926,1.21637
1611270000,1869.84,1870.88,1837.43,1855.87,3841.48,35.23,25.494,1.21696
1611529200,1855.87,1867.92,1847.18,1855.94,3855.37,35.59,25.361,1.21388
1611615600,1855.94,1861.81,1848.53,1850.84,3849.63,35.45,25.466,1.21598
1611702000,1850.84,1853.21,1831.48,1843.44,3750.78,35.5,25.29,1.21105
1611788400,1843.44,1864.16,1834.1,1842.73,3787.39,35.25,26.511,1.21224
1611874800,1842.73,1875.74,1839.67,1875.74,3714.25,35.18,26.991,1.2156
1612134000,1848.28,1871.9,1848.28,1860.91,3773.87,36.12,29.004,1.20603
1612220400,1860.91,1864.16,1829.64,1838.31,3826.32,36.82,26.681,1.20435
1612306800,1838.31,1844.96,1829.74,1834.07,3830.18,37.44,26.916,1.20357
1612393200,1834.07,1834.84,1785.07,1794.34,3871.75,37.81,26.356,1.1964
1612479600,1794.34,1815.25,1792.21,1814.25,3886.84,38.19,26.924,1.20492
1612738800,1814.25,1839.23,1807.92,1830.74,3915.6,38.94,27.274,1.20486
1612825200,1830.74,1848.57,1828.95,1838.29,3911.24,39.17,27.263,1.21184
1612911600,1838.29,1855.47,1834.14,1843.26,3909.89,39.28,27.027,1.21181
1612998000,1843.26,1847.67,1821.21,1825.41,3916.39,38.97,26.982,1.21298
1613084400,1825.41,1830.82,1810.61,1824.48,3934.84,39.94,27.359,1.21201
1613343600,1824.48,1827.1,1816.12,1818.78,3934.84,39.94,27.592,1.21293
1613430000,1818.78,1826.53,1789.55,1794.64,3932.6,40.45,27.233,1.21065
1613516400,1794.64,1795.21,1769.6,1775.95,3931.34,40.89,27.381,1.20377
1613602800,1775.95,1789.7,1768.44,1775.89,3913.98,40.27,27.034,1.20909
1613689200,1775.89,1791.67,1760.69,1784.13,3906.72,39.68,27.295,1.21191
1613948400,1784.13,1812.71,1780.72,1809.74,3876.51,41.28,28.138,1.21557
1614034800,1809.74,1816.03,1795.75,1805.81,3881.38,41.62,27.682,1.21499
1614121200,1805.81,1813.87,1783.61,1804.69,3925.44,42.5,27.954,1.21666
1614207600,1804.69,1804.7,1765.63,1770.33,3829.35,42.46,27.435,1.21727
1614294000,1770.33,1775.88,1717.35,1733.87,3811.16,41.31,26.679,1.20757
1614553200,1733.87,1759.9,1719.79,1724.9,3901.83,40.6,26.571,1.20493
1614639600,1724.9,1739.22,1707.39,1738.29,3870.3,40.07,26.768,1.20911
1614726000,1738.29,1740.55,1702.05,1711.14,3819.73,41.14,26.079,1.20638
1614812400,1711.14,1723.28,1690.61,1697.43,3768.48,43.07,25.349,1.19682
1614898800,1697.43,1707.79,1687.37,1700.16,3841.95,44.44,25.231,1.1914
1615158000,1700.16,1714.35,1676.9,1683.48,3821.36,43.5,25.129,1.18467
1615244400,1683.48,1720.71,1680.25,1716.1,3875.45,43.11,25.937,1.19014
1615330800,1716.1,1726.89,1708.26,1726.76,3898.82,43.74,26.221,1.1929
1615417200,1726.76,1739.92,1719.32,1722.58,3939.35,44.6,26.125,1.19862
1615503600,1722.58,1729.46,1699.29,1729.43,3943.35,44.35,25.389,1.191
1615759200,1729.43,1734.63,1721.7,1731.91,3968.95,44.26,26.24,1.1929
1615845600,1731.91,1741.2,1726.23,1731.13,3962.72,43.83,25.951,1.19026
1615932000,1731.13,1751.69,1724.33,1745.29,3974.13,43.82,26.306,1.19792
1616018400,1745.29,1755.57,1719.32,1736.85,3915.47,40.47,26.075,1.19155
1616104800,1736.85,1746.8,1728.57,1743.03,3913.11,41.77,26.247,1.19038
1616364000,1743.03,1745.42,1727.5,1739.13,3940.6,41.71,25.75,1.19326
1616450400,1739.13,1742.59,1724.78,1727.01,3910.53,39.37,25.066,1.18493
1616536800,1727.01,1738.49,1724.07,1734.58,3889.15,41.45,25.093,1.18127
1616623200,1734.58,1745.52,1721.8,1727.11,3909.53,39.89,25.036,1.17642
1616709600,1727.11,1736.79,1721.7,1733.79,3974.55,41.53,25.07,1.1794
1616968800,1733.79,1733.79,1705.82,1712.78,3971.1,41.92,24.65,1.17648
1617055200,1712.78,1714.47,1678.88,1685.01,3958.56,41.17,24.024,1.17163
1617141600,1685.01,1715.32,1677.99,1707.66,3972.9,40.53,24.406,1.17304
1617228000,1707.66,1730.64,1705.85,1729.92,4019.88,41.84,24.983,1.17772
1617314400,1729.92,1729.92,1728.02,1728.02,4019.88,41.84,24.977,1.1761
1617573600,1728.02,1733.62,1721.34,1728.05,4077.92,40.28,24.886,1.18129
1617660000,1728.05,1745.49,1727.29,1743.25,4073.95,40.7,25.165,1.18757
1617746400,1743.25,1744.41,1730.71,1737.79,4079.96,40.86,25.141,1.1868
1617832800,1737.79,1758.74,1733.22,1755.85,4097.18,40.82,25.435,1.19142
1617919200,1755.85,1757.38,1731.22,1731.22,4128.81,40.64,24.987,1.18672
1618178400,1731.22,1745.02,1727.46,1732.47,4128,40.9,24.817,1.19105
1618264800,1732.47,1748.97,1723.81,1733.82,4141.6,41.4,25.336,1.19481
1618351200,1733.82,1749.42,1732.65,1736.34,4124.67,43.04,25.424,1.19795
1618437600,1736.34,1769.67,1734.44,1763.66,4170.43,43.27,25.844,1.19665
1618524000,1763.66,1783.85,1759.81,1783.85,4185.48,43.18,26.306,1.19947
1618783200,1783.85,1790.11,1766.8,1771.45,4163.27,43.32,25.823,1.2038
1618869600,1771.45,1780.51,1763.71,1778.91,4134.95,42.74,25.839,1.20357
1618956000,1778.91,1797.71,1766.51,1793.42,4173.43,41.77,26.549,1.20351
1619042400,1793.42,1797.95,1777.48,1784.03,4134.99,42.09,26.16,1.20151
1619128800,1784.03,1795.97,1770.05,1770.05,4180.18,42.46,25.852,1.20977
1619388000,1770.05,1783.57,1768.86,1781.33,4187.63,42.33,26.217,1.20865
1619474400,1781.33,1785.63,1773.8,1777.07,4186.73,43.11,26.266,1.20909
1619560800,1777.07,1782.59,1762.74,1781.51,4183.19,43.53,26.195,1.21263
1619647200,1781.51,1790.03,1756.21,1772.25,4211.48,44.26,26.098,1.21224
1619733600,1772.25,1773.74,1764.29,1764.29,4181.18,43.27,25.802,1.20192
1619992800,1764.29,1798.35,1764.29,1792.81,4192.67,43.98,26.879,1.20643
1620079200,1792.81,1799.05,1770.95,1778.95,4164.67,44.87,26.515,1.20143
1620165600,1778.95,1788.05,1770.43,1786.8,4167.6,44.66,26.486,1.20041
1620252000,1786.8,1818.18,1782.08,1815.1,4201.63,44.41,27.308,1.20652
1620338400,1815.1,1843.4,1812.96,1831.15,4232.61,44.43,27.446,1.21635
1620597600,1831.15,1845.46,1830.1,1835.9,4188.44,44.48,27.302,1.21291
1620684000,1835.9,1841.9,1818.09,1837.3,4152.11,44.87,27.616,1.21482
1620770400,1837.3,1843.74,1813.34,1815.41,4063.05,45.22,27.018,1.20717
1620856800,1815.41,1828.85,1808.8,1825.94,4112.51,43.81,27.095,1.20809
1620943200,1825.94,1846.68,1819.84,1843.26,4173.86,44.71,27.418,1.21452
1621202400,1843.26,1868.52,1842.12,1867,4163.3,45.39,28.176,1.21524
1621288800,1867,1875.07,1863.3,1869.35,4127.84,44.84,28.184,1.22222
1621375200,1869.35,1890.09,1852.26,1869.36,4115.69,43.43,27.731,1.2174
1621461600,1869.36,1883.94,1863.96,1876.79,4159.13,42.48,27.759,1.22278
1621548000,1876.79,1889.45,1870.2,1881.36,4155.87,43.7,27.569,1.21797
1621807200,1881.36,1887.11,1875.29,1880.44,4197.06,45.02,27.77,1.22155
1621893600,1880.44,1900.34,1872.76,1899.22,4188.12,44.92,28.006,1.22509
1621980000,1899.22,1912.8,1890.75,1896.48,4195.98,45.2,27.691,1.21922
1622066400,1896.48,1903.73,1888.3,1896.61,4200.87,45.55,27.847,1.21957
1622152800,1896.61,1905.94,1882.32,1903.63,4204.12,45.42,27.935,1.21918
1622412000,1903.63,1910.67,1902.18,1906.77,4204.12,45.42,28.044,1.2227
1622498400,1906.77,1916.62,1892.48,1900.51,4202.03,46.33,27.89,1.22129
1622584800,1900.51,1909.09,1894.44,1908.42,4208.11,46.9,28.161,1.22114
1622671200,1908.42,1909.7,1865.34,1870.51,4192.86,46.97,27.426,1.21276
1622757600,1870.51,1896.23,1855.6,1891.09,4229.88,47.26,27.792,1.21671
1623016800,1891.09,1900.2,1881.59,1899.39,4226.53,47.27,27.876,1.21895
1623103200,1899.39,1903.76,1883.95,1892.75,4227.25,47.88,27.617,1.21731
1623189600,1892.75,1899.01,1887.38,1889.04,4219.54,47.58,27.776,1.21802
1623276000,1889.04,1899.98,1869.89,1898.26,4239.19,47.83,27.99,1.21705
1623362400,1898.26,1903.03,1874.49,1877.61,4247.45,48.07,27.922,1.21083
1623621600,1877.61,1877.74,1844.84,1866,4255.16,48.32,27.856,1.21209
1623708000,1866,1869.19,1851.69,1858.9,4246.58,48.98,27.656,1.21262
1623794400,1858.9,1863.5,1803.6,1811.57,4223.71,48.75,26.996,1.19949
1623880800,1811.57,1825.37,1767.29,1773.76,4221.85,48.04,25.9,1.1907
1623967200,1773.76,1797.26,1761.03,1761.03,4166.46,48.36,25.757,1.18473
1624226400,1761.03,1786.54,1761.03,1783.32,4224.8,49.36,25.95,1.19181
1624312800,1783.32,1790.22,1772.51,1779.67,4246.43,49.42,25.769,1.19399
1624399200,1779.67,1795,1773.36,1779.19,4241.83,49.72,25.889,1.19261
1624485600,1779.19,1788.04,1772.99,1775.4,4266.48,49.84,25.936,1.19321
1624572000,1775.4,1790.44,1773.79,1781.5,4280.69,50.25,26.301,1.19347
1624831200,1781.5,1785.79,1770.74,1779.36,4290.62,49.54,26.096,1.19255
1624917600,1779.36,1779.36,1750.8,1760.65,4291.81,49.89,25.761,1.18965
1625004000,1760.65,1774.48,1753.42,1771.46,4297.49,49.88,26.131,1.18582
1625090400,1771.46,1782.91,1765.76,1777.05,4319.93,50.62,26.031,1.18495
1625176800,1777.05,1795.14,1774.36,1787.45,4352.33,50.93,26.568,1.18743
1625436000,1787.45,1794.51,1784.53,1791.95,4352.33,50.93,26.477,1.18627
1625522400,1791.95,1815.05,1790.2,1796.92,4343.53,49.9,26.159,1.18238
1625608800,1796.92,1809.83,1794,1803.05,4358.14,48.66,26.142,1.17906
1625695200,1803.05,1818.38,1794.29,1803.6,4320.83,49.52,25.935,1.18444
1625781600,1803.6,1812.48,1796.76,1808.2,4369.54,50.41,26.101,1.18755
1626040800,1808.2,1810.9,1791.68,1806.28,4384.64,50.31,26.203,1.18605
1626127200,1806.28,1817.15,1798.76,1807.8,4369.2,51.15,25.991,1.17764
1626213600,1807.8,1829.88,1804.63,1827.17,4374.31,49.7,26.211,1.1837
1626300000,1827.17,1833.95,1820.37,1829.46,4360.04,49.04,26.34,1.18124
1626386400,1829.46,1832.06,1809.06,1812.21,4327.15,49.14,25.667,1.18065
1626645600,1812.21,1817.38,1795.09,1813.35,4258.49,45.84,25.177,1.17992
1626732000,1813.35,1825.08,1805.16,1809.96,4323.05,46.51,24.937,1.17808
1626818400,1809.96,1813.8,1794.84,1803.53,4358.68,48.27,25.255,1.17938
1626904800,1803.53,1808.11,1792.82,1806.48,4367.49,49.17,25.428,1.17709
1626991200,1806.48,1810.4,1789.76,1802.35,4411.8,49.47,25.178,1.17727
1627250400,1802.35,1811.55,1796.43,1797.49,4422.31,49.67,25.192,1.18026
1627336800,1797.49,1805.35,1793.72,1798.79,4401.47,49.47,24.716,1.18165
1627423200,1798.79,1809.84,1792.79,1807.14,4400.63,49.72,24.958,1.18443
1627509600,1807.14,1832.8,1806.93,1828.29,4419.14,50.64,25.516,1.18865
1627596000,1828.29,1831.44,1810.28,1814.12,4395.27,50.66,25.49,1.18679
1627855200,1814.12,1819.58,1805.87,1813.68,4387.15,49.18,25.406,1.18698
1627941600,1813.68,1815.07,1807.16,1810.73,4423.16,48.85,25.52,1.1864
1628028000,1810.73,1831.78,1806.61,1811.83,4402.65,47.2,25.362,1.1837
1628114400,1811.83,1814.92,1797.88,1804.61,4429.09,48.1,25.145,1.18342
1628200800,1804.61,1804.86,1758.77,1761.6,4436.51,47.57,24.383,1.17619
1628460000,1761.6,1764.72,1679.13,1729.71,4432.34,46.6,23.449,1.17366
1628546400,1729.71,1738.35,1717.82,1729.22,4436.74,47.68,23.35,1.17202
1628632800,1729.22,1754.53,1724.17,1751.68,4447.69,48.3,23.547,1.17385
1628719200,1751.68,1758.23,1741.7,1752.9,4460.82,48.1,23.183,1.17301
1628805600,1752.9,1780.07,1751.8,1779.74,4467.99,47.43,23.711,1.17952
1629064800,1779.74,1789.32,1770.92,1787.72,4479.72,47.04,23.845,1.17784
1629151200,1787.72,1795.63,1780.64,1786.24,4448.07,46.58,23.632,1.17094
1629237600,1786.24,1793.86,1777.43,1786.08,4400.27,45.4,23.511,1.17108
1629324000,1786.08,1792.53,1774.54,1781.34,4405.8,44.77,23.205,1.16754
1629410400,1781.34,1788.48,1778.42,1781.13,4441.67,43.43,23.021,1.17008
1629669600,1781.13,1806.51,1776.55,1805.42,4479.53,45.85,23.633,1.17455
1629756000,1805.42,1809.61,1800.8,1802.83,4486.23,47.37,23.858,1.17557
1629842400,1802.83,1804,1782.59,1791.23,4496.2,47.81,23.841,1.17719
1629928800,1791.23,1798.29,1780.09,1792.46,4470.01,47.48,23.562,1.1752
1630015200,1792.46,1819.25,1784.4,1817.1,4509.38,48.15,24.017,1.17956
1630274400,1817.1,1823.3,1807.79,1810.42,4528.8,48.4,24.041,1.17968
1630360800,1810.42,1819.23,1801.75,1812.99,4522.69,48.04,23.892,1.18088
1630447200,1812.99,1820.09,1808.75,1813.84,4524.1,47.93,24.209,1.18394
1630533600,1813.84,1817.19,1805,1809.76,4536.94,48.95,23.858,1.18752
1630620000,1809.76,1834,1809.05,1834,4535.42,48.66,24.727,1.18658
1630879200,1827.71,1830.33,1821.47,1823.29,4535.42,48.66,24.69,1.187
1630965600,1823.29,1827.3,1792.45,1795.83,4520.02,48.04,24.315,1.18409
1631052000,1795.83,1802.26,1782.46,1789.32,4514.08,48.59,24.054,1.18161
1631138400,1789.32,1801.01,1783.93,1794.6,4493.27,47.75,24.037,1.18252
1631224800,1794.6,1803.94,1787.23,1787.66,4458.57,48.8,23.696,1.1812
1631484000,1787.66,1798.47,1783.78,1793.73,4468.72,49.48,23.739,1.18112
1631570400,1793.73,1808.77,1781.16,1804.61,4443.06,49.31,23.862,1.18033
1631656800,1804.61,1806.92,1790.8,1794.14,4480.69,50.69,23.812,1.1817
1631743200,1794.14,1796.24,1745.36,1753.78,4473.76,50.7,22.831,1.17658
1631829600,1753.78,1767.56,1747.46,1754.88,4432.98,50.32,22.406,1.17253
1632088800,1754.88,1767.04,1742.22,1761.82,4357.72,49.6,22.269,1.1726
1632175200,1761.82,1781.8,1758.03,1774.34,4354.18,49.58,22.493,1.17257
1632261600,1774.34,1787.3,1764.78,1769.27,4395.63,50.48,22.696,1.16876
1632348000,1769.27,1776.61,1737.92,1743.83,4448.99,51.38,22.512,1.17387
1632434400,1743.83,1757.7,1740.5,1750.33,4455.47,51.82,22.43,1.17198
1632693600,1750.33,1760.9,1744.87,1751.43,4443.1,52.91,22.627,1.16958
1632780000,1751.43,1754.55,1728.18,1733.94,4352.64,52.4,22.453,1.16836
1632866400,1733.94,1745.57,1721.72,1727.05,4359.45,52.32,21.502,1.15977
1632952800,1727.05,1764.24,1722.31,1756.14,4307.53,52.56,22.199,1.15779
1633039200,1756.14,1764.32,1749.82,1760.83,4357.05,53.26,22.495,1.15931
1633298400,1760.83,1770.59,1747.79,1768.73,4300.47,54.49,22.64,1.16207
1633384800,1768.73,1769.81,1748.69,1760.21,4345.71,55.63,22.59,1.15981
1633471200,1760.21,1765.18,1745.97,1762.3,4363.56,54.16,22.615,1.15558
1633557600,1762.3,1766.99,1752.03,1755.74,4399.75,55.36,22.553,1.15513
1633644000,1755.74,1781.39,1753.42,1757.35,4391.35,55.47,22.673,1.15743
1633903200,1757.35,1761.05,1750.21,1754.2,4361.2,56.18,22.577,1.1552
1633989600,1754.2,1769.41,1750.84,1762.63,4350.64,56.11,22.563,1.153
1634076000,1762.63,1796.21,1758.03,1793.03,4363.79,56.16,23.054,1.15929
1634162400,1793.03,1800.51,1786.74,1796.95,4438.25,56.81,23.52,1.15967
1634248800,1796.95,1796.95,1764.9,1767.58,4471.38,57.15,23.333,1.16015
1634508000,1767.58,1772.15,1760.37,1766.05,4486.47,56.96,23.196,1.16103
1634594400,1766.05,1785.16,1762.96,1770.64,4519.64,57.42,23.663,1.16335
1634680800,1770.64,1788.47,1766.91,1783.1,4536.2,58.12,24.296,1.16512
1634767200,1783.1,1789.51,1776.54,1782.93,4549.79,57.41,24.141,1.16233
1634853600,1782.93,1813.89,1782.93,1792.45,4544.91,58.03,24.411,1.16427
1635112800,1792.45,1810.07,1792.33,1807.88,4566.49,57.83,24.499,1.1608
1635199200,1807.88,1808.37,1782.47,1792.78,4574.8,58.45,24.155,1.1596
1635285600,1792.78,1799.12,1783.56,1794.71,4551.67,56.9,24.059,1.1603
1635372000,1794.71,1810.47,1792.39,1797,4596.41,57.4,23.999,1.16808
1635458400,1797,1801.27,1772.04,1783.55,4605.39,57.15,23.807,1.15613
1635717600,1783.55,1795.87,1779.19,1792.98,4613.68,57.53,24.046,1.16061
1635804000,1792.98,1796.44,1786.47,1787.07,4630.66,57.53,23.521,1.15792
1635890400,1787.07,1788.3,1758.91,1769.54,4660.58,55.34,23.523,1.1612
1635976800,1769.54,1798.99,1769.54,1792.1,4680.07,54.92,23.742,1.15546
1636063200,1792.1,1818.38,1785.19,1818.29,4697.54,56.55,24.129,1.15674
1636326000,1818.29,1826.49,1812.51,1824.17,4701.69,57.09,24.476,1.1587
1636412400,1824.17,1832.75,1819.23,1831.23,4685.26,57.97,24.254,1.1593
1636498800,1831.23,1868.51,1822.46,1847.49,4646.7,56.32,24.64,1.14788
1636585200,1847.49,1866.03,1842.98,1861.53,4649.26,56.22,25.296,1.14513
1636671600,1861.53,1868.74,1845.32,1868.74,4682.86,55.98,25.389,1.14622
1636930800,1868.74,1870.34,1856.43,1863.91,4682.81,56.07,25.065,1.13679
1637017200,1863.91,1877.16,1849.74,1852.04,4700.91,56.2,24.827,1.13201
1637103600,1852.04,1868.07,1849.63,1864.8,4688.68,55,24.913,1.13193
1637190000,1864.8,1870.97,1855.16,1858.88,4704.55,55.55,24.806,1.13711
1637276400,1858.88,1865.79,1843.1,1845.85,4697.95,53.78,24.621,1.12819
1637535600,1845.85,1849.16,1802.37,1804.54,4682.95,54.45,24.18,1.12376
1637622000,1804.54,1812.44,1782.03,1789.08,4690.69,56.2,23.659,1.12481
1637708400,1789.08,1796.45,1778.55,1788.47,4701.45,55.88,23.551,1.11989
1637794800,1788.47,1795.13,1786.12,1788.73,4701.45,55.88,23.602,1.12091
1637881200,1788.73,1815.59,1780.46,1792.02,4594.61,49.63,23.138,1.13185
1638140400,1792.02,1799.49,1778.89,1784.68,4655.26,50.17,22.904,1.1291
1638226800,1784.68,1808.8,1769.98,1774.82,4567.01,47.91,22.843,1.13381
1638313200,1774.82,1794.64,1772.29,1781.69,4513.03,47.04,22.324,1.13198
1638399600,1781.69,1783.52,1761.93,1768.57,4577.09,48.29,22.387,1.13011
1638486000,1768.57,1786.18,1766.17,1783.34,4538.44,48,22.549,1.13125
1638745200,1783.34,1787.83,1775.8,1778.74,4591.68,50.51,22.382,1.12859
1638831600,1778.74,1787.88,1772.33,1784.32,4686.76,51.59,22.503,1.12668
1638918000,1784.32,1793.17,1779.68,1782.99,4701.22,52.42,22.434,1.13426
1639004400,1782.99,1787.66,1773.43,1775.09,4667.44,51.02,21.958,1.12931
1639090800,1775.09,1789.56,1770.18,1782.91,4712.01,52.03,22.199,1.13164
1639350000,1782.91,1791.57,1781.88,1786.68,4668.98,51.44,22.331,1.12839
1639436400,1786.68,1789.55,1766.5,1770.75,4634.1,50.92,21.952,1.12591
1639522800,1770.75,1780.94,1753.38,1776.91,4709.84,51.62,22.084,1.12924
1639609200,1776.91,1799.7,1775.67,1799.4,4668.66,51.87,22.493,1.13305
1639695600,1799.4,1814.31,1795.87,1798.02,4620.65,50.78,22.366,1.12373
1639954800,1798.02,1804.2,1788.38,1791.04,4568.01,49.9,22.272,1.12783
1640041200,1791.04,1800.51,1784.91,1789.29,4649.22,51.57,22.514,1.12861
1640127600,1789.29,1805.09,1785.94,1803.65,4696.57,52.48,22.81,1.13265
1640214000,1803.65,1810.76,1799.02,1808.55,4725.78,53.13,22.879,1.1327
1640559600,1808.55,1813.51,1803.11,1812.09,4791.18,54.52,23.066,1.13278
1640646000,1812.09,1820.28,1805.09,1806.27,4786.34,54.67,23.015,1.13093
1640732400,1806.27,1807.75,1789.5,1804.47,4793.05,55.08,22.838,1.13486
1640818800,1804.47,1817.24,1796.29,1814.61,4778.74,55.1,23.04,1.13257
1640905200,1814.61,1830.4,1814.52,1829.28,4766.19,54.36,23.313,1.13757
1641164400,1829.28,1831.8,1798.45,1801.38,4796.57,54.83,22.897,1.12963
1641250800,1801.38,1816.77,1798.55,1814.69,4793.53,55.59,23.057,1.1287
1641337200,1814.69,1829.7,1808.35,1810.41,4700.59,55.43,22.803,1.13143
1641423600,1810.41,1811.58,1786.48,1791.22,4696.04,56.89,22.198,1.12977
1641510000,1791.22,1798.72,1782.7,1796.92,4677.04,56.67,22.374,1.13606
1641769200,1796.92,1802.39,1790.43,1801.74,4670.28,56.16,22.468,1.13262
1641855600,1801.74,1823.34,1800.21,1821.57,4713.08,58.16,22.784,1.13671
1641942000,1821.57,1828.14,1814.8,1826.14,4726.36,58.91,23.142,1.14428
1642028400,1826.14,1828.21,1812.39,1822.49,4659.02,58.27,23.089,1.14548
1642114800,1822.49,1829.2,1814.73,1817.92,4662.84,59.97,22.966,1.14157
1642374000,1817.92,1823.25,1813.23,1819.39,4662.84,59.97,23.018,1.14065
1642460400,1819.39,1822.81,1805.82,1813.74,4577.1,60.97,23.475,1.13262
1642546800,1813.74,1843.38,1810.28,1840.48,4532.77,61.05,24.141,1.13427
1642633200,1840.48,1847.97,1836,1839.27,4482.74,60.66,24.477,1.13116
1642719600,1839.27,1843.24,1828.53,1843.24,4397.95,60.78,24.169,1.13599
1642978800,1843.24,1844.39,1829.78,1843.21,4410.14,60.11,23.989,1.13262
1643065200,1843.21,1853.88,1834.97,1848.11,4356.46,60.97,23.808,1.13013
1643151600,1848.11,1850.17,1815,1819.71,4349.92,61.68,23.523,1.12389
1643238000,1819.71,1822.22,1791.87,1797.48,4326.5,61.86,22.776,1.11451
1643324400,1797.48,1799.48,1780.35,1791.95,4431.86,61.97,22.472,1.11481
1643583600,1791.95,1799.93,1785.65,1797.14,4515.54,62.48,22.467,1.12346
1643670000,1797.14,1808.82,1795.81,1801.27,4546.53,62.53,22.642,1.12715
1643756400,1801.27,1810.85,1794.5,1806.86,4589.37,62.52,22.653,1.13039
1643842800,1806.86,1809.03,1788.72,1804.9,4477.43,63.51,22.428,1.14396
1643929200,1804.9,1814.96,1792.3,1807.77,4500.54,64.91,22.519,1.14497
1644188400,1807.77,1823.62,1807.77,1820.46,4483.88,64.68,23.008,1.14422
1644274800,1820.46,1828.83,1815.5,1825.96,4521.55,63.62,23.188,1.14153
1644361200,1825.96,1835.86,1824.76,1833.16,4587.19,64.17,23.31,1.14234
1644447600,1833.16,1841.99,1821.68,1826.87,4504.07,63.96,23.193,1.14279
1644534000,1826.87,1865.45,1821,1865.45,4418.65,65.74,23.691,1.133
1644793200,1865.45,1874.22,1850.9,1871.28,4401.66,66.36,23.849,1.13066
1644879600,1871.28,1879.58,1844.61,1853.51,4471.08,64.28,23.365,1.13595
1644966000,1853.51,1872.6,1850.38,1869.71,4475.02,63.54,23.591,1.13725
1645052400,1869.71,1901.19,1867.87,1898.4,4380.26,64.17,23.837,1.13611
1645138800,1898.4,1902.52,1886.69,1886.69,4348.88,64.74,24.091,1.13142
1645398000,1886.69,1908.31,1886.69,1904.24,4348.88,64.74,23.957,1.13095
1645484400,1904.24,1914.22,1891.48,1898.45,4304.77,65.54,24.106,1.13246
1645570800,1898.45,1910.53,1889.75,1909.05,4225.49,66.24,24.556,1.13054
1645657200,1909.05,1974.46,1878.09,1903.78,4288.69,66.34,24.23,1.11927
1645743600,1903.78,1921.72,1883.21,1889.69,4384.64,65.8,24.277,1.12724
1646002800,1889.69,1929.44,1889.69,1908.96,4373.95,67.48,24.448,1.12185
1646089200,1908.96,1950.32,1901.47,1945.3,4306.27,71.82,25.383,1.11266
1646175600,1945.3,1948,1913.93,1928.66,4386.53,75.42,25.304,1.11206
1646262000,1928.66,1941.35,1922.11,1935.93,4363.5,74.53,25.184,1.10667
1646348400,1935.93,1970.9,1929.77,1970.85,4328.88,79.46,25.711,1.0886
1646607600,1970.9,2002.65,1961.14,1997.9,4201.1,82.37,25.667,1.0854
1646694000,1997.9,2070.46,1981.11,2050.2,4170.69,85.43,26.408,1.09024
1646780400,2050.2,2059.19,1976.21,1991.77,4277.87,75.47,25.771,1.10757
1646866800,1991.77,2009.23,1970.98,1996.78,4259.51,74.06,25.922,1.09856
1646953200,1996.78,1999.1,1958.75,1988.51,4204.32,76.4,25.863,1.09121
1647208800,1988.51,1990.36,1949.86,1951.07,4173.12,72.84,25.048,1.09403
1647295200,1951.07,1954.75,1907.07,1917.94,4262.44,68.63,24.894,1.09557
1647381600,1917.94,1929.59,1895.17,1927.24,4357.85,68.28,25.097,1.10359
1647468000,1927.24,1949.8,1923.4,1942.69,4411.66,73.68,25.375,1.10917
1647554400,1942.69,1945.45,1918,1918,4463.11,74.64,24.968,1.10032
1647813600,1921.78,1941.4,1918.05,1935.8,4461.17,79.54,25.204,1.10161
1647900000,1935.8,1938.44,1910.68,1921.67,4511.6,78.56,24.778,1.103
1647986400,1921.67,1948.44,1915.66,1944.04,4456.23,81.95,25.109,1.1004
1648072800,1944.04,1966.21,1937.54,1957.57,4520.17,79.75,25.528,1.09972
1648159200,1957.57,1964.38,1943.23,1958.08,4543.05,80.74,25.529,1.0983
1648418400,1958.08,1959.46,1917.05,1922.93,4575.51,74.53,24.88,1.09852
1648504800,1922.93,1929.44,1890.21,1919.47,4631.61,76.15,24.776,1.10865
1648591200,1919.47,1938.61,1916.02,1932.73,4602.46,77.91,24.875,1.11588
1648677600,1932.73,1949.9,1919.29,1937.41,4530.42,74.12,24.791,1.1067
1648764000,1937.41,1939.57,1918.09,1925.22,4545.87,74.17,24.636,1.10469
1649023200,1925.22,1936.94,1915.61,1932.47,4582.63,76.86,24.539,1.09722
1649109600,1932.47,1944.66,1918.02,1923.76,4525.11,74.8,24.332,1.09048
1649196000,1923.76,1933.54,1915.22,1925.1,4481.16,73.05,24.458,1.08958
1649282400,1925.1,1937.82,1920.64,1931.87,4500.2,73.11,24.599,1.08784
1649368800,1931.87,1948.21,1927.8,1948.15,4488.27,74.11,24.812,1.08365
1649628000,1948.15,1969.66,1940.05,1953.71,4412.54,72.3,25.095,1.08839
1649714400,1953.71,1978.71,1949.75,1966.66,4397.46,75.98,25.366,1.08286
1649800800,1966.66,1981.59,1962.92,1977.87,4446.6,78.42,25.737,1.08901
1649887200,1977.87,1980.4,1960.72,1973.77,4392.6,79.57,25.672,1.08296
1649973600,1973.77,1973.77,1973.33,1973.57,4392.6,79.57,25.55,1.08108
1650232800,1973.57,1998.35,1971.43,1978.95,4391.7,80.41,25.864,1.07823
1650319200,1978.95,1982.02,1943.78,1950.27,4462.22,76.86,25.185,1.07874
1650405600,1950.27,1958.44,1939.41,1957.84,4459.46,77.24,25.198,1.08529
1650492000,1957.84,1957.84,1936.81,1951.4,4393.67,78.12,24.66,1.08343
1650578400,1951.4,1955.66,1926.71,1926.71,4271.79,76.31,24.053,1.07708
1650837600,1926.71,1934.53,1891.53,1897.91,4296.13,74.65,23.621,1.07132
1650924000,1897.91,1911.28,1895.78,1905.41,4175.21,76.46,23.512,1.06379
1651010400,1905.41,1907.07,1881.48,1885.97,4183.97,76.37,23.307,1.05573
1651096800,1885.97,1896.8,1872.21,1894.66,4287.49,78.08,23.155,1.04991
1651183200,1894.66,1919.93,1892.59,1897.11,4131.92,77.16,22.776,1.05441
1651442400,1919.93,1919.93,1854.68,1863.16,4155.39,78.38,22.646,1.05038
1651528800,1863.16,1878.18,1850.48,1868.32,4175.47,76.69,22.569,1.05208
1651615200,1868.32,1889.84,1861.5,1881.2,4300.16,80.22,22.977,1.06226
1651701600,1881.2,1909.84,1872.55,1877.16,4146.86,80.48,22.524,1.05433
1651788000,1877.16,1892.57,1866.22,1883.58,4123.35,82.13,22.359,1.05466
1652047200,1883.58,1885.86,1851.89,1854.13,3991.23,76.57,21.793,1.05614
1652133600,1854.13,1865.48,1835.49,1838.27,4001.04,74.53,21.263,1.05287
1652220000,1838.27,1858.18,1832.1,1852.54,3935.19,78.18,21.572,1.05125
1652306400,1852.54,1858.82,1821.38,1821.62,3930.09,79.23,20.682,1.038
1652392800,1821.62,1828.89,1799.21,1812.17,4023.9,81.28,21.108,1.04121
1652652000,1812.17,1826.98,1786.97,1823.95,4008.02,83.11,21.623,1.04339
1652738400,1823.95,1836.16,1812.95,1815.01,4088.84,81.11,21.636,1.05497
1652824800,1815.01,1824.8,1807.42,1816.52,3923.67,79.29,21.419,1.04635
1652911200,1816.52,1849.21,1811.02,1842.08,3900.78,80.58,21.93,1.05882
1652997600,1842.08,1849.49,1832.42,1846.57,3901.35,81.65,21.768,1.05636
1653256800,1846.57,1865.48,1843.64,1853.54,3973.76,81.97,21.801,1.06908
1653343200,1853.54,1869.77,1849.38,1866.5,3941.49,82,22.114,1.07351
1653429600,1866.5,1868.12,1841.31,1853.52,3978.74,82.48,21.988,1.06797
1653516000,1853.52,1854.38,1840.87,1851.03,4057.85,84.59,22.013,1.07266
1653602400,1851.03,1861.98,1848.04,1861.94,4158.23,85.46,22.446,1.06972
1653861600,1861.94,1864.1,1848.21,1855.42,4158.23,85.46,21.983,1.0779
1653948000,1855.42,1857.19,1835.12,1837.32,4132.16,85.47,21.55,1.07343
1654034400,1837.32,1850.02,1828.59,1846.42,4101.24,85.54,21.831,1.06493
1654120800,1846.42,1870.5,1844.17,1868.59,4176.81,87.25,22.304,1.07472
1654207200,1868.59,1874.17,1847.43,1851.16,4108.55,89.47,21.927,1.07186
1654466400,1851.16,1857.88,1840.72,1841.23,4121.44,88.39,22.077,1.06963
1654552800,1841.23,1855.61,1837.04,1852.38,4160.67,90.04,22.229,1.07042
1654639200,1852.38,1859.71,1844.66,1853.61,4115.78,91.99,22.049,1.07165
1654725600,1853.61,1855.4,1840.11,1848.05,4017.81,91.08,21.69,1.06166
1654812000,1848.05,1875.97,1825.24,1871.77,3900.85,90.13,21.895,1.05176
1655071200,1871.77,1879.16,1818.75,1819.34,3749.64,90.36,21.074,1.04097
1655157600,1819.34,1831.64,1805.17,1808.23,3735.47,88.45,21.048,1.04158
1655244000,1808.23,1841.86,1807.54,1833.77,3790,86.93,21.67,1.04443
1655330400,1833.77,1857.61,1815.4,1856.74,3666.76,87.66,21.956,1.0549
1655416800,1856.74,1856.74,1833.86,1839.7,3674.85,83.34,21.674,1.04984
1655676000,1839.7,1846.2,1834.8,1838.54,3674.85,83.34,21.603,1.05111
1655762400,1838.54,1843.69,1828.62,1832.92,3764.8,84.05,21.691,1.05323
1655848800,1832.92,1847.89,1823.51,1837.61,3759.9,80.88,21.421,1.05662
1655935200,1837.61,1846.13,1822.57,1822.66,3795.72,78.98,20.953,1.05235
1656021600,1822.66,1831.84,1816.98,1816.98,3911.73,81.27,21.224,1.05713
1656280800,1816.98,1841.13,1816.98,1822.65,3900.12,82.93,21.153,1.05831
1656367200,1822.65,1829.53,1818.49,1819.73,3821.54,84.72,20.852,1.05193
1656453600,1819.73,1833.09,1812.19,1817.65,3818.84,82.95,20.737,1.04413
1656540000,1817.65,1825.09,1802.78,1807.26,3785.39,80.35,20.28,1.0484
1656626400,1807.26,1812.06,1784.59,1811.54,3825.32,81.67,19.88,1.04281
1656885600,1811.54,1814.32,1804.04,1808.02,3825.32,81.67,19.972,1.04222
1656972000,1808.02,1812.22,1764,1765,3831.38,74.78,19.217,1.02659
1657058400,1765,1772.91,1732.32,1739.12,3845.09,73.67,19.204,1.01817
1657144800,1739.12,1749.11,1736.59,1740.19,3902.63,76.55,19.226,1.01595
1657231200,1740.19,1752.48,1733.11,1742.24,3899.37,78.54,19.315,1.01869
1657490400,1742.24,1744.59,1731.32,1734.05,3854.44,78.23,19.116,1.00406
1657576800,1734.05,1744.36,1723.29,1726.14,3818.79,72.81,18.928,1.00375
1657663200,1726.14,1745.46,1707.18,1735.45,3801.77,73.19,19.209,1.00571
1657749600,1735.45,1736.42,1697.67,1709.64,3790.37,72.85,18.422,1.00181
1657836000,1709.64,1716.7,1699.11,1708,3863.17,73.74,18.703,1.00866
1658095200,1708,1723.95,1706.02,1709.18,3830.86,76.81,18.688,1.0143
1658181600,1709.18,1718.47,1705.46,1711.73,3936.691,78.05,18.757,1.02276
1658268000,1711.73,1714.64,1692.56,1696.5,3959.899,77.64,18.67,1.01798
1658354400,1696.5,1720.24,1680.95,1718.57,3998.949,75.49,18.862,1.02312
1658440800,1718.57,1739.34,1712.91,1727.72,3961.631,74.53,18.593,1.02138
1658700000,1727.72,1736.34,1714.78,1719.93,3966.839,76.22,18.438,1.02203
1658786400,1719.93,1728.24,1713.71,1717.25,3921.049,75.16,18.623,1.0117
1658872800,1717.25,1740.43,1711.58,1734.32,4023.611,77.87,19.098,1.01982
1658959200,1734.32,1757.11,1733.94,1755.83,4072.429,77.13,20.002,1.01974
1659045600,1755.83,1768.03,1752.17,1752.28,4130.289,78.05,20.392,1.01462
1659304800,1752.28,1775.18,1752.28,1772.35,4118.631,75.13,20.361,1.02624
1659391200,1772.35,1788.09,1760.08,1760.38,4091.191,75.93,19.981,1.01664
1659477600,1760.38,1772.81,1754.38,1765.35,4155.171,73.53,20.059,1.01665
1659564000,1765.35,1794.99,1763.38,1791.19,4151.939,71.53,20.177,1.02454
1659650400,1791.19,1794.93,1765.04,1775.34,4145.191,71.54,19.895,1.01837
1659909600,1775.34,1790.07,1770.85,1789.03,4140.05,73.54,20.664,1.01967
1659996000,1789.03,1800.5,1783.27,1794.13,4122.48,73.45,20.53,1.02133
1660082400,1794.13,1807.91,1787.67,1792.45,4210.23,74.32,20.589,1.02996
1660168800,1792.45,1799.47,1783.59,1790.03,4207.28,76.28,20.316,1.03217
1660255200,1790.03,1802.72,1784.99,1802.4,4280.14,74.98,20.829,1.026
1660514400,1802.4,1802.52,1773.01,1779.87,4297.15,72.88,20.278,1.01604
1660600800,1779.87,1783.21,1771.48,1775.6,4305.19,71.24,20.147,1.0171
1660687200,1775.6,1782.36,1759.8,1761.68,4274.03,72.05,19.79,1.0181
1660773600,1761.68,1772.46,1755.58,1758.49,4283.73,74.21,19.545,1.00884
1660860000,1758.49,1759.43,1745.55,1745.55,4228.49,74.06,19.027,1.00321
1661119200,1745.55,1749.11,1727.8,1736.47,4138,74.68,18.99,0.99433
1661205600,1736.47,1754.17,1730.87,1748.4,4128.72,76.83,19.113,0.99697
1661292000,1748.4,1755.91,1742.53,1751.08,4140.76,78.04,19.114,0.99669
1661378400,1751.08,1765.55,1750.02,1758.94,4199.11,76.5,19.251,0.99751
1661464800,1758.94,1759.05,1734.19,1738.05,4057.66,75.85,18.902,0.99629
1661724000,1738.05,1745.59,1720.38,1737.05,4030.6,78.69,18.76,0.99985
1661810400,1737.05,1740.59,1721.25,1724.13,3986.15,75.47,18.431,1.00142
1661896800,1724.13,1726.59,1709.67,1711.4,3954.99,73.11,17.993,1.00539
1661983200,1711.4,1711.51,1688.84,1698.04,3966.86,70.95,17.816,0.99454
1662069600,1698.04,1718.05,1695.07,1712.23,3924.27,71.43,18.05,0.99517
1662328800,1712.23,1715.88,1707.75,1710.13,3924.27,71.43,18.155,0.99317
1662415200,1710.13,1726.8,1699.85,1702.17,3908.2,71.42,18.008,0.99041
1662501600,1702.17,1719.54,1691.44,1718.19,3979.88,67.62,18.454,1.00061
1662588000,1718.19,1728.25,1704.04,1708.6,4006.19,68.09,18.537,0.99973
1662674400,1708.6,1729.57,1708.57,1717.15,4067.35,71.1,18.846,1.00442
1662933600,1717.15,1735.21,1712.05,1724.47,4110.42,72.37,19.787,1.01225
1663020000,1724.47,1731.82,1697.14,1702.08,3932.68,72.01,19.331,0.9969
1663106400,1702.08,1707.15,1693.69,1697.42,3946.02,72.73,19.639,0.99808
1663192800,1697.42,1698.3,1660.43,1665.06,3901.34,69.76,19.176,0.99984
1663279200,1665.06,1680.38,1654.25,1675.09,3873.32,69.9,19.587,1.00164
1663538400,1675.09,1680.04,1659.71,1675.92,3899.88,70.05,19.561,1.00242
1663624800,1675.92,1679.51,1660.01,1664.94,3855.94,69.22,19.279,0.99704
1663711200,1664.94,1688.14,1653.98,1674.22,3789.94,68.68,19.568,0.98376
1663797600,1674.22,1684.92,1655.71,1670.97,3758,68.97,19.633,0.98358
1663884000,1670.97,1675.93,1639.82,1639.82,3693.22,65.32,18.777,0.96681
1664143200,1639.82,1649.85,1621.21,1622.49,3655.05,63.2,18.346,0.96095
1664229600,1622.49,1642.46,1622.29,1628.8,3647.28,64.42,18.386,0.95935
1664316000,1628.8,1662.77,1614.95,1659.9,3719.03,67.13,18.889,0.9735
1664402400,1659.9,1664.93,1641.57,1660.57,3640.46,66.77,18.825,0.98161
1664488800,1660.57,1675.41,1659.3,1675.38,3585.61,65.28,19.293,0.97349
1664748000,1675.38,1701.53,1659.73,1700.2,3678.44,67.89,20.705,0.98254
1664834400,1700.2,1729.57,1695.22,1726.05,3790.92,70.28,21.058,0.99863
1664920800,1726.05,1727.85,1700.62,1716.6,3783.29,71.94,20.645,0.98846
1665007200,1716.6,1725.59,1706.97,1712.06,3744.53,72.99,20.655,0.97914
1665093600,1712.06,1714.9,1690.75,1694.6,3639.67,75.1,20.123,0.9741
1665352800,1694.6,1699.95,1665.76,1668.74,3612.4,73.78,19.61,0.97034
1665439200,1668.74,1683.98,1661.07,1666.22,3588.83,71.75,19.148,0.9708
1665525600,1666.22,1678.38,1661.48,1673.21,3577.04,70.93,19.026,0.97032
1665612000,1673.21,1682.46,1642.5,1666.58,3669.89,72.52,18.888,0.97764
1665698400,1666.58,1671.78,1640.25,1644.44,3583.08,70.17,18.272,0.97228
1665957600,1644.44,1668.51,1644.19,1650.05,3677.94,70.13,18.655,0.98414
1666044000,1650.05,1660.94,1645.92,1652.29,3719.97,68.7,18.735,0.98585
1666130400,1652.29,1654.54,1627.79,1629.46,3695.15,70.04,18.464,0.97733
1666216800,1629.46,1645.68,1622.5,1628.07,3665.77,70.18,18.67,0.97865
1666303200,1628.07,1658.05,1617.3,1657.78,3752.76,70.57,19.415,0.98628
1666562400,1657.78,1670.92,1644.01,1649.81,3797.35,70.38,19.227,0.98743
1666648800,1649.81,1662.36,1638.35,1653.09,3859.1,70.61,19.343,0.99673
1666735200,1653.09,1674.93,1649.8,1664.65,3830.59,72.97,19.587,1.00797
1666821600,1664.65,1670.88,1654.92,1663.22,3807.29,73.62,19.607,0.99644
1666908000,1663.22,1667.09,1638.12,1644.74,3901.07,72.82,19.26,0.99653
1667167200,1644.74,1645.76,1631.82,1633.59,3871.97,71.53,19.168,0.98829
1667253600,1633.59,1657.05,1630.92,1647.96,3856.11,73.12,19.627,0.98744
1667340000,1647.96,1669.58,1634.92,1635.41,3759.68,74.08,19.226,0.98179
1667426400,1635.41,1641.03,1616.71,1629.69,3719.88,73.29,19.465,0.975
1667512800,1629.69,1682.13,1628.73,1681.58,3770.56,76.82,20.864,0.99665
1667775600,1681.58,1681.9,1666.94,1675.65,3806.79,76.56,20.801,1.00209
1667862000,1675.65,1716.94,1664.8,1712.38,3828.1,74.47,21.353,1.00741
1667948400,1712.38,1722.46,1702.23,1706.9,3748.56,71.67,21.058,1.00111
1668034800,1706.9,1757.32,1703.97,1755.72,3956.38,72.24,21.675,1.02096
1668121200,1755.72,1772.91,1747.31,1771.34,3992.92,74.38,21.709,1.03526
1668380400,1771.34,1775.09,1753.34,1771.34,3957.26,71.91,21.985,1.03268
1668466800,1771.34,1786.5,1767.16,1779.06,3991.74,73.25,21.563,1.0349
1668553200,1779.06,1785.08,1770.39,1773.89,3958.78,72.04,21.47,1.03945
1668639600,1773.89,1774.83,1754.54,1760.28,3946.55,70.14,20.955,1.03635
1668726000,1760.28,1767.71,1747.59,1750.91,3965.33,69.03,20.944,1.03138
1668985200,1750.91,1753.11,1732.55,1737.9,3949.95,69.03,20.851,1.02412
1669071600,1737.9,1749.74,1737.14,1740.09,4003.57,69.98,21.081,1.03039
1669158000,1740.09,1753.4,1732.12,1749.63,4027.27,67.41,21.532,1.0397
1669244400,1749.63,1758.65,1749.25,1755.47,4027.27,67.41,21.511,1.04102
1669330800,1755.47,1761.24,1746.02,1746.11,4026.11,66.96,21.161,1.03975
1669590000,1754.74,1763.8,1739.7,1741.41,3963.95,66.88,20.937,1.03411
1669676400,1741.41,1759.07,1739.76,1749.53,3957.62,68.34,21.259,1.03296
1669762800,1749.53,1769.99,1745.05,1768.49,4080.11,70.23,22.194,1.04066
1669849200,1768.49,1804.2,1768.49,1803.22,4076.58,70.45,22.75,1.05262
1669935600,1803.22,1804.55,1778.54,1797.68,4071.71,69.84,23.143,1.05393
1670194800,1797.68,1810.02,1765.88,1768.9,3998.83,67.72,22.251,1.04902
1670281200,1768.9,1780.93,1767.32,1770.96,3941.25,65.23,22.183,1.04666
1670367600,1770.96,1790.57,1768.78,1786.29,3933.93,63.65,22.728,1.05063
1670454000,1786.29,1794.92,1781.52,1789.23,3963.52,62.71,23.069,1.05571
1670540400,1789.23,1806.17,1788.53,1797.62,3934.39,62.85,23.467,1.05338
1670799600,1797.62,1797.62,1777.65,1781.28,3990.57,64.41,23.311,1.05384
1670886000,1781.28,1824.52,1781.02,1810.89,4019.64,65.86,23.734,1.06329
1670972400,1810.89,1814.15,1795.67,1807.29,3995.33,67.36,23.938,1.06825
1671058800,1807.29,1808.72,1773.81,1776.93,3895.74,66.15,23.088,1.06283
1671145200,1776.93,1794.35,1774.36,1793.08,3852.35,64.9,23.223,1.05869
1671404400,1793.08,1798.84,1783.91,1787.54,3817.65,66.07,22.989,1.06068
1671490800,1787.54,1821.16,1784.68,1817.97,3821.61,66.22,24.156,1.06252
1671577200,1817.97,1823.87,1811.92,1814.32,3878.45,68.06,23.968,1.06048
1671663600,1814.32,1820.48,1784.91,1792.59,3822.38,67.7,23.576,1.05967
1671750000,1792.59,1803.3,1791.24,1798.52,3844.81,69.32,23.74,1.0617
1672095600,1798.52,1833.38,1798.52,1813.84,3829.26,69.53,24.052,1.06398
1672182000,1813.84,1814.62,1797.04,1804.21,3783.23,68.58,23.544,1.06124
1672268400,1804.21,1820.21,1803.83,1814.99,3849.27,68.53,23.898,1.06617
1672354800,1814.99,1826.11,1813.44,1823.92,3839.49,70.11,23.969,1.07046
1672700400,1823.92,1850.01,1823.92,1839.47,3824.13,67.64,24.005,1.05479
1672786800,1839.47,1865.16,1836.26,1854.53,3852.98,64.3,23.76,1.06043
1672873200,1854.53,1859.07,1825.16,1832.56,3808.09,64.78,23.238,1.05217
1672959600,1832.56,1869.9,1831.34,1865.9,3895.07,64.83,23.832,1.06445
1673218800,1865.9,1881.6,1865.9,1871.86,3892.1,65.88,23.66,1.07294
1673305200,1871.86,1880.79,1867.92,1876.86,3919.26,65.9,23.598,1.07329
1673391600,1876.86,1886.68,1867.25,1875.46,3969.6,68.05,23.413,1.07572
1673478000,1875.46,1901.67,1873.91,1896.86,3983.16,68.61,23.782,1.08524
1673564400,1896.86,1921.94,1892.4,1921.94,3999.08,70.05,24.296,1.07807
1673823600,1921.94,1929.05,1910.88,1913.95,3999.08,70.05,24.269,1.08215
1673910000,1913.95,1919.08,1903.82,1908.72,3990.98,70.86,23.93,1.07878
1673996400,1908.72,1925.95,1896.68,1904.06,3928.85,69.51,23.47,1.07939
1674082800,1904.06,1935.23,1901.05,1932.3,3898.86,70.59,23.847,1.08315
1674169200,1932.3,1937.6,1920.67,1926.01,3972.6,71.55,23.937,1.08565
1674428400,1926.01,1935.59,1911.43,1931.09,4019.82,71.5,23.46,1.08718
1674514800,1931.09,1942.54,1917.21,1937.43,4016.94,70.22,23.673,1.08854
1674601200,1937.43,1948.09,1919.92,1946.27,4016.21,70.51,23.905,1.09162
1674687600,1946.27,1949.23,1918.7,1929.16,4060.42,70.93,23.91,1.08918
1674774000,1929.16,1935.04,1916.73,1928.2,4070.57,69.5,23.601,1.0868
1675033200,1928.2,1934.57,1920.73,1923.22,4017.76,68.1,23.605,1.08519
1675119600,1923.22,1931.13,1900.82,1928.22,4076.59,69.32,23.729,1.08646
1675206000,1928.22,1954.58,1920.68,1950.45,4119.2,67.36,23.976,1.09911
1675292400,1950.45,1959.75,1911.33,1912.63,4179.75,66.57,23.471,1.09096
1675378800,1912.63,1918.67,1861.43,1861.43,4136.49,64.4,22.356,1.07928
1675638000,1865.22,1881.37,1860.75,1867.45,4111.07,65.5,22.277,1.07265
1675724400,1867.45,1884.43,1865.04,1873.47,4163.99,67.76,22.175,1.0727
1675810800,1873.47,1886.5,1869.2,1875.37,4117.85,68.68,22.321,1.07133
1675897200,1875.37,1890.19,1859.03,1861.72,4081.51,67.92,21.98,1.07396
1675983600,1861.72,1872.22,1852.81,1865.67,4090.45,69.87,22.014,1.06774
1676242800,1865.67,1866.62,1850.53,1853.57,4137.3,69.5,21.992,1.07238
1676329200,1853.57,1870.69,1843.4,1854.36,4136.14,69.4,21.855,1.07383
1676415600,1854.36,1860.16,1830.63,1835.96,4147.61,69.02,21.625,1.06871
1676502000,1835.96,1845.33,1827.69,1836.32,4090.42,68.45,21.576,1.06741
1676588400,1836.32,1843.65,1818.97,1842.32,4079.1,67.02,21.729,1.06938
1676847600,1842.32,1847.57,1837.35,1841.34,4079.1,67.02,21.823,1.0686
1676934000,1841.34,1843.91,1830.29,1835.01,3997.35,66.69,21.835,1.06482
1677020400,1835.01,1846.08,1823.58,1825.23,3991.06,64.92,21.514,1.06043
1677106800,1825.23,1833.84,1817.61,1822.29,4012.33,66.38,21.313,1.05983
1677193200,1822.29,1827.9,1809.02,1811,3970.05,67.1,20.765,1.05449
1677452400,1811,1820.16,1806.78,1817.26,3982.23,66.25,20.631,1.061
1677538800,1817.26,1831.2,1804.76,1826.84,3970.16,67.21,20.902,1.05746
1677625200,1826.84,1844.71,1823.1,1836.58,3951.4,68.07,20.992,1.06685
1677711600,1836.58,1839.05,1830.07,1835.81,3981.34,68.3,20.897,1.05969
1677798000,1835.81,1857.02,1835.81,1856.57,4045.65,69.86,21.265,1.06353
1678057200,1856.57,1858.36,1845.17,1846.83,4048.43,70.49,21.05,1.06825
1678143600,1846.83,1851.7,1812.78,1813.46,3986.36,67.85,20.071,1.05496
1678230000,1813.46,1824.33,1809.4,1813.79,3992,67.1,20.023,1.05434
1678316400,1813.79,1835.64,1812.02,1830.93,3918.33,66.24,20.072,1.05816
1678402800,1830.93,1870.22,1827.82,1870.22,3861.6,67.14,20.795,1.07007
1678658400,1870.22,1914.67,1870.22,1913.83,3855.77,65.25,21.8,1.07317
1678744800,1913.83,1914.2,1895.45,1904.01,3919.3,62.93,21.688,1.07327
1678831200,1904.01,1937.41,1885.75,1918.6,3891.92,60.02,21.779,1.05779
1678917600,1918.6,1933.54,1907.54,1919.5,3960.29,60.05,21.696,1.0612
1679004000,1919.5,1989.36,1918.35,1988.97,3916.65,58.66,22.605,1.06678
1679263200,1988.97,2009.84,1965.95,1978.83,3951.56,59.79,22.544,1.0722
1679349600,1978.83,1985.21,1935.48,1940.47,4002.86,61.23,22.398,1.07689
1679436000,1940.47,1978.92,1934.35,1970.17,3936.98,61.61,23.006,1.08558
1679522400,1970.17,2003.36,1964.71,1993.72,3948.71,60.99,23.103,1.08312
1679608800,1993.72,2003,1975.29,1975.29,3970.98,60.96,23.527,1.07132
1679868000,1975.29,1979.29,1944.11,1956.61,3977.54,64.15,23.079,1.07975
1679954400,1956.61,1975.34,1949.23,1973.68,3971.28,64.55,23.331,1.08429
1680040800,1973.68,1974.47,1958.88,1964.58,4027.8,64.15,23.338,1.08444
1680127200,1964.58,1984.35,1955.47,1980.32,4050.82,65.32,23.91,1.0906
1680213600,1980.32,1987.64,1966.98,1969.13,4109.32,66.44,24.109,1.0842
1680472800,1969.13,1990.54,1949.83,1984.7,4124.5,70.27,23.987,1.09031
1680559200,1984.7,2025.03,1977.04,2020.59,4100.61,70.27,25.002,1.09524
1680645600,2020.59,2032.11,2010.11,2020.82,4090.37,70.24,24.949,1.09049
1680732000,2020.82,2021.47,2000.91,2008.1,4105.03,70.26,24.978,1.09223
1681077600,2008.1,2008.1,1981.71,1991.47,4109.12,69.76,24.875,1.08603
1681164000,1991.47,2007.51,1988.85,2003.67,4108.95,71.07,25.054,1.09133
1681250400,2003.67,2028.34,2001.46,2014.98,4091.96,72.43,25.501,1.09927
1681336800,2014.98,2048.79,2013.9,2040.13,4146.21,71.8,25.83,1.10462
1681423200,2040.13,2047.49,1992.47,2004.2,4137.63,72.09,25.35,1.09943
1681682400,2004.2,2015.09,1981.28,1995.04,4151.31,70.84,25.036,1.09263
1681768800,1995.04,2011.92,1991.38,2005.21,4154.86,70.73,25.19,1.0972
1681855200,2005.21,2008.21,1969.31,1994.86,4154.51,69.3,25.294,1.09549
1681941600,1994.86,2012.4,1990.6,2004.76,4129.8,67.6,25.285,1.09697
1682028000,2004.76,2005.62,1971.72,1982.81,4133.51,68.21,24.901,1.09938
1682287200,1982.8,1990.89,1974.18,1989.17,4137.03,69.25,25.162,1.10464
1682373600,1989.17,2003.95,1976.18,1997.07,4071.62,67.62,25.022,1.09725
1682460000,1997.07,2009.41,1983.42,1989.39,4056,65.36,24.873,1.10414
1682546400,1989.39,2003.38,1974.14,1987.94,4135.34,65.81,24.934,1.10287
1682632800,1987.94,1995.05,1976.29,1995.05,4169.49,67.5,25.075,1.10451
1682892000,1995.05,2006.06,1977.14,1982.39,4167.88,66.55,24.988,1.09761
1682978400,1982.39,2019.43,1978.56,2016.68,4119.57,63.05,25.383,1.09984
1683064800,2016.68,2040.52,2007.85,2039.27,4090.74,60.31,25.576,1.10637
1683151200,2039.27,2081.46,2030.39,2050.29,4061.23,60.7,26.043,1.10129
1683237600,2050.29,2053.05,1999.57,2016.91,4136.26,63.03,25.671,1.10181
1683496800,2016.91,2029.4,2014.35,2020.98,4138.13,64.26,25.552,1.1004
1683583200,2020.98,2037.65,2019.56,2034.52,4119.18,64.87,25.601,1.09621
1683669600,2034.52,2048.23,2021.59,2030.37,4137.63,64.39,25.395,1.09809
1683756000,2030.37,2041.27,2011.17,2014.96,4130.63,63.25,24.184,1.09158
1683842400,2014.96,2022.6,2001.01,2010.86,4124.07,62.07,23.969,1.08498
1684101600,2010.86,2022.18,2007.45,2016.44,4136.27,62.99,24.094,1.08741
1684188000,2016.44,2018.4,1985.57,1989.12,4109.89,62.54,23.751,1.08629
1684274400,1989.12,1993.09,1975.1,1981.74,4158.78,64.6,23.746,1.084
1684360800,1981.74,1986.09,1952.01,1957.55,4198.06,64.04,23.498,1.07702
1684447200,1957.55,1984.26,1954.12,1978.01,4191.99,63.9,23.86,1.08047
1684706400,1984.26,1984.26,1968.97,1971.84,4192.62,63.91,23.633,1.08129
1684792800,1971.84,1977.72,1954.31,1975.24,4145.57,64.87,23.45,1.07701
1684879200,1975.24,1985.33,1956.79,1957.34,4115.23,65.66,23.065,1.07497
1684965600,1957.34,1964.79,1938.9,1941.16,4151.27,64.09,22.734,1.07252
1685052000,1941.16,1957.36,1936.85,1957.36,4205.44,64.8,23.335,1.07019
1685311200,1946.59,1949.8,1940.34,1943.21,4205.44,64.8,23.177,1.07072
1685397600,1943.21,1963.57,1932.14,1959.47,4205.53,62.3,23.193,1.0735
1685484000,1959.47,1974.82,1953.68,1962.74,4179.84,60.63,23.515,1.06892
1685570400,1962.74,1983.15,1953.44,1977.62,4221.01,62.55,23.883,1.07623
1685656800,1977.62,1983.49,1947.71,1948.01,4282.38,64.15,23.61,1.07079
1685916000,1948.01,1964.09,1938.2,1961.81,4273.78,64.03,23.566,1.07138
1686002400,1961.81,1966.36,1954.44,1963.49,4283.86,63.79,23.595,1.06929
1686088800,1963.49,1970.25,1939.94,1940.06,4267.51,64.71,23.434,1.06986
1686175200,1940.06,1970.5,1939.8,1965.54,4293.92,63.46,24.268,1.07825
1686261600,1965.54,1973.1,1956.68,1961.27,4298.87,62.93,24.294,1.07477
1686520800,1961.27,1967.02,1949.3,1957.68,4338.92,60.24,24.07,1.07572
1686607200,1957.68,1971.04,1940.09,1943.81,4369.02,62.14,23.671,1.07931
1686693600,1943.81,1960.3,1939.8,1942.17,4372.58,61.83,23.925,1.08318
1686780000,1942.17,1960.3,1925.07,1958.03,4425.85,63.41,23.891,1.09447
1686866400,1958.03,1967.95,1953.32,1957.98,4409.6,64.35,24.192,1.09415
1687125600,1957.98,1958.77,1947.88,1950.47,4409.6,64.35,23.958,1.09214
1687212000,1950.47,1956.84,1929.84,1936.43,4388.72,63.92,23.162,1.0918
1687298400,1936.43,1939.54,1919.18,1932.82,4365.68,65.04,22.662,1.09864
1687384800,1932.82,1935.02,1912.49,1913.96,4381.9,62.52,22.258,1.09557
1687471200,1913.96,1937.45,1910.2,1921.23,4348.32,62.42,22.441,1.08939
1687730400,1921.23,1933.38,1921.23,1923.31,4328.81,62.73,22.792,1.09059
1687816800,1923.31,1930.72,1911.04,1913.67,4378.4,61.3,22.859,1.09609
1687903200,1913.67,1917.29,1902.88,1907.46,4376.85,62.52,22.699,1.09132
1687989600,1907.46,1913.14,1893.06,1908.15,4396.45,62.96,22.568,1.08651
1688076000,1908.15,1922.81,1900.62,1919.9,4450.37,63.55,22.772,1.09113
1688335200,1919.9,1930.99,1910.17,1921.68,4455.58,63.39,22.902,1.09115
1688421600,1921.68,1930.76,1920.02,1925.99,4455.58,63.39,22.967,1.08796
1688508000,1925.99,1935.08,1914.86,1915.31,4446.81,64.63,23.129,1.08542
1688594400,1915.31,1927.67,1902.72,1911,4411.6,64.44,22.719,1.0887
1688680800,1911,1934.96,1909.66,1934.96,4398.96,65.85,23.155,1.09733
1688940000,1925.35,1928.28,1912.72,1925.35,4409.54,65.54,23.139,1.10014
1689026400,1925.35,1938.52,1924.44,1932.21,4439.25,67.03,23.123,1.10084
1689112800,1932.21,1959.73,1932.21,1957.21,4472.15,67.87,24.127,1.11293
1689199200,1957.21,1963.68,1952.48,1960.55,4510.05,69.09,24.874,1.1226
1689285600,1960.55,1963.77,1951.05,1955.19,4505.41,67.47,24.946,1.12284
1689544800,1955.19,1959.9,1945.86,1955.06,4522.78,66.58,24.842,1.12379
1689631200,1955.06,1984.42,1954.62,1978.77,4554.97,67.96,25.058,1.12284
1689717600,1978.77,1980.96,1969.81,1976.59,4565.71,67.69,25.154,1.1202
1689804000,1976.59,1987.53,1965.43,1969.6,4534.86,68.05,24.759,1.11298
1689890400,1969.6,1973.85,1956.9,1956.92,4536.35,68.99,24.591,1.1108
1690149600,1956.92,1967.91,1953.47,1954.76,4554.65,70.69,24.347,1.10641
1690236000,1954.76,1965.71,1952,1964.91,4567.45,71.16,24.689,1.10554
1690322400,1964.91,1978.37,1962.1,1972.09,4566.74,70.66,24.932,1.10861
1690408800,1972.09,1982.19,1942.67,1945.8,4537.4,71.43,24.138,1.09775
1690495200,1945.8,1963.55,1945.53,1959.35,4582.24,72.09,24.338,1.10169
1690754400,1959.35,1972.44,1951.31,1965.16,4588.97,73.17,24.751,1.09969
1690840800,1965.16,1966.06,1941.3,1944.37,4576.72,72.96,24.299,1.09848
1690927200,1944.37,1954.86,1933.16,1934.76,4513.4,71.48,23.718,1.09379
1691013600,1934.76,1938.94,1929.63,1934.1,4501.88,73.14,23.572,1.09495
1691100000,1934.1,1946.92,1925.84,1942.86,4478.02,73.79,23.637,1.10081
1691359200,1942.86,1946.77,1931.55,1936.49,4518.43,73.82,23.133,1.10024
1691445600,1936.49,1938.15,1922.8,1925.28,4499.39,74.06,22.78,1.09564
1691532000,1925.28,1932.39,1914.12,1914.35,4467.7,75.1,22.667,1.09742
1691618400,1914.35,1930.19,1912.23,1912.58,4468.84,74.2,22.703,1.09808
1691704800,1912.58,1920.98,1910.93,1913.78,4464.06,74.25,22.689,1.09475
1691964000,1913.78,1916.28,1902.77,1907.38,4489.71,73.81,22.601,1.09058
1692050400,1907.38,1911.65,1896.5,1901.83,4437.85,72.62,22.53,1.09048
1692136800,1901.83,1907.25,1891.64,1891.75,4404.32,71.37,22.417,1.08792
1692223200,1891.75,1903.53,1885.11,1889.42,4370.37,71.98,22.691,1.08722
1692309600,1889.42,1896.89,1886.81,1886.85,4369.72,72.79,22.635,1.0845
1692568800,1886.85,1898.82,1884.89,1894.91,4399.76,72.58,23.312,1.08959
1692655200,1894.91,1904.51,1889.2,1897.5,4387.54,72.28,23.407,1.08456
1692741600,1897.5,1920.41,1897.39,1915.28,4436.02,71.36,24.313,1.08635
1692828000,1915.28,1923.38,1911.84,1916.88,4376.32,71.41,24.124,1.08104
1692914400,1916.88,1922.42,1903.85,1915.22,4405.72,72.45,24.228,1.07956
1693173600,1915.22,1926.1,1912.86,1920.26,4433.32,72.41,24.233,1.08191
1693260000,1920.26,1938.24,1914.51,1937.55,4497.64,73.32,24.733,1.08801
1693346400,1937.55,1949.07,1935.05,1942.32,4514.88,73.66,24.618,1.09233
1693432800,1942.32,1947.94,1939.1,1940.16,4507.67,75.06,24.441,1.08434
1693519200,1940.16,1953.01,1934.46,1939.89,4515.78,76.92,24.182,1.07756
1693778400,1939.89,1946.32,1936.79,1938.48,4515.78,76.92,23.985,1.07953
1693864800,1938.48,1939.04,1925.41,1925.99,4496.84,77.76,23.543,1.07221
1693951200,1925.99,1929.22,1915.34,1916.63,4465.47,78.52,23.173,1.07274
1694037600,1916.63,1923.64,1916.28,1919.73,4451.15,77.95,22.968,1.06965
1694124000,1919.73,1929.76,1917.39,1919.06,4457.5,78.3,22.925,1.06998
1694383200,1919.06,1930.79,1916.81,1922.39,4487.47,78.37,23.078,1.07504
1694469600,1922.39,1924.57,1907.63,1913.8,4461.91,79.7,23.067,1.07541
1694556000,1913.8,1915.8,1905.68,1908.12,4467.43,79.68,22.837,1.07298
1694642400,1908.12,1912.97,1901.04,1910.75,4505.11,81.12,22.649,1.06431
1694728800,1910.75,1930.47,1909.86,1923.88,4450.33,81.29,23.033,1.06607
1694988000,1923.88,1934.31,1922.62,1933.86,4453.52,81.45,23.252,1.0692
1695074400,1933.86,1937.43,1929.84,1931.31,4443.94,81.5,23.202,1.06793
1695160800,1931.31,1947.48,1928.01,1930.32,4402.21,80.14,23.24,1.06609
1695247200,1930.32,1931.55,1913.97,1920.08,4330.01,80.41,23.403,1.06615
1695333600,1920.08,1929.14,1919.59,1925.26,4320.05,80.63,23.556,1.06458
1695592800,1925.26,1927.23,1915.21,1915.92,4337.45,80.39,23.131,1.05933
1695679200,1915.92,1916.84,1899.18,1900.62,4273.54,80.88,22.849,1.05724
1695765600,1900.62,1903.98,1872.58,1875.15,4274.52,82.9,22.547,1.05024
1695852000,1875.15,1879.66,1857.73,1864.9,4299.69,81.57,22.625,1.05655
1695938400,1864.9,1879.91,1846.36,1848.62,4288.04,80.86,22.18,1.0571
1696197600,1848.62,1848.96,1827.23,1828.03,4288.4,79.39,21.046,1.04776
1696284000,1828.03,1833.43,1815.3,1822.94,4229.46,79.93,21.161,1.04666
1696370400,1822.94,1830.62,1816.69,1821.33,4263.76,75.59,21.01,1.05041
1696456800,1821.33,1829.25,1813.15,1820.24,4258.18,73.99,20.972,1.05493
1696543200,1820.24,1834.93,1810.5,1832.89,4308.49,74.16,21.594,1.05871
1696802400,1832.89,1863.56,1832.89,1861.47,4335.65,77.13,21.891,1.05669
1696888800,1861.47,1865.39,1853.08,1860.4,4358.23,76.71,21.84,1.06055
1696975200,1860.4,1877.26,1858.67,1874.36,4376.94,75.67,22.037,1.062
1697061600,1874.36,1885.19,1867.97,1868.9,4349.6,75.42,21.821,1.05284
1697148000,1868.9,1932.98,1868.9,1932.59,4327.79,78.99,22.721,1.05087
1697407200,1932.59,1932.59,1908.24,1920.14,4373.62,78.39,22.612,1.05604
1697493600,1920.14,1931.62,1912.44,1923.15,4373.21,78.8,22.806,1.05772
1697580000,1923.15,1962.69,1923.15,1947.69,4314.59,79.84,22.854,1.05366
1697666400,1947.69,1977.76,1945.3,1974.43,4277.99,81.68,23.054,1.05826
1697752800,1974.43,1997.23,1972.07,1981.45,4224.15,80.7,23.703,1.06038
1698012000,1981.45,1982.85,1964.43,1972.86,4217.03,78.89,22.981,1.06697
1698098400,1972.86,1980.93,1953.7,1971.06,4247.69,76.93,22.916,1.05901
1698184800,1971.06,1987.33,1963.25,1979.66,4186.78,78.46,22.864,1.05664
1698271200,1979.66,1993.52,1971.92,1984.74,4137.22,76.89,22.795,1.05626
1698357600,1984.74,2009.42,1976.9,2006.35,4117.36,78.36,23.114,1.05652
1698616800,2006.35,2006.83,1991.02,1996.14,4166.83,76.05,23.322,1.06151
1698703200,1996.14,2007.95,1978.91,1983.82,4193.81,75.02,22.849,1.05746
1698789600,1983.82,1993.04,1969.91,1982.57,4237.87,74.75,22.95,1.05705
1698876000,1982.57,1991.05,1978.89,1985.76,4317.79,76.18,22.768,1.06218
1698962400,1985.76,2004.13,1983.3,2004.11,4358.35,74.85,23.305,1.07467
1699225200,2004.11,2004.11,1977.46,1977.8,4365.99,74.91,23.029,1.07175
1699311600,1977.8,1978.37,1956.78,1969.36,4378.37,71.8,22.635,1.07
1699398000,1969.36,1971.1,1947.46,1950.25,4382.79,70.19,22.544,1.07089
1699484400,1950.25,1965.64,1944.83,1958.56,4347.36,70.25,22.635,1.06677
1699570800,1958.56,1960.85,1933.08,1938.93,4415.23,71.79,22.268,1.06867
1699830000,1938.93,1949.28,1931.77,1946.22,4411.54,72.92,22.313,1.06982
1699916400,1946.22,1970.99,1942.09,1963.21,4495.71,72.69,23.087,1.08791
1700002800,1963.21,1975.28,1955.5,1959.41,4502.89,71.34,23.444,1.08477
1700089200,1959.41,1988.03,1956.52,1981.23,4508.23,68.05,23.74,1.08523
1700175600,1981.23,1993.47,1978.65,1980.89,4514.03,70.75,23.667,1.09163
1700434800,1980.89,1985.24,1965.54,1978.05,4547.39,72.3,23.44,1.094
1700521200,1978.05,2007.63,1977.91,1998.31,4538.18,72.53,23.745,1.09108
1700607600,1998.31,2006.38,1986.95,1989.95,4556.63,71.61,23.636,1.08884
1700694000,1989.95,1998.59,1989.51,1993,4556.63,71.61,23.879,1.09051
1700780400,1993,2003.65,1991.54,2003.65,4559.33,70.82,24.329,1.09489
1701039600,2002.61,2018.23,1998.73,2014.02,4550.44,69.96,24.644,1.09537
1701126000,2014.02,2043.07,2011.76,2040.81,4554.9,71.26,25.026,1.09928
1701212400,2040.81,2052.04,2035.49,2044.17,4550.57,72.52,25.02,1.09692
1701298800,2044.17,2047.28,2031.79,2036.27,4567.81,70.14,25.272,1.0888
1701385200,2036.27,2075.43,2033.99,2075.43,4594.64,69.24,25.485,1.08289
1701644400,2072.09,2146.56,2020.18,2029.53,4569.77,68.47,24.508,1.08363
1701730800,2029.53,2041.29,2009.96,2019.34,4567.17,67.58,24.161,1.07966
1701817200,2019.34,2035.93,2017.31,2025.44,4549.35,64.76,23.899,1.0764
1701903600,2025.44,2039.99,2020.26,2028.56,4585.58,65.11,23.802,1.07941
1701990000,2028.56,2034.09,1994.72,2004.73,4604.36,66.53,23.008,1.07636
1702249200,2004.73,2007.86,1975.93,1981.96,4622.43,66.8,22.824,1.07647
1702335600,1981.96,1996.81,1977.26,1979.49,4643.69,64.25,22.772,1.07944
1702422000,1979.49,2027.89,1973.15,2027.56,4707.08,65.33,23.812,1.08742
1702508400,2027.56,2047.95,2024.45,2036.34,4719.54,67.16,24.179,1.09929
1702594800,2036.34,2044.95,2015.68,2019.71,4719.18,67.15,23.876,1.08947
1702854000,2019.71,2033.71,2016.04,2027.23,4740.57,68.09,23.804,1.09235
1702940400,2027.23,2047.01,2021.76,2040.31,4768.36,69.36,24.054,1.09813
1703026800,2040.31,2043.53,2027.5,2031.24,4698.34,68.79,24.15,1.09409
1703113200,2031.24,2046.04,2031.24,2046.02,4746.76,69.03,24.405,1.10113
1703199600,2046.02,2070.65,2046.02,2052.99,4754.64,68.69,24.193,1.10129
1703545200,2052.99,2069.14,2052.99,2067.97,4774.74,70.21,24.231,1.10424
1703631600,2067.97,2084.49,2061.54,2077.74,4781.59,68.92,24.274,1.11052
1703718000,2077.74,2088.53,2064.69,2065.62,4783.36,67.18,23.983,1.10609
1703804400,2065.62,2074.86,2058.29,2062.88,4769.82,66.65,23.797,1.10379
1704150000,2062.88,2078.93,2056.09,2059,4742.82,65.77,23.661,1.09422
1704236400,2059,2066.04,2030.69,2041.6,4704.82,68.19,22.995,1.09214
1704322800,2041.6,2050.99,2036.31,2043.53,4688.69,67.57,23.012,1.09448
1704409200,2043.53,2064.06,2024.58,2045.55,4697.23,69.03,23.196,1.09421
1704668400,2045.55,2046.69,2016.88,2027.98,4763.55,66.4,23.11,1.09503
1704754800,2027.98,2041.99,2026.13,2030.13,4756.51,67.39,22.98,1.09313
1704841200,2030.13,2040.3,2020.5,2024.32,4783.46,66.56,22.898,1.09728
1704927600,2024.32,2043.04,2013.39,2028.93,4780.23,67.65,22.753,1.09722
1705014000,2028.93,2062.28,2028.91,2049.15,4783.84,68.02,23.194,1.09503
1705273200,2049.15,2058.67,2045.89,2054.75,4783.84,68.02,23.222,1.09504
1705359600,2054.75,2055.61,2024.3,2028.5,4765.99,67.25,22.922,1.08754
1705446000,2028.5,2033.02,2001.88,2006.22,4739.22,67.94,22.559,1.08826
1705532400,2006.22,2023.32,2005.87,2023.23,4780.95,69.06,22.75,1.08763
1705618800,2023.23,2039.48,2020.45,2029.61,4839.82,68.82,22.617,1.08972
1705878000,2029.61,2032.2,2016.68,2021.81,4850.44,69.69,22.098,1.08827
1705964400,2021.81,2037.9,2019.66,2029.27,4864.61,69.66,22.445,1.08544
1706050800,2029.27,2036.75,2011.29,2013.91,4868.54,70.54,22.672,1.08853
1706137200,2013.91,2025.27,2009.6,2020.86,4894.17,72.23,22.914,1.08459
1706223600,2020.86,2026.86,2016,2016,4890.96,73.1,22.8,1.08861
1706482800,2016,2037.6,2016,2033.24,4927.94,72.05,23.205,1.08337
1706569200,2033.24,2048.63,2029.13,2036.96,4924.96,72.81,23.161,1.08456
1706655600,2036.96,2056.05,2030.94,2039.67,4845.66,70.92,22.944,1.08185
1706742000,2039.67,2065.46,2030.13,2054.99,4906.18,69.07,23.177,1.08719
1706828400,2054.99,2057.67,2027.94,2039.79,4958.62,67.51,22.697,1.07875
1707087600,2039.79,2042.33,2014.97,2025.18,4942.82,68.18,22.356,1.07427
1707174000,2025.18,2038.92,2022.98,2036.24,4954.24,68.81,22.422,1.07546
1707260400,2036.24,2044.61,2030.66,2035.21,4995.05,69.42,22.22,1.07714
1707346800,2035.21,2038.78,2020.26,2034.64,4997.92,71.52,22.587,1.07775
1707433200,2034.64,2037.23,2020.36,2024.57,5026.62,71.67,22.611,1.07838
1707692400,2024.57,2027.6,2011.94,2020.12,5021.83,72.11,22.696,1.07714
1707778800,2020.12,2031.16,1990.17,1993.2,4953.16,72.65,22.121,1.07085
1707865200,1993.2,1996.19,1984.32,1992.33,5000.63,71.55,22.374,1.07269
1707951600,1992.33,2008.355,1990.32,2004.425,5029.72,72.84,22.9245,1.07723
1708038000,2004.425,2015.205,1995.18,2013.405,5005.56,73.41,23.422,1.07772
1708297200,2013.405,2023.01,2011.79,2017.995,5005.56,73.41,22.989,1.077925
1708383600,2017.995,2030.91,2015.08,2024.375,4975.52,72.42,23.009,1.08078
1708470000,2024.375,2032.29,2020.13,2026.105,4981.81,73.2,22.8955,1.08188
1708556400,2026.105,2034.915,2019.715,2024.485,5087.02,73.6,22.75,1.08228
1708642800,2024.485,2041.405,2016.115,2035.735,5088.79,71.92,22.955,1.082125
1708902000,2035.735,2037.1,2025.14,2031.365,5069.54,72.79,22.526,1.08508
1708988400,2031.365,2039.525,2028.85,2030.515,5078.17,73.85,22.4585,1.08443
1709074800,2030.515,2037.915,2024.6,2034.55,5069.77,73.62,22.4595,1.08382
1709161200,2034.55,2050.765,2028.17,2044.2,5096.28,73.36,22.6745,1.08052
1709247600,2044.2,2088.355,2039.12,2082.86,5137.07,74.96,23.1135,1.08384
1709506800,2082.86,2119.965,2079.55,2114.36,5130.94,74.01,23.893,1.085535
1709593200,2114.36,2141.855,2110.525,2128.265,5078.64,73.45,23.6775,1.085655
1709679600,2128.265,2152.265,2123.77,2148.2,5104.77,74.34,24.172,1.089875
1709766000,2148.2,2164.77,2144.305,2160.015,5157.35,74.23,24.3345,1.09479
1709852400,2160.015,2195.17,2154.09,2179.17,5123.68,73.36,24.317,1.09391
1710108000,2179.17,2189.115,2174.905,2182.635,5117.93,73.62,24.4695,1.09257
1710194400,2182.635,2184.86,2150.69,2158.425,5175.28,73.35,24.139,1.09265
1710280800,2158.425,2179.9,2155.895,2174.365,5165.3,75.09,25.0085,1.09476
1710367200,2174.365,2177.06,2152.83,2162.17,5150.47,76.3,24.812,1.08831
1710453600,2162.17,2172.765,2155.24,2155.895,5117.1,76.33,25.1865,1.0889
1710712800,2155.895,2163.65,2146.18,2160.395,5149.43,77.98,25.0415,1.087265
1710799200,2160.395,2162.91,2147.205,2157.55,5178.52,78.43,24.9175,1.086575
1710885600,2157.55,2188.88,2149.655,2186.36,5224.63,77.25,25.585,1.09222
1710972000,2186.36,2222.9,2166.455,2181.245,5241.54,76.82,24.738,1.086015
1711058400,2181.245,2186.155,2157.195,2165.475,5234.17,76.68,24.667,1.08018
1711317600,2157.22,2181.345,2157.22,2171.9,5218.18,77.76,24.6775,1.08375
1711404000,2171.9,2200.145,2167.695,2179.03,5203.57,77.29,24.461,1.083105
1711490400,2179.03,2197.64,2173.515,2194.865,5248.48,77.51,24.653,1.08274
1711576800,2194.865,2236.235,2187.43,2234.06,5254.34,78.73,24.9655,1.07885
1711663200,2234.06,2234.18,2234.06,2234.18,5254.34,78.73,24.9655,1.07922
1711922400,2234.18,2265.725,2228.59,2251.775,5243.78,79.67,25.0935,1.074325
1712008800,2251.775,2281.18,2246.775,2281.015,5205.8,80.79,26.1395,1.07694
1712095200,2281.015,2301.205,2265.555,2300.55,5211.48,81.25,27.1895,1.08361
1712181600,2300.55,2305.645,2280.01,2290.975,5147.2,82.27,26.9105,1.083715
1712268000,2290.975,2330.49,2267.86,2330.49,5204.35,82.4,27.501,1.08373
1712527200,2330.49,2353.855,2303.015,2339.45,5202.38,82.2,27.8585,1.085925
1712613600,2339.45,2365.37,2336.965,2353.04,5209.92,81.15,28.1635,1.085705
1712700000,2353.04,2360.095,2319.465,2334.305,5160.65,82.09,27.944,1.074255
1712786400,2334.305,2377.79,2325.89,2372.9,5199.05,81.55,28.4405,1.072595
1712872800,2372.9,2431.555,2333.93,2344.225,5123.4,81.53,27.879,1.06413
1713132000,2344.225,2387.63,2324.385,2383.405,5061.81,81.65,28.8735,1.06244
1713218400,2383.405,2398.32,2363.07,2382.885,5051.4,81.33,28.104,1.06189
1713304800,2382.885,2395.65,2354.85,2360.925,5022.22,78.91,28.2255,1.06729
1713391200,2360.925,2392.855,2360.925,2379.42,5011.11,78.78,28.2395,1.064325
1713477600,2379.42,2417.855,2372.91,2372.91,4967.24,78.85,28.682,1.067775
1713736800,2372.91,2388.64,2324.805,2327.03,5010.59,78.78,27.1955,1.06546
1713823200,2327.03,2334.48,2291.575,2322.025,5070.56,79.98,27.3065,1.07012
1713909600,2322.025,2337.39,2311.86,2315.84,5071.62,79.64,27.1615,1.069895
1713996000,2315.84,2344.935,2305.21,2332.11,5048.41,80.44,27.4345,1.07298
1714082400,2332.11,2352.625,2326.345,2338.1,5099.95,80.39,27.2195,1.069265
1714341600,2338.1,2346.81,2320.115,2335.62,5116.16,79.5,27.143,1.072085
1714428000,2335.62,2336.38,2285.205,2286.13,5035.7,78.38,26.2945,1.066555
1714514400,2286.13,2328.365,2281.735,2319.56,5018.4,75.93,26.6615,1.07122
1714600800,2319.56,2326.495,2285.56,2303.72,5064.19,75.93,26.6785,1.0725
1714687200,2303.72,2320.74,2277.43,2301.94,5127.8,75.13,26.5585,1.07621
1714946400,2301.94,2332.025,2291.9,2323.995,5180.73,75.66,27.4465,1.0769
1715032800,2323.995,2330.02,2310.095,2314.13,5187.71,75.5,27.2435,1.075475
1715119200,2314.13,2321.47,2303.81,2308.535,5187.66,76.11,27.3335,1.07484
1715205600,2308.535,2347.3,2306.82,2346.48,5214.07,76.52,28.343,1.07821
1715292000,2346.48,2378.49,2343.74,2378.49,5222.69,75.3,28.1675,1.07603
1715551200,2378.49,2378.49,2332.305,2336.145,5221.41,76.13,28.204,1.078965
1715637600,2336.145,2359.695,2334.935,2358.23,5246.69,75.21,28.6225,1.08189
1715724000,2358.23,2390.34,2351.905,2386.07,5308.14,75.88,29.6735,1.08848
1715810400,2386.07,2397.345,2371.05,2376.515,5297.09,76.25,29.574,1.08671
1715896800,2376.515,2422.775,2374.03,2414.985,5303.26,76.97,31.5065,1.08682
1716156000,2414.985,2450.09,2407.47,2426.095,5308.12,76.73,31.8405,1.085675
1716242400,2426.095,2434.005,2406.51,2421.045,5321.42,76.16,31.9845,1.08539
1716328800,2421.045,2426.61,2375.03,2378.905,5307.02,74.87,30.786,1.082265
1716415200,2378.905,2383.8,2327.075,2329.175,5267.85,74.45,30.1355,1.08148
1716501600,2329.175,2347.475,2325.465,2333.905,5304.71,75.35,30.355,1.08469
1716760800,2333.905,2358.565,2332.34,2351.06,5304.71,75.35,31.646,1.085845
1716847200,2351.06,2364.125,2340.295,2361.47,5306.03,77.66,32.1045,1.08568
1716933600,2361.47,2362.805,2334.63,2338.145,5266.96,76.57,31.9735,1.080165
1717020000,2338.145,2351.82,2322.74,2343.2,5235.47,75.53,31.1795,1.083215
1717106400,2343.2,2359.74,2320.61,2327.375,5277.5,74.82,30.4115,1.08485
1717365600,2327.375,2354.805,2314.84,2350.945,5283.41,71.83,30.732,1.09043
1717452000,2350.945,2352.895,2315.7,2327.015,5291.35,71.09,29.5,1.087915
1717538400,2327.015,2357.45,2325.945,2355.52,5354.04,71.89,30.0135,1.08688
1717624800,2355.52,2378.595,2353.645,2376.195,5352.95,73.26,31.334,1.08896
1717711200,2376.195,2387.755,2286.855,2293.815,5346.98,73.02,29.1705,1.0801
1717970400,2293.815,2313.825,2287.835,2310.625,5360.78,75.46,29.7405,1.076495
1718056800,2310.625,2319.985,2297.81,2316.82,5375.31,75.51,29.2875,1.074075
1718143200,2316.82,2341.715,2310.845,2324.975,5421.02,75.98,29.729,1.080875
1718229600,2324.975,2326.635,2295.69,2304.03,5433.75,75.74,28.9695,1.073725
1718316000,2304.03,2336.64,2301.63,2332.905,5431.61,76.08,29.5595,1.070335
1718575200,2332.905,2332.905,2310.055,2319.05,5473.24,77.79,29.4635,1.07346
1718661600,2319.05,2333.195,2306.65,2329.44,5487.02,78.67,29.538,1.074005
1718748000,2329.44,2335.075,2323.81,2328.32,5487.02,78.67,29.76,1.07444
1718834400,2328.32,2365.52,2327.85,2360.04,5473.16,79.41,30.735,1.07021
1718920800,2360.04,2368.78,2316.805,2322.015,5464.61,78.65,29.5445,1.067105
1719180000,2322.015,2334.755,2317.795,2334.685,5447.88,79.7,29.5795,1.073325
1719266400,2334.685,2337.195,2315.6,2319.57,5469.29,78.9,28.9125,1.071455
1719352800,2319.57,2323.82,2293.73,2298.355,5477.91,78.75,28.7685,1.06809
1719439200,2298.355,2330.965,2296.57,2327.815,5482.88,79.92,28.9805,1.07038
1719525600,2327.815,2339.785,2319.145,2339.77,5460.49,79.59,29.143,1.07248
1719784800,2326.67,2338.575,2318.59,2331.995,5475.1,81.54,29.4555,1.074035
1719871200,2331.995,2336.865,2319.195,2329.645,5509.02,81.11,29.5285,1.074505
1719957600,2329.645,2364.99,2326.925,2356.07,5537.01,81.27,30.4985,1.07877
1720044000,2356.07,2362.605,2350.605,2357.055,5537.01,81.27,30.4005,1.08125
1720130400,2357.055,2392.975,2349.06,2391.71,5567.2,81.31,31.2215,1.08398
1720389600,2391.71,2391.71,2351.145,2359.22,5572.86,80.42,30.7625,1.082385
1720476000,2359.22,2371.555,2349.47,2364.11,5576.97,79.77,30.807,1.081345
1720562400,2364.11,2386.69,2363.215,2371.28,5633.92,80.48,30.814,1.08299
1720648800,2371.28,2424.615,2371.28,2415.615,5584.55,80.94,31.4575,1.086805
1720735200,2415.615,2418.305,2391.515,2411.15,5615.34,80.25,30.786,1.09069
1720994400,2411.15,2439.775,2401.43,2422.48,5631.21,80.12,30.6785,1.08945
1721080800,2422.48,2469.76,2420.055,2469.09,5667.21,79.06,31.255,1.08994
1721167200,2469.09,2483.76,2451.6,2458.765,5588.28,80.62,30.299,1.09392
1721253600,2458.765,2474.955,2440.4,2445.175,5544.58,79.9,29.823,1.08965
1721340000,2445.175,2445.54,2420.61,2420.61,5504.99,78,29.385,1.088465
1721599200,2420.61,2420.61,2383.97,2396.63,5564.4,77.62,29.1295,1.08913
1721685600,2396.63,2412.07,2388.31,2409.77,5555.75,76.62,29.2395,1.08534
1721772000,2409.77,2432.07,2396.855,2397.89,5427.12,76.81,28.9155,1.083985
1721858400,2397.89,2401.27,2353.2,2364.805,5399.23,77.46,27.851,1.08457
1721944800,2364.805,2390.85,2355.945,2386.97,5459.09,76.11,27.9225,1.085625
1722204000,2386.97,2403.21,2369.695,2384.49,5463.55,75.19,27.8785,1.08211
1722290400,2384.49,2412.82,2376.575,2411.03,5436.45,74.46,28.39,1.081555
1722376800,2411.03,2450.97,2404.01,2447.56,5522.29,77.74,29.0025,1.082565
1722463200,2447.56,2462.34,2430.385,2446.315,5446.69,76.29,28.522,1.079175
1722549600,2446.315,2477.74,2410.95,2443.72,5346.55,73.39,28.5885,1.09097
1722808800,2443.72,2458.865,2364.415,2410.655,5186.34,73.22,27.2715,1.09524
1722895200,2410.655,2418.375,2381.705,2390.53,5240.04,72.45,26.988,1.09324
1722981600,2390.53,2407.105,2379.075,2382.93,5199.51,74.69,26.608,1.092225
1723068000,2382.93,2427.74,2381.085,2427.66,5319.3,75.36,27.5465,1.09184
1723154400,2427.66,2437.11,2417,2431.31,5344.15,76.22,27.464,1.09162
1723413600,2431.31,2473.165,2423.89,2472.71,5344.38,78.63,27.9785,1.093125
1723500000,2472.71,2476.99,2458.56,2465.175,5434.44,77.64,27.854,1.09927
1723586400,2465.175,2479.705,2438.17,2447.885,5455.2,76.59,27.565,1.10127
1723672800,2447.885,2470.105,2432.225,2456.5,5543.21,77.41,28.3615,1.09728
1723759200,2456.5,2509.815,2450.845,2508.225,5554.26,76.32,29.041,1.10285
1724018400,2508.225,2510.095,2485.74,2504.26,5608.24,74.38,29.453,1.108485
1724104800,2504.26,2531.785,2497.39,2513.97,5597.11,73.83,29.4415,1.112985
1724191200,2513.97,2519.985,2493.825,2512.31,5620.84,72.6,29.6025,1.11499
1724277600,2512.31,2514.73,2470.88,2484.745,5570.65,73.58,28.9875,1.111215
1724364000,2484.745,2518.39,2484.475,2512.695,5634.6,75.55,29.8395,1.11917
1724623200,2512.695,2526.91,2508.81,2518.055,5616.85,77.83,29.9035,1.11614
1724709600,2518.055,2526.015,2503.64,2524.68,5625.79,76.49,29.976,1.11839
1724796000,2524.68,2529.12,2493.73,2504.565,5592.19,75.48,29.1295,1.111995
1724882400,2504.565,2528.735,2503.705,2521.235,5591.95,76.77,29.424,1.107755
1724968800,2521.235,2526.94,2494.235,2503.44,5648.39,74.34,28.8635,1.104715
1725228000,2503.44,2507.345,2490.135,2499.475,5648.39,74.34,28.554,1.10714
1725314400,2499.475,2506.35,2473.685,2493.025,5528.92,71.09,28.0445,1.104365
1725400800,2493.025,2500.275,2471.945,2495.745,5520.08,69.61,28.2725,1.108245
1725487200,2495.745,2523.475,2493.885,2516.845,5503.42,69.89,28.821,1.11104
1725573600,2516.845,2529.27,2485.165,2497.445,5408.43,68.93,27.9405,1.10853
1725832800,2497.445,2507.305,2485.675,2506.38,5471.06,69.27,28.3525,1.103465
1725919200,2506.38,2518.53,2500.24,2516.65,5495.53,66.96,28.4,1.101975
1726005600,2516.65,2529.055,2501.135,2511.705,5554.14,67.85,28.68,1.1012
1726092000,2511.705,2560.155,2511.115,2558.82,5595.75,69.89,29.877,1.10745
1726178400,2558.82,2586.15,2556.795,2578.37,5626.01,69.84,30.7195,1.107425
1726437600,2578.37,2589.705,2575.45,2582.49,5633.08,70.88,30.727,1.11329
1726524000,2582.49,2586.99,2560.845,2569.545,5634.57,71.72,30.701,1.11137
1726610400,2569.545,2600.175,2546.985,2559.065,5618.25,70.66,30.0775,1.111895
1726696800,2559.065,2594.93,2551.425,2586.73,5713.65,72.75,30.7865,1.11619
1726783200,2586.73,2625.795,2584.895,2622.085,5702.54,72.92,31.173,1.11627
1727042400,2622.085,2634.885,2613.91,2628.75,5718.58,72.25,30.6975,1.11114
1727128800,2628.75,2664.425,2622.69,2657.245,5732.94,73.29,32.1025,1.11797
1727215200,2657.245,2670.605,2649.89,2657.21,5722.27,71.48,31.819,1.113285
1727301600,2657.21,2685.625,2654.88,2672.505,5745.36,69.01,32.0215,1.11769
1727388000,2672.505,2674.33,2643.17,2658.435,5738.16,70.27,31.62,1.1163
1727647200,2643.17,2666.085,2624.775,2634.69,5762.49,69.92,31.1575,1.113505
1727733600,2634.69,2673.115,2632.5,2663.445,5708.74,72.11,31.448,1.10678
1727820000,2663.445,2663.445,2641.225,2658.725,5709.55,72.76,31.821,1.104475
1727906400,2658.725,2663,2638.56,2655.995,5699.95,75.73,32.0235,1.10307
1727992800,2655.995,2670.225,2632.11,2653.625,5751.06,76.35,32.1885,1.0976
1728252000,2653.625,2659.685,2637.795,2642.64,5695.93,79.2,31.69,1.09745
1728338400,2642.64,2652.99,2604.815,2621.865,5751.14,75.79,30.6655,1.098105
1728424800,2621.865,2624.41,2605.22,2607.69,5792.05,75.25,30.499,1.0939
1728511200,2607.69,2631.565,2602.82,2630.075,5780.04,77.77,31.1615,1.09367
1728597600,2630.075,2661.475,2628.19,2657.095,5815.04,77.49,31.5375,1.09362
1728856800,2657.095,2666.86,2643.265,2648.96,5859.86,75.93,31.2025,1.09088
1728943200,2648.96,2668.995,2638.2,2662.64,5815.25,72.76,31.502,1.089135
1729029600,2662.64,2685.395,2658.815,2674.03,5842.48,72.4,31.684,1.086195
1729116000,2674.03,2696.81,2673.27,2692.97,5841.48,72.62,31.6965,1.083145
1729202400,2692.97,2722.62,2692.435,2721.565,5864.68,71.38,33.7145,1.086655
1729461600,2721.565,2740.61,2714.3,2719.775,5853.97,72.26,33.7915,1.081535
1729548000,2719.775,2749.04,2719.105,2748.905,5851.19,73.98,34.86,1.07983
1729634400,2748.905,2758.545,2708.845,2715.55,5797.43,73.55,33.698,1.078245
1729720800,2715.55,2743.315,2715.22,2736.265,5809.87,73.06,33.685,1.082765
1729807200,2736.265,2747.76,2717.15,2747.685,5808.11,74.23,33.715,1.07953
1730066400,2747.685,2747.685,2724.795,2742.445,5823.51,70.43,33.677,1.08122
1730152800,2742.445,2774.89,2739.96,2774.645,5832.91,69.66,34.461,1.081845
1730239200,2774.645,2790.065,2770.98,2787.52,5813.66,71.36,33.782,1.08559
1730325600,2787.52,2790.11,2731.64,2743.97,5705.44,73.08,32.6605,1.088355
1730412000,2743.97,2762.29,2733.27,2736.56,5728.81,72.02,32.456,1.083385
1730674800,2736.56,2748.235,2730.525,2736.69,5712.68,74.29,32.4565,1.08782
1730761200,2736.69,2750.03,2724.805,2744.095,5782.77,74.73,32.6545,1.093015
1730847600,2744.095,2749.745,2652.47,2659.06,5929.03,74.54,31.181,1.07295
1730934000,2659.06,2710.23,2643.54,2706.34,5973.09,74.66,32.0295,1.080525
1731020400,2706.34,2710.445,2680.43,2680.43,5995.53,73.13,31.3045,1.071865
1731279600,2684.555,2686.225,2610.66,2619.255,6001.34,70.94,30.6825,1.06558
1731366000,2619.255,2627.225,2589.745,2598.345,5984,70.69,30.7085,1.06231
1731452400,2598.345,2618.94,2572.705,2572.725,5985.39,70.73,30.3055,1.05623
1731538800,2572.725,2581.455,2536.885,2564.655,5949.16,71.29,30.4445,1.052945
1731625200,2564.655,2576.105,2554.635,2563.175,5870.63,69.75,30.2535,1.05408
1731884400,2563.175,2615.17,2563.175,2611.985,5893.61,72.07,31.174,1.05986
1731970800,2611.985,2639.535,2610.485,2632.01,5916.97,72.31,31.21,1.05957
1732057200,2632.01,2655.5,2618.94,2650.565,5917.12,72.02,30.852,1.054375
1732143600,2650.565,2673.585,2649.01,2669.765,5948.7,73.2,30.799,1.047425
1732230000,2669.765,2716.395,2668.19,2716.39,5969.33,74.25,31.343,1.04197
1732489200,2716.195,2721.37,2615.685,2624.95,5987.38,72.1,30.3025,1.049425
1732575600,2624.95,2641.97,2605.3,2633.12,6021.64,71.61,30.4365,1.04889
1732662000,2633.12,2658.33,2627.175,2636.04,5998.73,71.72,30.0955,1.05662
1732748400,2636.04,2649.685,2620.97,2637.785,5998.73,71.72,30.228,1.05545
1732834800,2637.785,2666.37,2634.115,2650.59,6032.39,71.61,30.629,1.057745
1733094000,2650.59,2651.73,2621.96,2639.055,6047.14,71.04,30.5155,1.049765
1733180400,2639.055,2655.685,2634.155,2643.655,6049.87,73.04,31.0295,1.05087
1733266800,2643.655,2657.215,2632.535,2649.935,6086.48,71.88,31.3055,1.0512
1733353200,2649.935,2655.57,2623.64,2631.985,6075.1,71.47,31.332,1.05865
1733439600,2631.985,2645.67,2613.735,2633.31,6090.28,70.24,30.9745,1.05678
1733698800,2633.31,2676.48,2627.61,2660.39,6052.84,71.17,31.8335,1.055345
1733785200,2660.39,2695.63,2658.05,2694.235,6034.9,71.4,31.919,1.05269
1733871600,2694.235,2721.265,2675.855,2718.11,6084.18,73.33,31.9005,1.04959
1733958000,2718.11,2726.175,2675.215,2680.605,6051.25,73.21,30.9735,1.04686
1734044400,2680.605,2692.89,2646.19,2648.105,6051.08,74.21,30.5475,1.05029
1734303600,2648.105,2664.445,2643.605,2652.935,6074.07,73.7,30.5355,1.05117
1734390000,2652.935,2658.71,2633.125,2646.4,6050.6,73.3,30.5355,1.049115
1734476400,2646.4,2651.795,2583.83,2585.57,5872.17,72.94,29.35,1.03531
1734562800,2585.57,2626.48,2583.725,2594.355,5867.07,72.61,29.0495,1.03628
1734649200,2594.355,2631.895,2589.7,2623.04,5930.84,73.1,29.524,1.04294
1734908400,2623.04,2633.325,2608.22,2612.935,5974.08,73.06,29.6575,1.04048
1734994800,2612.935,2621.49,2610.135,2616.86,6040.05,73.65,29.627,1.04007
1735167600,2616.86,2639.185,2614.99,2633.565,6037.58,73.13,29.814,1.04215
1735254000,2633.565,2638.36,2611.71,2621.555,5970.85,73.85,29.3855,1.0426
1735513200,2621.555,2628.185,2596.135,2606.235,5906.95,74.82,28.945,1.040705
1735599600,2606.235,2627.65,2602.705,2624.51,5881.62,75.55,28.8985,1.035395
1735772400,2624.51,2660.565,2621.76,2657.99,5868.56,76.93,29.5655,1.02653
1735858800,2657.99,2665.315,2636.885,2640.06,5942.46,77.92,29.6195,1.03092
1736118000,2640.06,2649.455,2614.895,2636.395,5975.37,77.3,29.956,1.03911
1736204400,2636.395,2664.36,2633.025,2648.855,5909.02,78.17,30.05,1.034045
1736290800,2648.855,2670.08,2645.36,2661.97,5918.26,77.3,30.109,1.03184
1736377200,2661.97,2678.35,2655.64,2670.39,5918.26,77.3,30.129,1.02988
1736463600,2670.39,2698.055,2663.98,2689.98,5827.03,80.64,30.407,1.024505
1736722800,2689.98,2693.465,2656.85,2662.955,5836.21,82.23,29.623,1.0244
1736809200,2662.955,2678.32,2660.01,2677.61,5842.9,81.67,29.905,1.03081
1736895600,2677.61,2697.545,2669.435,2696.725,5949.92,84.34,30.667,1.028889
1736982000,2696.725,2724.795,2690.045,2714.69,5937.35,82.94,30.821,1.03023
1737068400,2714.69,2717.425,2699.275,2702.535,5996.65,82.52,30.338,1.027124
1737327600,2702.535,2713.815,2689.45,2707.52,5996.65,82.52,30.5325,1.04155
1737414000,2707.52,2746.11,2702.98,2744.77,6049.23,81.11,30.835,1.04269
1737500400,2744.77,2763.465,2742.045,2756.35,6086.36,80.43,30.833,1.040915
1737586800,2756.35,2758.97,2735.97,2754.855,6118.72,79.21,30.4495,1.04154
1737673200,2754.855,2786.065,2753.665,2770.775,6101.25,79.6,30.585,1.04938
1737932400,2770.775,2772.645,2730.555,2740.875,6012.29,77.93,30.2165,1.04922
1738018800,2740.875,2765.105,2734.885,2763.77,6067.71,78.86,30.421,1.043085
1738105200,2763.77,2766.275,2744.895,2759.28,6039.32,77.78,30.8375,1.0421
1738191600,2759.28,2798.495,2758.3,2794.755,6071.18,77.75,31.6495,1.03904
1738278000,2794.755,2817.22,2791.13,2798.82,6040.52,78.02,31.322,1.036119
1738537200,2798.82,2830.585,2772.28,2814.88,5994.58,77.82,31.592,1.03447
1738623600,2814.88,2845.46,2807.305,2842.265,6037.89,77.51,32.1425,1.037885
1738710000,2842.265,2882.42,2839.8,2867.215,6061.47,76.09,32.3115,1.04023
1738796400,2867.215,2873.36,2834.26,2856.145,6083.56,75.45,32.218,1.03837
1738882800,2856.145,2886.81,2852.55,2860.88,6025.98,75.86,31.807,1.03273
1739142000,2860.88,2911.705,2856.5,2908.08,6066.45,77.4,32.0495,1.030705
1739228400,2908.08,2942.71,2881.86,2897.63,6068.49,78.27,31.8335,1.03594
1739314800,2897.63,2909.19,2864.23,2903.91,6051.98,76.32,32.229,1.03826
1739401200,2903.91,2929.56,2900.57,2928.395,6115.08,76.39,32.3435,1.0464
1739487600,2928.395,2940.04,2877.11,2882.23,6114.62,75.82,32.156,1.04921
1739746800,2882.23,2906.47,2878.545,2899.445,6114.62,75.82,32.4065,1.048419
1739833200,2899.445,2937.06,2892.145,2935.19,6129.57,76.96,32.882,1.04463
1739919600,2935.19,2947.07,2918.625,2933.11,6144.14,77.45,32.698,1.04226
1740006000,2933.11,2954.965,2924.17,2939.19,6117.51,77.76,32.9735,1.05015
1740092400,2939.19,2949.775,2916.845,2935.63,6013.12,75.35,32.458,1.04609
1740351600,2935.63,2956.25,2921.455,2952.995,5983.26,75.97,32.348,1.046765
1740438000,2952.995,2953.79,2888.48,2914.955,5955.26,74.13,31.7445,1.051275
1740524400,2914.955,2930.19,2890.86,2916.375,5956.07,73.85,31.866,1.04846
1740610800,2916.375,2920.815,2867.95,2877.42,5861.56,75.28,31.273,1.03995
1740697200,2877.42,2885.12,2832.725,2857.86,5954.51,75.22,31.1395,1.03766
1740956400,2857.86,2895.295,2857.86,2892.705,5849.71,73.32,31.688,1.04867
1741042800,2892.705,2927.925,2882.025,2917.94,5778.14,73.31,31.982,1.062614
1741129200,2917.94,2929.93,2894.385,2919.195,5842.62,71.42,32.6635,1.078895
1741215600,2919.195,2926.66,2891.4,2910.825,5738.53,71.13,32.644,1.07839
1741302000,2910.825,2930.34,2896.985,2909.38,5770.19,72.09,32.53,1.08332
1741557600,2909.38,2918.32,2880.31,2889.27,5614.55,70.89,32.116,1.08344
1741644000,2889.27,2922.15,2880.375,2916.02,5572.08,71.45,32.942,1.091794
1741730400,2916.02,2940.61,2906.155,2933.74,5599.29,72.8,33.209,1.08889
1741816800,2933.74,2989.315,2933.06,2989.235,5521.53,71.62,33.87,1.08525
1741903200,2989.235,3004.91,2978.55,2984.685,5638.93,72.28,33.8245,1.087815
1742162400,2984.685,3001.94,2982.295,3000.835,5675.11,72.71,33.865,1.09216
1742248800,3000.835,3038.315,2999.555,3034.48,5614.65,72.21,34.0085,1.09446
1742335200,3034.48,3052.025,3022.905,3047.75,5675.3,72.42,33.804,1.09036
1742421600,3047.75,3057.485,3025.755,3044.85,5662.88,73.73,33.585,1.08516
1742508000,3044.85,3047.52,2999.555,3023.605,5667.57,73.79,33.0315,1.08152
1742767200,3023.605,3033.3,3002.48,3011.96,5767.56,74.88,33.017,1.080125
1742853600,3011.96,3035.915,3007.61,3019.935,5776.66,74.82,33.7345,1.07902
1742940000,3019.935,3032.11,3012.43,3019.625,5712.21,75.42,33.637,1.07542
1743026400,3019.625,3059.62,3017.725,3056.62,5693.32,75.48,34.412,1.080065
1743112800,3056.62,3086.9,3054.225,3084.775,5580.95,74.77,34.1275,1.08274
1743372000,3084.775,3127.94,3076.935,3123.77,5611.84,77.33,34.085,1.0816
1743458400,3123.77,3149.04,3100.96,3114.63,5633.06,77.08,33.691,1.07931
1743544800,3114.63,3143.725,3104.9,3134.19,5670.98,77.74,33.9085,1.085594
1743631200,3134.19,3167.855,3054.14,3114.71,5396.51,72.25,31.8565,1.10519
1743717600,3114.71,3136.695,3015.935,3038.22,5074.09,67.92,29.582,1.095929
1743976800,3038.22,3055.64,2956.79,2983.16,5062.24,65.98,30.0865,1.090574
1744063200,2983.16,3022.72,2974.835,2982.665,4982.78,63.34,29.8125,1.095725
1744149600,2982.665,3099.645,2970.175,3082.58,5456.89,67.58,31.024,1.09487
1744236000,3082.58,3176.53,3071.575,3175.585,5268.06,65.32,31.222,1.12004
1744322400,3175.585,3245.515,3175.585,3237.67,5363.35,66.46,32.3005,1.13587
1744581600,3237.67,3245.76,3193.765,3210.87,5405.96,66.66,32.3495,1.135045
1744668000,3210.87,3233.76,3210.205,3229.805,5396.62,66.48,32.317,1.128155
1744754400,3229.805,3343.235,3229.805,3343.18,5275.71,67.75,32.76,1.139955
1744840800,3343.18,3357.88,3283.91,3327.255,5282.69,69.48,32.5575,1.13644
1745186400,3327.255,3430.58,3327.255,3424.48,5158.19,68.62,32.6855,1.15143
1745272800,3424.48,3500.1,3366.81,3380.885,5287.77,69.37,32.5005,1.14221
1745359200,3380.885,3386.61,3260.275,3288.395,5375.85,68.05,33.576,1.13146
1745445600,3288.395,3367.455,3288.395,3349.195,5484.78,68.46,33.5835,1.13885
1745532000,3349.195,3370.735,3265.24,3319.59,5525.22,69.03,33.0955,1.13646
1745791200,3319.59,3353.14,3268.275,3343.81,5528.74,67.76,33.1665,1.14219
1745877600,3343.81,3348.65,3299.73,3317.43,5560.82,65.85,32.94,1.13859
1745964000,3317.43,3328.085,3267.185,3288.445,5569.07,63.56,32.616,1.13285
1746050400,3288.445,3290.46,3202.075,3238.925,5604.13,64.52,32.4145,1.12904
1746136800,3238.925,3269.315,3222.96,3240.395,5686.66,64.01,32.0125,1.12983
1746396000,3240.395,3337.705,3237.835,3334.065,5650.37,62.37,32.4865,1.13157
1746482400,3334.065,3435.015,3323.55,3431.45,5606.9,64.6,33.2185,1.13699
1746568800,3431.45,3433.81,3360.395,3364.625,5631.27,63.51,32.452,1.13015
1746655200,3364.625,3414.86,3288.85,3305.995,5663.95,65.6,32.4595,1.122915
1746741600,3305.995,3347.555,3274.835,3325.085,5659.9,66.61,32.7225,1.12481
1747000800,3325.085,3325.085,3207.89,3235.665,5844.2,67.6,32.604,1.10869
1747087200,3235.665,3265.56,3216.025,3250.225,5886.54,69.59,32.918,1.11862
1747173600,3250.225,3257.2,3168.095,3177.67,5892.57,68.73,32.2245,1.1175
1747260000,3177.67,3240.765,3120.985,3240.135,5916.92,67.59,32.638,1.11858
1747346400,3240.135,3252.175,3154.395,3203.47,5958.37,68.1,32.2895,1.11635
1747605600,3203.47,3249.86,3203.47,3229.975,5963.59,68.51,32.3545,1.12421
1747692000,3229.975,3295.82,3204.71,3289.98,5940.45,68.66,33.0895,1.12829
1747778400,3289.98,3324.895,3285.695,3315.385,5844.62,67.59,33.3785,1.13298
1747864800,3315.385,3345.455,3279.545,3295.06,5842,67.14,33.0565,1.12805
1747951200,3295.06,3365.96,3287.24,3357.63,5802.83,67.99,33.4835,1.13642
1748210400,3357.63,3357.63,3323.775,3342.345,5802.83,67.99,33.4815,1.13865
1748296800,3342.345,3350.015,3285.69,3300.885,5921.53,67.28,33.2645,1.13277
1748383200,3300.885,3325.595,3277.02,3287.79,5888.56,67.89,32.979,1.12912
1748469600,3287.79,3330.805,3245.59,3317.825,5912.18,67.19,33.321,1.13674
1748556000,3317.825,3322.73,3271.605,3289.24,5911.68,67.15,32.983,1.1348
1748815200,3289.24,3382.945,3289.24,3381.525,5935.95,69.55,34.7645,1.14427
1748901600,3381.525,3392.25,3333.26,3353.29,5970.36,69.89,34.526,1.137065
1748988000,3353.29,3384.72,3343.915,3372.22,5970.82,69.34,34.5,1.141854
1749074400,3372.22,3403.565,3339.695,3352.83,5939.29,69.93,35.6535,1.144455
1749160800,3352.83,3375.68,3307.21,3310.59,6000.37,71.38,35.9765,1.139549
1749420000,3310.59,3338.315,3293.77,3325.9,6005.89,72.05,36.758,1.142035
1749506400,3325.9,3349.22,3302.04,3323.06,6038.8,71.6,36.533,1.14245
1749592800,3323.06,3360.755,3315.615,3355.125,6022.25,74.82,36.2545,1.14876
1749679200,3355.125,3398.99,3338.77,3386.435,6045.25,75.05,36.35,1.158465
1749765600,3386.435,3446.9,3379.935,3432.5,5976.96,80.22,36.304,1.15501
1750024800,3432.5,3451.31,3382.965,3385.41,6033.12,78.59,36.321,1.156005
1750111200,3385.41,3403.38,3366.315,3388.235,5982.73,82.3,37.1245,1.1479
1750197600,3388.235,3400.08,3362.62,3369.435,5980.86,82.27,36.749,1.148085
1750284000,3369.435,3388,3347.655,3370.705,5980.86,82.27,36.395,1.149485
1750370400,3370.705,3374.585,3340.445,3368.52,5967.85,83.12,36.002,1.152194
1750629600,3368.52,3394.745,3347.13,3368.43,6025.16,76.41,36.099,1.15771
1750716000,3368.43,3370.15,3295.565,3323.795,6092.19,73,35.92,1.160935
1750802400,3323.795,3337.145,3312.065,3332.135,6092.15,73.31,36.2675,1.165895
1750888800,3332.135,3350.305,3310.06,3328.045,6141.01,73.59,36.658,1.17006
1750975200,3328.045,3328.045,3255.855,3274.235,6173.08,73.28,35.984,1.17209
1751234400,3274.235,3309.55,3247.865,3302.96,6204.94,73.11,36.111,1.1787
1751320800,3302.96,3358.005,3302.455,3338.51,6198.02,73.93,36.039,1.18056
1751407200,3338.51,3360.02,3327.705,3357.575,6227.41,75.59,36.5565,1.17981
1751493600,3357.575,3365.76,3311.745,3326.3,6279.36,75.19,36.842,1.17569
1751580000,3326.3,3345.135,3323.72,3337.22,6279.36,75.19,36.932,1.17752
1751839200,3337.22,3342.695,3296.525,3336.715,6229.99,76.48,36.7755,1.170795
1751925600,3336.715,3345.835,3287.27,3301.825,6225.51,76.96,36.7555,1.17252
1752012000,3301.825,3316.92,3282.73,3313.545,6263.25,76.93,36.3865,1.17205
1752098400,3313.545,3330.325,3310.195,3323.99,6280.47,75.39,37.0095,1.1701
1752184800,3323.99,3368.78,3321.865,3355.72,6259.74,77.29,38.3945,1.169
1752444000,3355.72,3375.01,3341.115,3343.565,6268.55,75.62,38.1385,1.16646
1752530400,3343.565,3366.4,3320.3,3324.375,6243.77,75.26,37.711,1.159985
1752616800,3324.375,3377.47,3319.77,3347.225,6263.71,75.19,37.91,1.16414
1752703200,3347.225,3352.315,3309.99,3339.23,6297.35,76.16,38.146,1.15963
1752789600,3339.23,3361.3,3331.915,3349.835,6296.78,75.93,38.167,1.162275
1753048800,3349.835,3401.605,3345.13,3396.93,6305.59,75.59,38.93,1.1696
1753135200,3396.93,3433.59,3383.355,3431.44,6309.63,75.35,39.294,1.17546
1753221600,3431.44,3438.94,3381.595,3387.51,6358.9,75.28,39.268,1.17725
1753308000,3387.51,3393.48,3351.5,3368.615,6363.36,76.09,39.065,1.17484
1753394400,3368.615,3373.62,3325.1,3337.615,6388.65,74.85,38.173,1.17408
1753653600,3337.615,3345.365,3301.935,3314.77,6389.76,77.17,38.168,1.15886
1753740000,3314.77,3334.195,3308.1,3326.505,6370.87,79.8,38.2105,1.154635
1753826400,3326.505,3334.09,3268.185,3275.605,6362.89,81.04,37.1345,1.14047
1753912800,3275.605,3314.895,3273.965,3289.835,6339.38,79.59,36.717,1.141485
1753999200,3289.835,3364.015,3281.64,3363.14,6238,77.46,37.036,1.15859
1754258400,3363.14,3385.43,3345.14,3373.71,6329.93,76.11,37.4105,1.157155
1754344800,3373.71,3390.51,3349.965,3380.635,6299.2,75.02,37.816,1.15747
1754431200,3380.635,3385.405,3358.34,3369.255,6345.05,73.79,37.838,1.165945
1754517600,3369.255,3401.905,3365.435,3397.13,6339.99,73.42,38.2775,1.16654
1754604000,3397.13,3409.1,3375.145,3398.125,6389.44,73.3,38.3545,1.1642
1754863200,3398.125,3405.255,3341.415,3342.545,6373.46,73.8,37.611,1.16155
1754949600,3342.545,3359.255,3331.14,3348.255,6445.75,72.95,37.916,1.167505
1755036000,3348.255,3370.85,3342.79,3355.76,6466.59,72.46,38.5085,1.170585
1755122400,3355.76,3374.875,3329.91,3335.325,6468.53,73.74,38.018,1.16485
1755208800,3335.325,3348.77,3332.325,3336.08,6449.79,72.8,38.0105,1.170365
1755468000,3336.08,3358.455,3323.64,3332.565,6449.16,73.17,38.026,1.16587
1755554400,3332.565,3345.365,3314.985,3315.835,6411.36,72.3,37.393,1.16471
1755640800,3315.835,3350.305,3311.575,3348.415,6395.79,73.52,37.904,1.16525
1755727200,3348.415,3352.125,3325.435,3338.83,6370.18,74.13,38.148,1.16053
1755813600,3338.83,3378.895,3321.51,3371.92,6466.92,74.64,38.89,1.17187
1756072800,3371.92,3376.31,3359.85,3365.945,6439.31,75.75,38.57,1.161855
1756159200,3365.945,3393.725,3351.415,3393.46,6465.95,74.05,38.6155,1.164285
1756245600,3393.46,3398.865,3373.91,3397.17,6481.41,74.68,38.605,1.1638
1756332000,3397.17,3423.315,3384.645,3416.705,6501.85,75.24,39.0495,1.16828
1756418400,3416.705,3454.13,3404.44,3448.265,6460.25,74.84,39.735,1.16874
1756677600,3448.265,3489.885,3437.17,3476.46,6460.25,74.84,40.723,1.17104
1756764000,3476.46,3540.11,3470.375,3533.27,6415.53,76.76,40.891,1.16406
1756850400,3533.27,3578.61,3526.465,3559.405,6448.27,74.83,41.214,1.16614
1756936800,3559.405,3564.26,3511.62,3545.875,6502.09,74.18,40.676,1.164825
1757023200,3545.875,3600.24,3540.22,3586.48,6481.51,72.63,41.0185,1.17174
1757282400,3586.48,3646.495,3579.72,3636.47,6495.16,73.04,41.35,1.17629
1757368800,3636.47,3674.8,3626.215,3626.385,6512.62,73.39,40.8725,1.170785
1757455200,3626.385,3657.645,3620.79,3640.585,6532.03,74.71,41.1625,1.16945
1757541600,3640.585,3649.205,3613.09,3633.96,6587.48,73,41.565,1.173255
1757628000,3633.96,3656.705,3630.63,3642.715,6584.28,73.31,42.189,1.173449
1757887200,3642.715,3685.67,3626.685,3679.21,6615.29,74.23,42.684,1.176155
1757973600,3679.21,3703.295,3674.815,3690.055,6606.77,75.67,42.5665,1.186625
1758060000,3690.055,3707.645,3646.275,3659.54,6600.36,74.97,41.666,1.18132
1758146400,3659.54,3673.055,3627.965,3644.29,6631.95,74.69,41.8205,1.17876
1758232800,3644.29,3685.345,3632.325,3685.045,6664.37,73.52,43.0855,1.17472
1758492000,3685.045,3748.935,3683.925,3746.275,6693.74,73.45,44.0645,1.180305
1758578400,3746.275,3791.125,3736.79,3764.29,6656.93,75.05,44.031,1.1815
1758664800,3764.29,3779.405,3717.56,3736.035,6637.98,76.39,43.911,1.173795
1758751200,3736.035,3761.66,3722.1,3749.385,6604.73,76.99,45.188,1.16662
1758837600,3749.385,3783.82,3734.58,3760.355,6643.71,77.02,46.0645,1.17025
1759096800,3760.355,3834.165,3760.355,3833.39,6661.2,74.59,46.918,1.172655
1759183200,3833.39,3871.775,3793.265,3859.01,6688.47,73.75,46.6575,1.173365
1759269600,3859.01,3895.335,3853.48,3865.665,6711.19,73.14,47.322,1.17305
1759356000,3865.62,3896.905,3819.52,3856.395,6715.36,71.54,46.9925,1.171555
1759442400,3856.395,3891.75,3838.22,3886.99,6715.78,71.71,47.996,1.1742
1759701600,3886.99,3970.03,3884.195,3960.94,6740.29,72.87,48.5225,1.171015
1759788000,3960.94,3991.1,3941.035,3984.97,6714.58,73.2,47.8395,1.165695
1759874400,3984.97,4059.355,3983.345,4041.055,6753.71,73.53,48.8925,1.162975
1759960800,4041.055,4057.975,3944.975,3976.845,6735.12,72.51,49.279,1.15645
1760047200,3976.845,4022.795,3947.025,4017.915,6552.52,69.39,50.019,1.16245
1760306400,4017.915,4116.975,4007.54,4110.135,6654.71,70.28,52.2645,1.15701
1760392800,4110.135,4179.755,4090.74,4142.065,6644.3,69,51.3955,1.16077
1760479200,4142.065,4218.235,4140.73,4207.63,6671.07,68.99,53.094,1.16474
1760565600,4207.63,4330.665,4199.665,4328.19,6629.08,67.81,54.2455,1.16874
1760652000,4328.19,4379.645,4186.88,4251.7,6664,67.98,51.891,1.16535
1760911200,4251.7,4381.725,4219.205,4356.41,6735.14,67.83,52.449,1.1642
1760997600,4356.41,4375.4,4080.62,4124.91,6735.34,68.27,48.705,1.159915
1761084000,4124.91,4161.385,4004.56,4098.19,6699.41,70.63,48.501,1.16119
1761170400,4098.19,4154.855,4066.24,4126.935,6738.43,73.29,48.913,1.16177
1761256800,4126.935,4144.39,4044.54,4112.53,6791.68,73.18,48.6195,1.16282
1761516000,4112.53,4112.53,3971.445,3981.5,6875.15,73.12,46.926,1.164565
1761602400,3981.5,4019.8,3886.635,3951.5,6890.88,71.39,47.054,1.165075
1761688800,3951.5,4030.15,3915.475,3930.44,6890.6,71.8,47.557,1.16011
1761775200,3930.44,4027.48,3915.38,4024.67,6822.35,71.71,48.9195,1.15643
1761861600,4024.67,4046.35,3972.585,4002.4,6840.19,72.56,48.6735,1.15374
1762124400,4002.4,4030.605,3962.625,4001.675,6851.98,72.74,48.085,1.152085
1762210800,4001.675,4005.855,3928.945,3932.04,6771.54,71.93,47.1535,1.14854
1762297200,3932.04,3990.5,3929.97,3980.11,6796.3,71.03,48.0145,1.149235
1762383600,3980.11,4019.63,3964.63,3977.19,6720.31,70.88,48.0275,1.154715
1762470000,3977.19,4027.435,3971.575,4000.565,6728.81,71.26,48.3425,1.15664
1762729200,4000.565,4116.625,3999.77,4115.6,6832.42,71.68,50.504,1.15561
1762815600,4115.6,4149.015,4097.25,4127.06,6846.62,72.72,51.2275,1.158235
1762902000,4127.06,4211.72,4098.925,4195.49,6850.93,69.79,53.27,1.15922
1762988400,4195.49,4245.125,4145.45,4171.715,6737.48,69.85,52.2805,1.16338
1763074800,4171.715,4211.525,4032.225,4083.555,6734.1,71.38,50.5505,1.16217
1763334000,4083.555,4106.904,4006.88,4045.18,6672.42,71.3,50.197,1.159115
1763420400,4045.18,4082.28,3998.035,4067.185,6617.33,72.5,50.6915,1.1581
1763506800,4067.185,4132.815,4055.72,4078.1,6642.15,70.88,51.36,1.153689
1763593200,4078.1,4110.165,4038.94,4077.27,6538.77,70.15,50.653,1.15285
1763679600,4077.27,4101.22,4022.565,4065.225,6602.98,69.3,50.0075,1.151514
1763938800,4065.225,4140.095,4040.245,4134.795,6705.11,70.42,51.366,1.15209
1764025200,4134.795,4159.515,4109.635,4129.984,6765.89,69.25,51.488,1.15702
1764111600,4129.984,4173.48,4129.845,4163.815,6812.6,70.04,53.357,1.159535
1764198000,4163.815,4168.815,4142.71,4157.265,6812.6,70.04,53.394,1.15959
1764284400,4157.265,4226.97,4146.46,4217.995,6849.08,71.07,56.4145,1.159954
1764543600,4217.995,4264.605,4205.735,4231.745,6812.62,71.06,57.9905,1.160995
1764630000,4231.745,4236.02,4163.72,4206.235,6829.38,70.2,58.4665,1.16234
1764716400,4206.235,4241.59,4194.56,4202.58,6849.71,70.66,58.4925,1.167015
1764802800,4202.58,4219.45,4175.06,4207.44,6857.13,71.39,57.13,1.164425
1764889200,4207.44,4259.4,4192.095,4197.585,6870.39,71.92,58.3245,1.16409
1765148400,4197.585,4218.965,4176.5,4190.18,6846.5,70.49,58.1505,1.1637
1765234800,4190.18,4221.295,4170.12,4207.675,6840.5,69.86,60.6725,1.16284
1765321200,4207.675,4238.715,4182.04,4228.265,6886.69,70.54,61.808,1.16952
1765407600,4228.265,4285.925,4204.435,4280.455,6901.01,69.25,63.5645,1.17395
1765494000,4280.455,4353.59,4257.88,4299.39,6827.42,68.81,61.9365,1.17405
1765753200,4299.39,4350.305,4285.275,4305.35,6816.52,67.89,64.089,1.175315
1765839600,4305.35,4335.145,4271.665,4302.57,6800.25,66.17,63.7515,1.174685
1765926000,4302.57,4349.17,4301.63,4338.37,6721.42,67.98,66.2195,1.17407
1766012400,4338.37,4374.66,4308.695,4332.72,6774.75,67.19,65.486,1.1722
1766098800,4332.72,4356.625,4309.385,4338.71,6834.49,68.03,67.1655,1.171074
1766358000,4338.71,4449.255,4338.05,4443.375,6878.48,69.73,69.0505,1.17601
1766444400,4443.375,4500.04,4430.5,4484.245,6909.78,70.3,71.4655,1.179465
1766530800,4484.245,4525.955,4448.485,4479.245,6932.04,70.2,71.838,1.17792
1766703600,4479.245,4550.04,4469.83,4533.42,6929.95,68.48,79.332,1.17721
1766962800,4533.42,4549.77,4302.57,4332.37,6905.73,69.61,72.131,1.17727
1767049200,4332.37,4404.365,4323.54,4339.095,6896.25,69.74,76.248,1.174805
1767135600,4339.095,4373.24,4274.225,4319.375,6845.49,69.16,71.6155,1.17458
1767308400,4319.375,4402.385,4310.085,4332.32,6858.48,68.96,72.8165,1.17208
1767567600,4332.32,4455.91,4332.32,4448.905,6902.04,70.22,76.607,1.172154
1767654000,4448.905,4497.42,4427.98,4494.785,6944.83,68.51,81.279,1.168895
1767740400,4494.785,4500.45,4423.565,4456.33,6920.92,67.79,78.202,1.167435
1767826800,4456.33,4479.715,4407.85,4477.86,6921.45,70.54,76.995,1.165965
1767913200,4477.86,4517.245,4453.01,4509.135,6966.29,70.78,79.909,1.163385
1768172400,4509.135,4630.255,4509.135,4597.925,6977.26,71.65,85.165,1.166715
1768258800,4597.925,4634.565,4569.49,4586.325,6963.75,73.48,86.943,1.164259
1768345200,4586.325,4643.025,4586.325,4627.35,6926.59,72.61,93.216,1.164445
1768431600,4627.35,4632.73,4581.325,4616.125,6944.46,71.13,92.4115,1.160834
1768518000,4616.125,4621.075,4536.735,4596.69,6940,71.65,90.153,1.159789
1768777200,4596.69,4690.795,4596.69,4670.99,6940,71.65,94.3385,1.164569
1768863600,4670.99,4766.28,4659.65,4763.54,6796.87,71.86,94.5945,1.17246
1768950000,4763.54,4888.46,4756.08,4831.535,6875.61,73.34,93.0775,1.168335
1769036400,4831.535,4940.835,4772.48,4935.755,6913.36,71.82,96.182,1.175414
1769122800,4935.755,4990.24,4899.905,4986.45,6915.62,73.95,103.2885,1.18302
1769382000,4986.45,5111.01,4986.45,5010.5,6950.22,73.48,103.868,1.18805
1769468400,5010.5,5190.57,5010.5,5178.33,6978.59,75.66,112.141,1.204195
1769554800,5178.33,5419.16,5157.42,5416.385,6978.02,76.62,116.791,1.195435
1769641200,5416.385,5598.13,5098.085,5378.245,6969.02,79.14,115.6585,1.197085
1769727600,5378.245,5451.015,4683.03,4894.33,6939.02,79.52,85.2245,1.184969
1769986800,4894.33,4894.33,4402.825,4660.625,6976.45,75.33,79.216,1.17908
1770073200,4660.625,4993.815,4660.625,4946.055,6917.82,77.47,85.0845,1.18201
1770159600,4946.055,5091.99,4852.115,4965.7,6882.71,77.88,88.197,1.180725
1770246000,4965.7,5023.88,4759.63,4778.055,6798.39,76.69,70.9775,1.177735
1770332400,4778.055,4971.53,4655.4,4964.3,6932.31,76.99,77.8665,1.18156
1770591600,4964.3,5086.7,4964.3,5058.68,6964.81,78.02,83.352,1.19138
1770678000,5058.68,5078.58,4987.675,5025.485,6941.82,78.03,80.815,1.18952
1770764400,5025.485,5119.21,5019.01,5084.175,6941.46,78.89,84.308,1.187185
1770850800,5084.175,5100.375,4878.72,4921.7,6832.77,76.38,75.253,1.187065
1770937200,4921.7,5046.14,4886.625,5042.215,6836.18,76.22,77.398,1.18687
1771196400,5042.215,5042.215,4964.84,4993.24,6836.18,76.22,76.6215,1.18505
1771282800,4993.24,5000.825,4841.43,4878.63,6843.21,75.73,73.5405,1.185435
1771369200,4878.63,5011.035,4854.25,4976.25,6881.32,79.4,77.2155,1.17832
1771455600,4976.25,5022.375,4960.54,4996.615,6861.88,81.19,78.548,1.17717
1771542000,4996.615,5042.655,4982.02,5030.915,6861.88,81.19,80.581,1.176615